Event Name,Date,Time,Venue/Location,Ticket Price (USD),Category,Source URL,Description,All Sources,Listings Merged,Island Match,Lat,Lng
AI Animation Studio: Create Kids' Cartoons,2026-10-08,6:00 PM - 8:00 PM,,,Fair / Popup,https://www.eventbrite.com/e/ai-animation-studio-create-kids-cartoons-tickets-2002298982156,,eventbrite: https://www.eventbrite.com/e/ai-animation-studio-create-kids-cartoons-tickets-2002298982156,1,Atlanta,33.749,-84.388
Adrian Uribe,2026-10-08,8:00 PM,"Tabernacle Presented by iTHINK Financial, Atlanta",,Comedy,https://seatgeek.com/adrian-uribe-tickets/comedy/2026-10-08-8-pm/18404869,,seatgeek: https://seatgeek.com/adrian-uribe-tickets/comedy/2026-10-08-8-pm/18404869,1,Atlanta,33.7589,-84.3914
Adrian Uribe: 50 y Pico Tour,2026-10-08,8:00 PM,"Tabernacle Presented by iTHINK Financial, Atlanta",,Concert / Live Music,https://www.ticketmaster.com/adrian-uribe-50-y-pico-tour-atlanta-georgia-10-08-2026/event/0E0064F5C31CDC9D,"This is a fully reserved seating performance. All ages welcome. Box Office Open at 6pm. Doors at 7pm. Show at 8pm. Please be aware our balconies are not ADA accessible. All accommodations are located on the main floor level. There is no elevator in the building. Please ask event staff for any ADA assistance upon arrival. Guests who have purchased ADA tickets may request assistance from event staff upon arrival. If all ADA accommodations are sold out, please email the venue at tabernacle@livenation.com.",ticketmaster: https://www.ticketmaster.com/adrian-uribe-50-y-pico-tour-atlanta-georgia-10-08-2026/event/0E0064F5C31CDC9D,1,Atlanta,33.758688,-84.391449
Atlanta Symphony Orchestra: Brahms & Wagner,2026-10-08,8:00 PM,"Atlanta Symphony Hall at Woodruff Arts Center, Atlanta",,Arts & Theatre,https://seatgeek.com/atlanta-symphony-orchestra-tickets/classical/2026-10-08-8-pm/18171966,,seatgeek: https://seatgeek.com/atlanta-symphony-orchestra-tickets/classical/2026-10-08-8-pm/18171966,1,Atlanta,33.7893,-84.3847
Bayway,2026-10-08,6:00 PM,"The Masquerade - Altar, Atlanta",,Food & Drink,https://www.ticketmaster.com/bayway-atlanta-georgia-10-08-2026/event/0E00650AD956D93C,"We look forward to hosting you at The Masquerade! Doors are at 6:00 PM. The Masquerade is now proud to be serving food. Check our socials for the food window's schedule, pinned at the top of the feed. For more info and our FAQ, visit MASQ.com",ticketmaster: https://www.ticketmaster.com/bayway-atlanta-georgia-10-08-2026/event/0E00650AD956D93C | seatgeek: https://seatgeek.com/bayway-tickets/atlanta-georgia-the-masquerade-altar-2026-10-08-6-pm/concert/18490540,2,Atlanta,33.75202,-84.38945
Celtic Thunder,2026-10-08,8:00 PM,"Buckhead Theatre, Atlanta",,Concert / Live Music,https://www.ticketmaster.com/celtic-thunder-atlanta-georgia-10-08-2026/event/0E00644BA11E6411,"All ages welcome. Doors at 7:00 PM. Show at 8:00 PM. Main floor is reserved seating. Balcony is reserved seating,",ticketmaster: https://www.ticketmaster.com/celtic-thunder-atlanta-georgia-10-08-2026/event/0E00644BA11E6411 | seatgeek: https://seatgeek.com/celtic-thunder-tickets/atlanta-georgia-buckhead-theatre-2026-10-08-8-pm/concert/18111832,2,Atlanta,33.8402272,-84.3795437
Cortex,2026-10-08,7:00 PM,"The Goat Farm, Atlanta",,Concert / Live Music,https://seatgeek.com/cortex-tickets/atlanta-georgia-the-goat-farm-2026-10-08-7-pm/concert/18563551,,seatgeek: https://seatgeek.com/cortex-tickets/atlanta-georgia-the-goat-farm-2026-10-08-7-pm/concert/18563551,1,Atlanta,33.7869,-84.4141
Deceits,2026-10-08,7:00 PM,"The Masquerade - Purgatory, Atlanta",,Food & Drink,https://www.ticketmaster.com/deceits-atlanta-georgia-10-08-2026/event/0E00650E92587AFB,"We look forward to hosting you at The Masquerade! Doors are at 7:00 PM. The Masquerade is now proud to be serving food. Check our socials for the food window's schedule, pinned at the top of the feed. For more info and our FAQ, visit MASQ.com",ticketmaster: https://www.ticketmaster.com/deceits-atlanta-georgia-10-08-2026/event/0E00650E92587AFB,1,Atlanta,33.75184,-84.389887
Deceits with PROM,2026-10-08,7:00 PM,"The Masquerade - Purgatory, Atlanta",,Concert / Live Music,https://seatgeek.com/deceits-tickets/atlanta-georgia-the-masquerade-purgatory-2026-10-08-7-pm/concert/18500633,,seatgeek: https://seatgeek.com/deceits-tickets/atlanta-georgia-the-masquerade-purgatory-2026-10-08-7-pm/concert/18500633,1,Atlanta,33.7515,-84.3899
Dizgo,2026-10-08,8:00 PM,"Terminal West, Atlanta",,Concert / Live Music,https://www.ticketmaster.com/event/Z7r9jZ1A70kAV,,ticketmaster: https://www.ticketmaster.com/event/Z7r9jZ1A70kAV | seatgeek: https://seatgeek.com/dizgo-tickets/atlanta-georgia-terminal-west-2026-10-08-8-pm/concert/18211804,2,Atlanta,33.791901,-84.446404
Elle Varner,2026-10-08,8:00 PM,"City Winery - Atlanta, Atlanta",,Concert / Live Music,https://seatgeek.com/elle-varner-tickets/atlanta-georgia-city-winery-atlanta-2026-10-08-8-pm/concert/18563628,,seatgeek: https://seatgeek.com/elle-varner-tickets/atlanta-georgia-city-winery-atlanta-2026-10-08-8-pm/concert/18563628,1,Atlanta,33.6651,-84.4107
Fados Fall Networking Event,2026-10-08,5:00 PM - 7:30 PM,"Fado Irish Pub, 273 Buckhead Avenue Northeast, Atlanta, GA 30305",,Business / Networking,https://www.eventbrite.com/e/fados-fall-networking-event-tickets-1999439437180,"Join YRP of Atlanta for drinks, food, and meaningful connections at Fadó Irish Pub and Restaurant",eventbrite: https://www.eventbrite.com/e/fados-fall-networking-event-tickets-1999439437180,1,Atlanta,33.749,-84.388
Gavin Adcock,2026-10-08,7:00 PM,"The Eastern-GA, Atlanta",,Concert / Live Music,https://www.ticketmaster.com/event/Z7r9jZ1AAvM1a,,ticketmaster: https://www.ticketmaster.com/event/Z7r9jZ1AAvM1a | seatgeek: https://seatgeek.com/gavin-adcock-tickets/atlanta-georgia-the-eastern-atlanta-2026-10-08-7-pm/concert/18606826,2,Atlanta,33.7136,-84.332802
Graham Barham,2026-10-08,8:00 PM,"The Loft, Atlanta",,Concert / Live Music,https://www.ticketmaster.com/graham-barham-atlanta-georgia-10-08-2026/event/0E0064CCE8FAC2E9,"Rival presents: Graham Barham Club Country Tour October 8, 2026 | LOFT | General Admission | All Ages The price you see is the price you pay! All fees are included in the price you see on Ticketmaster (excluding taxes). For ADA Accommodations, email info@rivalentertainment.com. For parking information and an FAQ, visit us at centerstage-atlanta.com.",ticketmaster: https://www.ticketmaster.com/graham-barham-atlanta-georgia-10-08-2026/event/0E0064CCE8FAC2E9 | seatgeek: https://seatgeek.com/graham-barham-tickets/atlanta-georgia-the-loft-at-center-stage-2026-10-08-8-pm/concert/18318791,2,Atlanta,33.7918926,-84.3877907
Holiday Portraits: Capture the Magic at Selfie Paradise Museum,2026-10-08,12:00 PM,"Selfie Paradise Museum, Douglasville",,General,https://www.universe.com/events/holiday-portraits-capture-the-magic-at-selfie-paradise-museum-tickets-6HVT5N?ref=ticketmaster,,ticketmaster: https://www.universe.com/events/holiday-portraits-capture-the-magic-at-selfie-paradise-museum-tickets-6HVT5N?ref=ticketmaster | ticketmaster: https://www.universe.com/events/holiday-portraits-capture-the-magic-at-selfie-paradise-museum-tickets-6HVT5N?ref=ticketmaster | ticketmaster: https://www.universe.com/events/holiday-portraits-capture-the-magic-at-selfie-paradise-museum-tickets-6HVT5N?ref=ticketmaster | ticketmaster: https://www.universe.com/events/holiday-portraits-capture-the-magic-at-selfie-paradise-museum-tickets-6HVT5N?ref=ticketmaster | ticketmaster: https://www.universe.com/events/holiday-portraits-capture-the-magic-at-selfie-paradise-museum-tickets-6HVT5N?ref=ticketmaster | ticketmaster: https://www.universe.com/events/holiday-portraits-capture-the-magic-at-selfie-paradise-museum-tickets-6HVT5N?ref=ticketmaster | ticketmaster: https://www.universe.com/events/holiday-portraits-capture-the-magic-at-selfie-paradise-museum-tickets-6HVT5N?ref=ticketmaster | ticketmaster: https://www.universe.com/events/holiday-portraits-capture-the-magic-at-selfie-paradise-museum-tickets-6HVT5N?ref=ticketmaster | ticketmaster: https://www.universe.com/events/holiday-portraits-capture-the-magic-at-selfie-paradise-museum-tickets-6HVT5N?ref=ticketmaster | ticketmaster: https://www.universe.com/events/holiday-portraits-capture-the-magic-at-selfie-paradise-museum-tickets-6HVT5N?ref=ticketmaster | ticketmaster: https://www.universe.com/events/holiday-portraits-capture-the-magic-at-selfie-paradise-museum-tickets-6HVT5N?ref=ticketmaster | ticketmaster: https://www.universe.com/events/holiday-portraits-capture-the-magic-at-selfie-paradise-museum-tickets-6HVT5N?ref=ticketmaster | ticketmaster: https://www.universe.com/events/holiday-portraits-capture-the-magic-at-selfie-paradise-museum-tickets-6HVT5N?ref=ticketmaster | ticketmaster: https://www.universe.com/events/holiday-portraits-capture-the-magic-at-selfie-paradise-museum-tickets-6HVT5N?ref=ticketmaster | ticketmaster: https://www.universe.com/events/holiday-portraits-capture-the-magic-at-selfie-paradise-museum-tickets-6HVT5N?ref=ticketmaster | ticketmaster: https://www.universe.com/events/holiday-portraits-capture-the-magic-at-selfie-paradise-museum-tickets-6HVT5N?ref=ticketmaster | ticketmaster: https://www.universe.com/events/holiday-portraits-capture-the-magic-at-selfie-paradise-museum-tickets-6HVT5N?ref=ticketmaster | ticketmaster: https://www.universe.com/events/holiday-portraits-capture-the-magic-at-selfie-paradise-museum-tickets-6HVT5N?ref=ticketmaster | ticketmaster: https://www.universe.com/events/holiday-portraits-capture-the-magic-at-selfie-paradise-museum-tickets-6HVT5N?ref=ticketmaster | ticketmaster: https://www.universe.com/events/holiday-portraits-capture-the-magic-at-selfie-paradise-museum-tickets-6HVT5N?ref=ticketmaster | ticketmaster: https://www.universe.com/events/holiday-portraits-capture-the-magic-at-selfie-paradise-museum-tickets-6HVT5N?ref=ticketmaster,21,Atlanta,33.728206,-84.743421
Jonas Brothers with Magnus Ferrell and Deleasa,2026-10-08,7:30 PM,"State Farm Arena, Atlanta",,Concert / Live Music,https://seatgeek.com/jonas-brothers-tickets/atlanta-georgia-state-farm-arena-1-2026-10-08-7-30-pm/concert/18503871,,seatgeek: https://seatgeek.com/jonas-brothers-tickets/atlanta-georgia-state-farm-arena-1-2026-10-08-7-30-pm/concert/18503871,1,Atlanta,33.7566,-84.3969
Jonas Brothers: The Burning Up Tour All Over Again,2026-10-08,7:30 PM,"State Farm Arena, Atlanta",,Concert / Live Music,https://www.ticketmaster.com/jonas-brothers-the-burning-up-tour-atlanta-georgia-10-08-2026/event/0E00650DA7638C1A,,ticketmaster: https://www.ticketmaster.com/jonas-brothers-the-burning-up-tour-atlanta-georgia-10-08-2026/event/0E00650DA7638C1A,1,Atlanta,33.757796,-84.394569
Katie Boyle,2026-10-08,7:30 PM,"Atlanta Comedy Theater, Norcross",,Comedy,https://seatgeek.com/katie-boyle-tickets/comedy/2026-10-08-7-30-pm/18309279,,seatgeek: https://seatgeek.com/katie-boyle-tickets/comedy/2026-10-08-7-30-pm/18309279,1,Atlanta,33.8855,-84.1923
Kyle Gordon,2026-10-08,8:00 PM,"Vinyl, Atlanta",,Comedy,https://www.ticketmaster.com/kyle-gordon-atlanta-georgia-10-08-2026/event/0E0064BAC822D4D1,"Rival presents: Kyle Gordon October 8, 2026 | VINYL | General Admission | All Ages The price you see is the price you pay! All fees are included in the price you see on Ticketmaster (excluding taxes). For ADA Accommodations, email info@rivalentertainment.com. For parking information and an FAQ, visit us at centerstage-atlanta.com.",ticketmaster: https://www.ticketmaster.com/kyle-gordon-atlanta-georgia-10-08-2026/event/0E0064BAC822D4D1 | seatgeek: https://seatgeek.com/kyle-gordon-tickets/comedy/2026-10-08-8-pm/18281468,2,Atlanta,33.7918926,-84.3877907
Like Father,2026-10-08,7:30 PM,"Alliance Theatre, Atlanta",,General,https://www.ticketmaster.com/event/Z7r9jZ1A70M_O,,ticketmaster: https://www.ticketmaster.com/event/Z7r9jZ1A70M_O,1,Atlanta,33.797401,-84.386803
Like Father - Atlanta,2026-10-08,7:30 PM,"Hertz Stage at Alliance Theatre, Atlanta",,Arts & Theatre,https://seatgeek.com/like-father-1-tickets/theater/2026-10-08-7-30-pm/18275287,,seatgeek: https://seatgeek.com/like-father-1-tickets/theater/2026-10-08-7-30-pm/18275287,1,Atlanta,33.7896,-84.3844
MEXODUS - Atlanta,2026-10-08,7:30 PM,"Coca-Cola Stage at Alliance Theatre, Atlanta",,Arts & Theatre,https://seatgeek.com/mexodus-tickets/theater/2026-10-08-7-30-pm/18271263,,seatgeek: https://seatgeek.com/mexodus-tickets/theater/2026-10-08-7-30-pm/18271263,1,Atlanta,33.7901,-84.3855
Maddy Kelly,2026-10-08,7:30 PM,"Helium Comedy Club - Atlanta, Alpharetta",,Comedy,https://seatgeek.com/maddy-kelly-tickets/comedy/2026-10-08-7-30-pm/18453296,,seatgeek: https://seatgeek.com/maddy-kelly-tickets/comedy/2026-10-08-7-30-pm/18453296,1,Atlanta,34.0754,-84.2941
Mexodus,2026-10-08,7:30 PM,"Alliance Theatre - Coca-Cola Stage, Atlanta",,Arts & Theatre,https://www.ticketmaster.com/event/Z7r9jZ1A70y0K,,ticketmaster: https://www.ticketmaster.com/event/Z7r9jZ1A70y0K,1,Atlanta,33.797401,-84.386803
Mike Feeney,2026-10-08,8:00 PM,"Helium Comedy Club - Atlanta, Alpharetta",,Comedy,https://seatgeek.com/mike-feeney-tickets/comedy/2026-10-08-8-pm/18453336,,seatgeek: https://seatgeek.com/mike-feeney-tickets/comedy/2026-10-08-8-pm/18453336,1,Atlanta,34.0754,-84.2941
Property Rites,2026-10-08,7:00 PM,"Vincent Murray Auditorium, Atlanta",$11.05 - $16.20,General,https://www.ticketweb.com/event/property-rites-vincent-murray-auditorium-tickets/15007873,Vincent Murray Auditorium. Doors open 45 minutes before the performance begins.,ticketmaster: https://www.ticketweb.com/event/property-rites-vincent-murray-auditorium-tickets/15007873,1,Atlanta,33.780927313605,-84.3709741306
Public Image Ltd.,2026-10-08,8:00 PM,"Variety Playhouse, Atlanta",,Concert / Live Music,https://www.ticketmaster.com/event/Z7r9jZ1A7-zvs,,ticketmaster: https://www.ticketmaster.com/event/Z7r9jZ1A7-zvs | seatgeek: https://seatgeek.com/public-image-ltd-tickets/atlanta-georgia-variety-playhouse-2026-10-08-8-pm/concert/18150417,2,Atlanta,33.770199,-84.334602
Robbie Fulks,2026-10-08,8:00 PM,"Red Clay Music Foundry, Duluth",,Concert / Live Music,https://seatgeek.com/robbie-fulks-tickets/duluth-georgia-red-clay-music-foundry-2026-10-08-8-pm/concert/18528434,,seatgeek: https://seatgeek.com/robbie-fulks-tickets/duluth-georgia-red-clay-music-foundry-2026-10-08-8-pm/concert/18528434,1,Atlanta,34.002457,-84.145
SanLuis,2026-10-08,8:30 PM,"Roswell Cultural Arts Center, Roswell",,Concert / Live Music,https://seatgeek.com/sanluis-tickets/roswell-georgia-roswell-cultural-arts-center-2026-10-08-8-30-pm/concert/18563523,,seatgeek: https://seatgeek.com/sanluis-tickets/roswell-georgia-roswell-cultural-arts-center-2026-10-08-8-30-pm/concert/18563523,1,Atlanta,34.0236,-84.358
The Christmas Carnival at Selfie Paradise Museum,2026-10-08,1:00 PM,"Selfie Paradise Museum, Douglasville",,Festival,https://www.universe.com/events/the-christmas-carnival-at-selfie-paradise-museum-tickets-7PQG9Y?ref=ticketmaster,,ticketmaster: https://www.universe.com/events/the-christmas-carnival-at-selfie-paradise-museum-tickets-7PQG9Y?ref=ticketmaster | ticketmaster: https://www.universe.com/events/the-christmas-carnival-at-selfie-paradise-museum-tickets-7PQG9Y?ref=ticketmaster | ticketmaster: https://www.universe.com/events/the-christmas-carnival-at-selfie-paradise-museum-tickets-7PQG9Y?ref=ticketmaster | ticketmaster: https://www.universe.com/events/the-christmas-carnival-at-selfie-paradise-museum-tickets-7PQG9Y?ref=ticketmaster | ticketmaster: https://www.universe.com/events/the-christmas-carnival-at-selfie-paradise-museum-tickets-7PQG9Y?ref=ticketmaster | ticketmaster: https://www.universe.com/events/the-christmas-carnival-at-selfie-paradise-museum-tickets-7PQG9Y?ref=ticketmaster,6,Atlanta,33.728206,-84.743421
Tours: Truist Park,2026-10-08,2:00 PM,"Truist Park, Atlanta",,Concert / Live Music,https://www.ticketmaster.com/tours-truist-park-atlanta-georgia-10-08-2026/event/0E00651194A9610B,"Tours begin based on the following schedule: In-Season (April-September/Playoffs) Monday - Saturday : 10:00am, 11:00am, Noon, 1:00pm, 2:00pm Sundays: 1:00pm, 3:00pm Off-Season (Oct-Mar) Mon-Sat: 10:00am, 12:00pm, 2:00pm Tours are 90 minutes in length. No Tours are given if a day game is being played. Please be sure to not only select the correct number and types of tickets, but also the time you want to attend.",ticketmaster: https://www.ticketmaster.com/tours-truist-park-atlanta-georgia-10-08-2026/event/0E00651194A9610B,1,Atlanta,33.890304,-84.468127
Wagner + Brahms,2026-10-08,8:00 PM,"Atlanta Symphony Hall, Atlanta",,Concert / Live Music,https://www.ticketmaster.com/wagner-brahms-atlanta-georgia-10-08-2026/event/0E0064CBD5B848DD,"Music Director Nathalie Stutzmann tees up a season-long homage to the spirited delights of Johannes Brahms. Starting with an audience favorite, the Atlanta Symphony Orchestra welcomes the young violin hotshot Johan Dalene, a ""tantalizing talent,"" for Brahms's feverishly impassioned Violin Concerto. After intermission, the Orchestra roars back to life with Brahms's thundering Symphony No. 1. Maestro Stutzmann opens the program with a pyrotechnic classic, the Overture to Handel's Music for the Royal Fireworks.",ticketmaster: https://www.ticketmaster.com/wagner-brahms-atlanta-georgia-10-08-2026/event/0E0064CBD5B848DD,1,Atlanta,33.790098,-84.385493
Weatherday,2026-10-08,8:00 PM,"Aisle 5, Atlanta",,Concert / Live Music,https://seatgeek.com/weatherday-tickets/atlanta-georgia-aisle-5-2026-10-08-8-pm/concert/18563518,,seatgeek: https://seatgeek.com/weatherday-tickets/atlanta-georgia-aisle-5-2026-10-08-8-pm/concert/18563518,1,Atlanta,33.7643,-84.3502
Will Dempsey,2026-10-08,8:00 PM,"Smiths Olde Bar, Atlanta",,Concert / Live Music,https://seatgeek.com/will-dempsey-tickets/atlanta-georgia-smiths-olde-bar-3-2026-10-08-8-pm/concert/18563705,,seatgeek: https://seatgeek.com/will-dempsey-tickets/atlanta-georgia-smiths-olde-bar-3-2026-10-08-8-pm/concert/18563705,1,Atlanta,33.7976,-84.3688
Write Club Atlanta: Let's Get Freakin' Autumnal,2026-10-08,8:00 PM - 10:00 PM,"Argosy, 470 Flat Shoals Avenue Southeast, Atlanta, GA 30316",,Concert / Live Music,https://www.eventbrite.com/e/write-club-atlanta-lets-get-freakin-autumnal-tickets-2002218006957,,eventbrite: https://www.eventbrite.com/e/write-club-atlanta-lets-get-freakin-autumnal-tickets-2002218006957,1,Atlanta,33.749,-84.388
2026 Atlanta Mentorship Breakfast,2026-10-09,9:00 AM - 3:00 PM,"InterContinental Buckhead Atlanta by IHG, 3315 Peachtree Road Northeast, Atlanta, GA 30326",,Arts & Theatre,https://www.eventbrite.com/e/2026-atlanta-mentorship-breakfast-tickets-1998250773856,Kickstart your day with inspiring talks and networking at the 2026 Atlanta Mentorship Breakfast!,eventbrite: https://www.eventbrite.com/e/2026-atlanta-mentorship-breakfast-tickets-1998250773856,1,Atlanta,33.749,-84.388
@TOOKDEEN_ PRESENTS: BOSTON RICHEY LIVE,2026-10-09,9:00 PM - 3:00 AM,"Bamboo atlanta, 183 Forsyth Street Southwest, Atlanta, GA 30303",,Concert / Live Music,https://www.eventbrite.com/e/tookdeen-presents-boston-richey-live-tickets-2002948400584,,eventbrite: https://www.eventbrite.com/e/tookdeen-presents-boston-richey-live-tickets-2002948400584,1,Atlanta,33.749,-84.388
Adele Givens,2026-10-09,7:00 PM,"Helium Comedy Club - Atlanta, Alpharetta",,Comedy,https://seatgeek.com/adele-givens-tickets/comedy/2026-10-09-7-pm/18567440,,seatgeek: https://seatgeek.com/adele-givens-tickets/comedy/2026-10-09-7-pm/18567440 | seatgeek: https://seatgeek.com/adele-givens-tickets/comedy/2026-10-09-9-15-pm/18567437,2,Atlanta,34.0754,-84.2941
BALTHVS,2026-10-09,8:00 PM,"Aisle 5, Atlanta",,Concert / Live Music,https://www.eventim.us/event/tickets/693571,,ticketmaster: https://www.eventim.us/event/tickets/693571 | ticketmaster: https://www.ticketmaster.com/event/Z7r9jZ1A7P__U | seatgeek: https://seatgeek.com/balthvs-tickets/atlanta-georgia-aisle-5-2026-10-09-8-pm/concert/18311933,3,Atlanta,33.764272,-84.350224
BAMBOO ATL FRIDAY [FREE ENTRY W/ RSVP],2026-10-09,9:00 PM - 4:00 AM,"Bamboo atlanta, 183 Forsyth Street Southwest, Atlanta, GA 30303",,Nightlife / Party,https://www.eventbrite.com/e/bamboo-atl-friday-free-entry-w-rsvp-tickets-2001707035628,,eventbrite: https://www.eventbrite.com/e/bamboo-atl-friday-free-entry-w-rsvp-tickets-2001707035628,1,Atlanta,33.749,-84.388
Bethel Music,2026-10-09,7:00 PM,"Buckhead Theatre, Atlanta",,Concert / Live Music,https://seatgeek.com/bethel-music-tickets/atlanta-georgia-buckhead-theatre-2026-10-09-7-pm/concert/17958682,,seatgeek: https://seatgeek.com/bethel-music-tickets/atlanta-georgia-buckhead-theatre-2026-10-09-7-pm/concert/17958682,1,Atlanta,33.8403,-84.3797
Bethel Music 2026 Tour,2026-10-09,7:00 PM,"Buckhead Theatre, Atlanta",,Concert / Live Music,https://www.ticketmaster.com/bethel-music-2026-tour-atlanta-georgia-10-09-2026/event/0E006389C3829338,All ages welcome. Doors at 6:00 PM. Show at 7:00 PM. Main floor is general admission standing. Balcony is reserved seating. GA floor has a pit area with limited capacity. GA ticketholders who arrive after the pit is full will be directed to other open areas on the floor.,ticketmaster: https://www.ticketmaster.com/bethel-music-2026-tour-atlanta-georgia-10-09-2026/event/0E006389C3829338,1,Atlanta,33.8402272,-84.3795437
Brian Fallon,2026-10-09,8:00 PM,"The Loft, Atlanta",,Concert / Live Music,https://www.ticketmaster.com/brian-fallon-atlanta-georgia-10-09-2026/event/0E0064CC98E1B2B8,"Zero Mile/ AEG presents: Brian Fallon October 9, 2026 | LOFT | General Admission | All Ages The price you see is the price you pay! All fees are included in the price you see on Ticketmaster (excluding taxes). For ADA Accommodations, email info@rivalentertainment.com. For parking information and an FAQ, visit us at centerstage-atlanta.com.",ticketmaster: https://www.ticketmaster.com/brian-fallon-atlanta-georgia-10-09-2026/event/0E0064CC98E1B2B8,1,Atlanta,33.7918926,-84.3877907
Brian Fallon & The Painkillers with Tim Barry,2026-10-09,8:00 PM,"The Loft at Center Stage, Atlanta",,Concert / Live Music,https://seatgeek.com/brian-fallon-tickets/atlanta-georgia-the-loft-at-center-stage-2026-10-09-8-pm/concert/18320112,,seatgeek: https://seatgeek.com/brian-fallon-tickets/atlanta-georgia-the-loft-at-center-stage-2026-10-09-8-pm/concert/18320112,1,Atlanta,33.792,-84.3879
Come in the Room: The Live Experience,2026-10-09,7:30 PM - 10:00 PM,"7 Stages Theatre, 1105 Euclid Avenue Northeast, Atlanta, GA 30307",,Concert / Live Music,https://www.eventbrite.com/e/come-in-the-room-the-live-experience-tickets-1999947887970,,eventbrite: https://www.eventbrite.com/e/come-in-the-room-the-live-experience-tickets-1999947887970,1,Atlanta,33.749,-84.388
Corey Holcomb,2026-10-09,7:00 PM,"Atlanta Comedy Theater, Norcross",,Comedy,https://seatgeek.com/corey-holcomb-tickets/comedy/2026-10-09-7-pm/18563651,,seatgeek: https://seatgeek.com/corey-holcomb-tickets/comedy/2026-10-09-7-pm/18563651 | seatgeek: https://seatgeek.com/corey-holcomb-tickets/comedy/2026-10-09-10-pm/18563652,2,Atlanta,33.8855,-84.1923
Craig Ferguson,2026-10-09,7:00 PM,"Helium Comedy Club - Atlanta, Alpharetta",,Comedy,https://seatgeek.com/craig-ferguson-tickets/comedy/2026-10-09-7-pm/18562860,,seatgeek: https://seatgeek.com/craig-ferguson-tickets/comedy/2026-10-09-7-pm/18562860 | seatgeek: https://seatgeek.com/craig-ferguson-tickets/comedy/2026-10-09-9-15-pm/18562862,2,Atlanta,34.0754,-84.2941
Dale Watson,2026-10-09,7:00 PM,"Eddie's Attic, Decatur",,Concert / Live Music,https://www.ticketmaster.com/event/Z7r9jZ1A7PY44,,ticketmaster: https://www.ticketmaster.com/event/Z7r9jZ1A7PY44 | seatgeek: https://seatgeek.com/dale-watson-tickets/decatur-georgia-eddie-s-attic-decatur-2026-10-09-7-pm/concert/18331683,2,Atlanta,33.7715,-84.292397
Dale Watson & His Lone Stars,2026-10-09,7:00 PM,"Eddie's Attic, Decatur",,Concert / Live Music,https://link.dice.fm/ubc1e3b6d8b5,,ticketmaster: https://link.dice.fm/ubc1e3b6d8b5,1,Atlanta,33.773975,-84.296271
Don Lemon & DL Hughley,2026-10-09,7:30 PM,"Atlanta Symphony Hall at Woodruff Arts Center, Atlanta",,Comedy,https://seatgeek.com/dl-hughley-tickets/comedy/2026-10-09-7-30-pm/18338898,,seatgeek: https://seatgeek.com/dl-hughley-tickets/comedy/2026-10-09-7-30-pm/18338898,1,Atlanta,33.7893,-84.3847
Don Lemon & DL Hughley: DL + DL 'Anything Goes',2026-10-09,7:30 PM,"Atlanta Symphony Hall, Atlanta",,Comedy,https://www.ticketmaster.com/don-lemon-dl-hughley-dl-dl-atlanta-georgia-10-09-2026/event/0E0064D8F041455F,,ticketmaster: https://www.ticketmaster.com/don-lemon-dl-hughley-dl-dl-atlanta-georgia-10-09-2026/event/0E0064D8F041455F,1,Atlanta,33.790098,-84.385493
Ella Boh,2026-10-09,7:00 PM,"The Masquerade - Purgatory, Atlanta",,Concert / Live Music,https://seatgeek.com/ella-boh-tickets/atlanta-georgia-the-masquerade-purgatory-2026-10-09-7-pm/concert/18534346,,seatgeek: https://seatgeek.com/ella-boh-tickets/atlanta-georgia-the-masquerade-purgatory-2026-10-09-7-pm/concert/18534346,1,Atlanta,33.7515,-84.3899
Ella Boh - Blurry Tour,2026-10-09,7:00 PM,"The Masquerade - Purgatory, Atlanta",,Concert / Live Music,https://www.ticketmaster.com/ella-boh-blurry-tour-atlanta-georgia-10-09-2026/event/0E0064F5D00EF19B,"We look forward to hosting you at The Masquerade! Doors are at 7:00 PM. The Masquerade is now proud to be serving food. Check our socials for the food window's schedule, pinned at the top of the feed. For more info and our FAQ, visit MASQ.com",ticketmaster: https://www.ticketmaster.com/ella-boh-blurry-tour-atlanta-georgia-10-09-2026/event/0E0064F5D00EF19B,1,Atlanta,33.75184,-84.389887
Elle Varner,2026-10-09,6:00 PM,"City Winery - Atlanta, Atlanta",,Concert / Live Music,https://seatgeek.com/elle-varner-tickets/atlanta-georgia-city-winery-atlanta-2026-10-09-6-pm/concert/18563630,,seatgeek: https://seatgeek.com/elle-varner-tickets/atlanta-georgia-city-winery-atlanta-2026-10-09-6-pm/concert/18563630 | seatgeek: https://seatgeek.com/elle-varner-tickets/atlanta-georgia-city-winery-atlanta-2026-10-09-9-30-pm/concert/18563632,2,Atlanta,33.6651,-84.4107
Garage - 1180 Peachtree St: Don Lemon & DL Hughley,2026-10-09,7:30 PM,"Atlanta Symphony Hall, Atlanta",,General,https://www.ticketmaster.com/garage-1180-peachtree-st-don-lemon-atlanta-georgia-10-09-2026/event/0E0064D8F20C4894,Garage: 1180 Peachtree Street NE (Peachtree NE & 14th Street),ticketmaster: https://www.ticketmaster.com/garage-1180-peachtree-st-don-lemon-atlanta-georgia-10-09-2026/event/0E0064D8F20C4894,1,Atlanta,33.790098,-84.385493
HVDES (18+ Event),2026-10-09,10:00 PM,"Wish Lounge at Believe Music Hall, Atlanta",,General,https://www.ticketmaster.com/event/Z7r9jZ1AAvdGV,,ticketmaster: https://www.ticketmaster.com/event/Z7r9jZ1AAvdGV,1,Atlanta,33.744301,-84.375397
Holiday Portraits: Capture the Magic at Selfie Paradise Museum,2026-10-09,12:00 PM,"Selfie Paradise Museum, Douglasville",,General,https://www.universe.com/events/holiday-portraits-capture-the-magic-at-selfie-paradise-museum-tickets-6HVT5N?ref=ticketmaster,,ticketmaster: https://www.universe.com/events/holiday-portraits-capture-the-magic-at-selfie-paradise-museum-tickets-6HVT5N?ref=ticketmaster | ticketmaster: https://www.universe.com/events/holiday-portraits-capture-the-magic-at-selfie-paradise-museum-tickets-6HVT5N?ref=ticketmaster | ticketmaster: https://www.universe.com/events/holiday-portraits-capture-the-magic-at-selfie-paradise-museum-tickets-6HVT5N?ref=ticketmaster | ticketmaster: https://www.universe.com/events/holiday-portraits-capture-the-magic-at-selfie-paradise-museum-tickets-6HVT5N?ref=ticketmaster | ticketmaster: https://www.universe.com/events/holiday-portraits-capture-the-magic-at-selfie-paradise-museum-tickets-6HVT5N?ref=ticketmaster | ticketmaster: https://www.universe.com/events/holiday-portraits-capture-the-magic-at-selfie-paradise-museum-tickets-6HVT5N?ref=ticketmaster | ticketmaster: https://www.universe.com/events/holiday-portraits-capture-the-magic-at-selfie-paradise-museum-tickets-6HVT5N?ref=ticketmaster | ticketmaster: https://www.universe.com/events/holiday-portraits-capture-the-magic-at-selfie-paradise-museum-tickets-6HVT5N?ref=ticketmaster | ticketmaster: https://www.universe.com/events/holiday-portraits-capture-the-magic-at-selfie-paradise-museum-tickets-6HVT5N?ref=ticketmaster | ticketmaster: https://www.universe.com/events/holiday-portraits-capture-the-magic-at-selfie-paradise-museum-tickets-6HVT5N?ref=ticketmaster | ticketmaster: https://www.universe.com/events/holiday-portraits-capture-the-magic-at-selfie-paradise-museum-tickets-6HVT5N?ref=ticketmaster | ticketmaster: https://www.universe.com/events/holiday-portraits-capture-the-magic-at-selfie-paradise-museum-tickets-6HVT5N?ref=ticketmaster | ticketmaster: https://www.universe.com/events/holiday-portraits-capture-the-magic-at-selfie-paradise-museum-tickets-6HVT5N?ref=ticketmaster | ticketmaster: https://www.universe.com/events/holiday-portraits-capture-the-magic-at-selfie-paradise-museum-tickets-6HVT5N?ref=ticketmaster | ticketmaster: https://www.universe.com/events/holiday-portraits-capture-the-magic-at-selfie-paradise-museum-tickets-6HVT5N?ref=ticketmaster | ticketmaster: https://www.universe.com/events/holiday-portraits-capture-the-magic-at-selfie-paradise-museum-tickets-6HVT5N?ref=ticketmaster | ticketmaster: https://www.universe.com/events/holiday-portraits-capture-the-magic-at-selfie-paradise-museum-tickets-6HVT5N?ref=ticketmaster | ticketmaster: https://www.universe.com/events/holiday-portraits-capture-the-magic-at-selfie-paradise-museum-tickets-6HVT5N?ref=ticketmaster | ticketmaster: https://www.universe.com/events/holiday-portraits-capture-the-magic-at-selfie-paradise-museum-tickets-6HVT5N?ref=ticketmaster | ticketmaster: https://www.universe.com/events/holiday-portraits-capture-the-magic-at-selfie-paradise-museum-tickets-6HVT5N?ref=ticketmaster | ticketmaster: https://www.universe.com/events/holiday-portraits-capture-the-magic-at-selfie-paradise-museum-tickets-6HVT5N?ref=ticketmaster,21,Atlanta,33.728206,-84.743421
House Party Rave (18+),2026-10-09,9:00 PM,"The Masquerade - Heaven, Atlanta",,Concert / Live Music,https://seatgeek.com/house-party-rave-tickets/atlanta-georgia-the-masquerade-heaven-2026-10-09-9-pm/concert/18391060,,seatgeek: https://seatgeek.com/house-party-rave-tickets/atlanta-georgia-the-masquerade-heaven-2026-10-09-9-pm/concert/18391060,1,Atlanta,33.7518,-84.3897
House Party feat. Pagu + friends | 18+,2026-10-09,9:00 PM,"The Masquerade - Heaven, Atlanta",,Nightlife / Party,https://www.ticketmaster.com/house-party-feat-pagu-friends-18-atlanta-georgia-10-09-2026/event/0E0064F1E1367775,"We look forward to hosting you at The Masquerade! Doors are at 9:00 PM. This event is 18+ The Masquerade is now proud to be serving food. Check our socials for the food window's schedule, pinned at the top of the feed. For more info and our FAQ, visit MASQ.com",ticketmaster: https://www.ticketmaster.com/house-party-feat-pagu-friends-18-atlanta-georgia-10-09-2026/event/0E0064F1E1367775,1,Atlanta,33.751769,-84.389681
Hvdes,2026-10-09,10:00 PM,"Believe Music Hall, Atlanta",,Concert / Live Music,https://seatgeek.com/hvdes-tickets/atlanta-georgia-believe-music-hall-2026-10-09-10-pm/concert/18563753,,seatgeek: https://seatgeek.com/hvdes-tickets/atlanta-georgia-believe-music-hall-2026-10-09-10-pm/concert/18563753,1,Atlanta,33.737,-84.3938
Las Alucines,2026-10-09,8:30 PM,"Cobb Energy Performing Arts Centre, Atlanta",,Concert / Live Music,https://www.ticketmaster.com/las-alucines-atlanta-georgia-10-09-2026/event/0E006466983C87CF,"Seats in the mezzanine and grand tier are not ADA accessible. If you need accessible seats, you should only buy seats designated as wheelchair accessible and their companion tickets in the orchestra. Please note: Anyone attending a performance at the Cobb Energy Performing Arts Centre requires a ticket, regardless of age.",ticketmaster: https://www.ticketmaster.com/las-alucines-atlanta-georgia-10-09-2026/event/0E006466983C87CF,1,Atlanta,33.8844269,-84.4583631
Las Alucines - Atlanta (Rescheduled from 5/12/2026),2026-10-09,8:30 PM,"Cobb Energy Performing Arts Centre, Atlanta",,Sports & Fitness,https://seatgeek.com/las-alucines-tickets/entertainment/2026-10-09-8-30-pm/18115271,,seatgeek: https://seatgeek.com/las-alucines-tickets/entertainment/2026-10-09-8-30-pm/18115271,1,Atlanta,33.9122,-84.5571
Lauren Watkins,2026-10-09,9:00 PM,"Eddie's Attic - Decatur, Decatur",,Concert / Live Music,https://seatgeek.com/lauren-watkins-tickets/decatur-georgia-eddie-s-attic-decatur-2026-10-09-9-pm/concert/18374962,,seatgeek: https://seatgeek.com/lauren-watkins-tickets/decatur-georgia-eddie-s-attic-decatur-2026-10-09-9-pm/concert/18374962,1,Atlanta,33.7739,-84.2964
Lauren Watkins: If I'm Being Honest Tour w/ Jordan Cobb!,2026-10-09,9:00 PM,"Eddie's Attic, Decatur",,Concert / Live Music,https://www.ticketmaster.com/lauren-watkins-if-im-being-honest-decatur-georgia-10-09-2026/event/0E0064EA08ED7874,"Lauren Watkins: If I'm Being Honest Tour live at Eddie's Attic w/ Jordan Cobb! After an acclaimed debut and a year-plus on the road with Morgan Wallen, Riley Green, and Lainey Wilson, Big Loud Records / Songs & Daughters artist Lauren Watkins has emerged as a proudly defiant projection of pure country-music moxy. A Nashville native inspired by Willie Nelson, Sheryl Crow, and Miranda Lambert, her second album In A Perfect World, produced by husband and CMA/ACM Award winner Will Bundy, finds Watkins in a fresh phase... steel guitars and ethereal atmosphere, bold twang and rootsy rhythms, and a c",ticketmaster: https://www.ticketmaster.com/lauren-watkins-if-im-being-honest-decatur-georgia-10-09-2026/event/0E0064EA08ED7874,1,Atlanta,33.773975,-84.296271
Like Father,2026-10-09,7:30 PM,"Alliance Theatre, Atlanta",,General,https://www.ticketmaster.com/event/Z7r9jZ1A70M_x,,ticketmaster: https://www.ticketmaster.com/event/Z7r9jZ1A70M_x,1,Atlanta,33.797401,-84.386803
Like Father - Atlanta,2026-10-09,7:30 PM,"Hertz Stage at Alliance Theatre, Atlanta",,Arts & Theatre,https://seatgeek.com/like-father-1-tickets/theater/2026-10-09-7-30-pm/18275291,,seatgeek: https://seatgeek.com/like-father-1-tickets/theater/2026-10-09-7-30-pm/18275291,1,Atlanta,33.7896,-84.3844
Logic & G-Eazy: The Endless Summer Tour Part II,2026-10-09,7:00 PM,"Ameris Bank Amphitheatre, Alpharetta",,Concert / Live Music,https://www.ticketmaster.com/logic-geazy-the-endless-summer-tour-alpharetta-georgia-10-09-2026/event/0E006498BA88A34B,,ticketmaster: https://www.ticketmaster.com/logic-geazy-the-endless-summer-tour-alpharetta-georgia-10-09-2026/event/0E006498BA88A34B,1,Atlanta,34.0544157,-84.3066793
Logic with G-Eazy and Juicy J,2026-10-09,7:00 PM,"Ameris Bank Amphitheatre, Alpharetta",,Concert / Live Music,https://seatgeek.com/logic-1-tickets/alpharetta-georgia-ameris-bank-amphitheatre-2026-10-09-7-pm/concert/18206463,,seatgeek: https://seatgeek.com/logic-1-tickets/alpharetta-georgia-ameris-bank-amphitheatre-2026-10-09-7-pm/concert/18206463,1,Atlanta,34.0544,-84.3067
MARVIN: The Marvin Gaye Musical - Jonesboro,2026-10-09,8:00 PM,"Clayton County Performing Arts Center, Jonesboro",,Arts & Theatre,https://www.ticketmaster.com/marvin-the-marvin-gaye-musical-jonesboro-georgia-10-09-2026/event/0E00653701009A40,,ticketmaster: https://www.ticketmaster.com/marvin-the-marvin-gaye-musical-jonesboro-georgia-10-09-2026/event/0E00653701009A40 | seatgeek: https://seatgeek.com/marvin-the-marvin-gaye-musical-tickets/theater/2026-10-09-8-pm/18618136,2,Atlanta,33.554584,-84.308106
MEXODUS - Atlanta,2026-10-09,7:30 PM,"Coca-Cola Stage at Alliance Theatre, Atlanta",,Arts & Theatre,https://seatgeek.com/mexodus-tickets/theater/2026-10-09-7-30-pm/18271266,,seatgeek: https://seatgeek.com/mexodus-tickets/theater/2026-10-09-7-30-pm/18271266,1,Atlanta,33.7901,-84.3855
Mexodus,2026-10-09,7:30 PM,"Alliance Theatre - Coca-Cola Stage, Atlanta",,Arts & Theatre,https://www.ticketmaster.com/event/Z7r9jZ1A70y0f,,ticketmaster: https://www.ticketmaster.com/event/Z7r9jZ1A70y0f,1,Atlanta,33.797401,-84.386803
Mike Feeney,2026-10-09,7:30 PM,"Helium Comedy Club - Atlanta, Alpharetta",,Comedy,https://seatgeek.com/mike-feeney-tickets/comedy/2026-10-09-7-30-pm/18453343,,seatgeek: https://seatgeek.com/mike-feeney-tickets/comedy/2026-10-09-7-30-pm/18453343 | seatgeek: https://seatgeek.com/mike-feeney-tickets/comedy/2026-10-09-9-45-pm/18453344,2,Atlanta,34.0754,-84.2941
Pattie Gonia,2026-10-09,8:00 PM,"Variety Playhouse, Atlanta",,Concert / Live Music,https://seatgeek.com/pattie-gonia-tickets/atlanta-georgia-variety-playhouse-2026-10-09-8-pm/concert/18189175,,seatgeek: https://seatgeek.com/pattie-gonia-tickets/atlanta-georgia-variety-playhouse-2026-10-09-8-pm/concert/18189175,1,Atlanta,33.7637,-84.3511
Pattie Gonia: SAVE HER! - Ages 21+,2026-10-09,8:00 PM,"Variety Playhouse, Atlanta",,General,https://www.ticketmaster.com/event/Z7r9jZ1AAvtOE,,ticketmaster: https://www.ticketmaster.com/event/Z7r9jZ1AAvtOE,1,Atlanta,33.770199,-84.334602
Paul Oakenfold,2026-10-09,8:00 PM,"Center Stage Theater, Atlanta",,Arts & Theatre,https://www.ticketmaster.com/paul-oakenfold-atlanta-georgia-10-09-2026/event/0E0064F595E5851F,"Rival presents: Paul Oakenfold & The Crystal Method w/ Liquid Todd October 9, 2026 | CENTER STAGE | General Admission | All Ages The price you see is the price you pay! All fees are included in the price you see on Ticketmaster (excluding taxes). For ADA Accommodations, email info@rivalentertainment.com. For parking information and an FAQ, visit us at centerstage-atlanta.com.",ticketmaster: https://www.ticketmaster.com/paul-oakenfold-atlanta-georgia-10-09-2026/event/0E0064F595E5851F | seatgeek: https://seatgeek.com/paul-oakenfold-tickets/atlanta-georgia-center-stage-theater-atlanta-2026-10-09-8-pm/concert/18396771,2,Atlanta,33.7918926,-84.3877907
Premium Ticket Add-on - Bethel Music - Not a Concert Ticket**,2026-10-09,7:00 PM,"Buckhead Theatre, Atlanta",,Concert / Live Music,https://www.ticketmaster.com/premium-ticket-addon-bethel-music-not-atlanta-georgia-10-09-2026/event/0E006389C9119821,THIS IS NOT A TICKET TO THE SHOW Add-on includes early access to the venue and an exclusive acoustic worship set + Q&A,ticketmaster: https://www.ticketmaster.com/premium-ticket-addon-bethel-music-not-atlanta-georgia-10-09-2026/event/0E006389C9119821,1,Atlanta,33.8402272,-84.3795437
Ragtime - Marietta,2026-10-09,8:00 PM,"Marietta Square, Marietta",,Sports & Fitness,https://seatgeek.com/ragtime-tickets/broadway/2026-10-09-8-pm/18563541,,seatgeek: https://seatgeek.com/ragtime-tickets/broadway/2026-10-09-8-pm/18563541,1,Atlanta,33.9528,-84.5496
SPELHOUSE 2026 HOMECOMING UNITY HAPPY HOUR- THE EDMOND FIRM,2026-10-09,6:00 PM - 9:30 PM,"DAS BBQ Grant Park, Memorial Drive Southeast, Atlanta, GA, USA, 350 Memorial Drive Southeast, Atlanta, GA 30312",,Club Promotion,https://www.eventbrite.com/e/spelhouse-2026-homecoming-unity-happy-hour-the-edmond-firm-tickets-2001889124260,,eventbrite: https://www.eventbrite.com/e/spelhouse-2026-homecoming-unity-happy-hour-the-edmond-firm-tickets-2001889124260,1,Atlanta,33.749,-84.388
SPELHOUSE LEGENDS: The Annual Spelhouse Friday Day Party,2026-10-09,3:00 PM - 9:00 PM,"4 Elements Restaurant & Bar, 375 Luckie Street Northwest, Atlanta, GA 30313",,Nightlife / Party,https://www.eventbrite.com/e/spelhouse-legends-the-annual-spelhouse-friday-day-party-tickets-1997460921386,Spelhouse Homecoming Staple Event!,eventbrite: https://www.eventbrite.com/e/spelhouse-legends-the-annual-spelhouse-friday-day-party-tickets-1997460921386,1,Atlanta,33.749,-84.388
Sepia Soul Presents RESONANCE! 2026 SpelHouse Homecoming Cocktail Hour,2026-10-09,7:00 PM - 12:00 AM,"3063 Bolling Way NE, 3063 Bolling Way Northeast, Atlanta, GA 30305",,Nightlife / Party,https://www.eventbrite.com/e/sepia-soul-presents-resonance-2026-spelhouse-homecoming-cocktail-hour-tickets-1989631134282,,eventbrite: https://www.eventbrite.com/e/sepia-soul-presents-resonance-2026-spelhouse-homecoming-cocktail-hour-tickets-1989631134282,1,Atlanta,33.749,-84.388
Shelly Fairchild,2026-10-09,8:00 PM,"Red Clay Music Foundry, Duluth",,Concert / Live Music,https://seatgeek.com/shelly-fairchild-tickets/duluth-georgia-red-clay-music-foundry-2026-10-09-8-pm/concert/18622775,,seatgeek: https://seatgeek.com/shelly-fairchild-tickets/duluth-georgia-red-clay-music-foundry-2026-10-09-8-pm/concert/18622775,1,Atlanta,34.002457,-84.145
Skyline Lounge - Las Alucines,2026-10-09,8:30 PM,"Cobb Energy Performing Arts Centre, Atlanta",,Concert / Live Music,https://www.ticketmaster.com/skyline-lounge-las-alucines-atlanta-georgia-10-09-2026/event/0E006466984287D4,"THIS EVENT SPACE IS FOR AGES 21 AND OLDER. Add to your experience at Cobb Energy Centre with inclusive $55.00 price at all-new Skyline Lounge. This premium lounge features a custom bar and ample seating. Enhance your concert experience at the new Skyline Lounge at Cobb Energy Centre. Located on the Grand Tier, this exclusive space offers an airy and inviting atmosphere with a stylish and comfortable bar area. For one inclusive price, your admission includes exclusive use of the lounge starting 90 minutes prior to showtime and during intermission (when applicable), access to a dedicated bar fea",ticketmaster: https://www.ticketmaster.com/skyline-lounge-las-alucines-atlanta-georgia-10-09-2026/event/0E006466984287D4,1,Atlanta,33.8844269,-84.4583631
Slippery When Wet,2026-10-09,9:30 PM,"Madlife Stage & Studios, Woodstock",,Concert / Live Music,https://seatgeek.com/slippery-when-wet-tickets/woodstock-georgia-madlife-stage-studios-2026-10-09-9-30-pm/concert/18563692,,seatgeek: https://seatgeek.com/slippery-when-wet-tickets/woodstock-georgia-madlife-stage-studios-2026-10-09-9-30-pm/concert/18563692,1,Atlanta,34.0991,-84.5206
SpelHouse Homecoming 2026 - Forever Young,2026-10-09,10:00 PM - 2:00 AM,"The Stave Room, 199 Armour Drive Northeast, Atlanta, GA 30324",,Nightlife / Party,https://www.eventbrite.com/e/spelhouse-homecoming-2026-forever-young-tickets-1999330157321,,eventbrite: https://www.eventbrite.com/e/spelhouse-homecoming-2026-forever-young-tickets-1999330157321,1,Atlanta,33.749,-84.388
Stop.Drop.Rewind,2026-10-09,8:00 PM,"Smiths Olde Bar, Atlanta",,Concert / Live Music,https://seatgeek.com/stop-drop-rewind-tickets/atlanta-georgia-smiths-olde-bar-3-2026-10-09-8-pm/concert/18563706,,seatgeek: https://seatgeek.com/stop-drop-rewind-tickets/atlanta-georgia-smiths-olde-bar-3-2026-10-09-8-pm/concert/18563706,1,Atlanta,33.7976,-84.3688
Sub Urban,2026-10-09,7:00 PM,"The Masquerade - Hell, Atlanta",,Concert / Live Music,https://seatgeek.com/sub-urban-tickets/atlanta-georgia-the-masquerade-hell-2026-10-09-7-pm/concert/18156428,,seatgeek: https://seatgeek.com/sub-urban-tickets/atlanta-georgia-the-masquerade-hell-2026-10-09-7-pm/concert/18156428,1,Atlanta,33.7522,-84.3901
Sub Urban | The Bell Tolls Tour,2026-10-09,7:00 PM,"The Masquerade - Hell, Atlanta",,Concert / Live Music,https://www.ticketmaster.com/sub-urban-the-bell-tolls-tour-atlanta-georgia-10-09-2026/event/0E00647EEC9BF5AA,"We look forward to hosting you at The Masquerade! Doors are at 7:00 PM. The Masquerade is now proud to be serving food. Check our socials for the food window's schedule, pinned at the top of the feed. For more info and our FAQ, visit MASQ.com",ticketmaster: https://www.ticketmaster.com/sub-urban-the-bell-tolls-tour-atlanta-georgia-10-09-2026/event/0E00647EEC9BF5AA,1,Atlanta,33.75184,-84.389887
The Christmas Carnival at Selfie Paradise Museum,2026-10-09,1:00 PM,"Selfie Paradise Museum, Douglasville",,Festival,https://www.universe.com/events/the-christmas-carnival-at-selfie-paradise-museum-tickets-7PQG9Y?ref=ticketmaster,,ticketmaster: https://www.universe.com/events/the-christmas-carnival-at-selfie-paradise-museum-tickets-7PQG9Y?ref=ticketmaster | ticketmaster: https://www.universe.com/events/the-christmas-carnival-at-selfie-paradise-museum-tickets-7PQG9Y?ref=ticketmaster | ticketmaster: https://www.universe.com/events/the-christmas-carnival-at-selfie-paradise-museum-tickets-7PQG9Y?ref=ticketmaster | ticketmaster: https://www.universe.com/events/the-christmas-carnival-at-selfie-paradise-museum-tickets-7PQG9Y?ref=ticketmaster | ticketmaster: https://www.universe.com/events/the-christmas-carnival-at-selfie-paradise-museum-tickets-7PQG9Y?ref=ticketmaster | ticketmaster: https://www.universe.com/events/the-christmas-carnival-at-selfie-paradise-museum-tickets-7PQG9Y?ref=ticketmaster,6,Atlanta,33.728206,-84.743421
The Toxhards,2026-10-09,8:00 PM,"Smith's Olde Bar, Atlanta",,Concert / Live Music,https://www.ticketmaster.com/event/Z7r9jZ1A70VPw,,ticketmaster: https://www.ticketmaster.com/event/Z7r9jZ1A70VPw | seatgeek: https://seatgeek.com/the-toxhards-tickets/atlanta-georgia-smiths-olde-bar-3-2026-10-09-8-pm/concert/18563707,2,Atlanta,33.819199,-84.357201
Tokyo Tea Room,2026-10-09,8:00 PM,"Terminal West, Atlanta",,Concert / Live Music,https://www.ticketmaster.com/event/Z7r9jZ1A7P6jS,,ticketmaster: https://www.ticketmaster.com/event/Z7r9jZ1A7P6jS | seatgeek: https://seatgeek.com/tokyo-tea-room-tickets/atlanta-georgia-terminal-west-2026-10-09-8-pm/concert/18285489,2,Atlanta,33.791901,-84.446404
Toth,2026-10-09,7:00 PM,"The Masquerade - Altar, Atlanta",,Concert / Live Music,https://seatgeek.com/toth-1-tickets/atlanta-georgia-the-masquerade-altar-2026-10-09-7-pm/concert/18563769,,seatgeek: https://seatgeek.com/toth-1-tickets/atlanta-georgia-the-masquerade-altar-2026-10-09-7-pm/concert/18563769,1,Atlanta,33.752,-84.3895
Tours: Truist Park,2026-10-09,2:00 PM,"Truist Park, Atlanta",,Concert / Live Music,https://www.ticketmaster.com/tours-truist-park-atlanta-georgia-10-09-2026/event/0E00651194AD6116,"Tours begin based on the following schedule: In-Season (April-September/Playoffs) Monday - Saturday : 10:00am, 11:00am, Noon, 1:00pm, 2:00pm Sundays: 1:00pm, 3:00pm Off-Season (Oct-Mar) Mon-Sat: 10:00am, 12:00pm, 2:00pm Tours are 90 minutes in length. No Tours are given if a day game is being played. Please be sure to not only select the correct number and types of tickets, but also the time you want to attend.",ticketmaster: https://www.ticketmaster.com/tours-truist-park-atlanta-georgia-10-09-2026/event/0E00651194AD6116,1,Atlanta,33.890304,-84.468127
Trampled By Turtles,2026-10-09,7:30 PM,"Tabernacle Presented by iTHINK Financial, Atlanta",,Concert / Live Music,https://www.ticketmaster.com/trampled-by-turtles-atlanta-georgia-10-09-2026/event/0E00648EA3D181E4,"This is a show has a general admission standing room floor with fully reserved assigned seating balconies. All ages welcome. Box Office Open at 5:30pm. Doors at 6:30pm. Show at 7:30pm. Please be aware our balconies are not ADA accessible. All accommodations are located on the main floor level. There is no elevator in the building. Please ask event staff for any ADA assistance upon arrival. Guests who have purchased ADA tickets may request assistance from event staff upon arrival. If all ADA accommodations are sold out, please email the venue at tabernacle@livenation.com.",ticketmaster: https://www.ticketmaster.com/trampled-by-turtles-atlanta-georgia-10-09-2026/event/0E00648EA3D181E4,1,Atlanta,33.758688,-84.391449
Trampled by Turtles with The Last Revel,2026-10-09,7:30 PM,"Tabernacle Presented by iTHINK Financial, Atlanta",,Concert / Live Music,https://seatgeek.com/trampled-by-turtles-tickets/atlanta-georgia-the-tabernacle-atlanta-2026-10-09-7-30-pm/concert/18195618,,seatgeek: https://seatgeek.com/trampled-by-turtles-tickets/atlanta-georgia-the-tabernacle-atlanta-2026-10-09-7-30-pm/concert/18195618,1,Atlanta,33.7589,-84.3914
Turnpike Troubadours,2026-10-09,7:00 PM,"Synovus Bank Amphitheater at Chastain Park, Atlanta",,Concert / Live Music,https://www.ticketmaster.com/turnpike-troubadours-atlanta-georgia-10-09-2026/event/0E006472DCBBCE82,This is a no table setup. Coolers and Carry-Ins are NOT allowed. All shows are rain or shine. Everyone must have a ticket,ticketmaster: https://www.ticketmaster.com/turnpike-troubadours-atlanta-georgia-10-09-2026/event/0E006472DCBBCE82,1,Atlanta,33.8768817,-84.3972168
Turnpike Troubadours with Muscadine Bloodline and The Creekers,2026-10-09,7:00 PM,"Synovus Bank Amphitheatre at Chastain Park, Atlanta",,Concert / Live Music,https://seatgeek.com/turnpike-troubadours-tickets/atlanta-georgia-synovus-bank-amphitheatre-at-chastain-park-2026-10-09-7-pm/concert/18140190,,seatgeek: https://seatgeek.com/turnpike-troubadours-tickets/atlanta-georgia-synovus-bank-amphitheatre-at-chastain-park-2026-10-09-7-pm/concert/18140190,1,Atlanta,33.8766,-84.396
Two Door Cinema Club - Tourist History 15th Anniversary Tour,2026-10-09,8:00 PM,"Coca-Cola Roxy, Atlanta",,Concert / Live Music,https://www.ticketmaster.com/two-door-cinema-club-tourist-history-atlanta-georgia-10-09-2026/event/0E006466095673CF,"All ages welcome. Doors: 7:00pm Show: 8:00pm The main floor is general admission, standing room only. The balcony is reserved, assigned seating.",ticketmaster: https://www.ticketmaster.com/two-door-cinema-club-tourist-history-atlanta-georgia-10-09-2026/event/0E006466095673CF,1,Atlanta,33.89024,-84.469717
Two Door Cinema Club with STRFKR,2026-10-09,8:00 PM,"Coca-Cola Roxy Theatre, Atlanta",,Concert / Live Music,https://seatgeek.com/two-door-cinema-club-tickets/atlanta-georgia-coca-cola-roxy-theatre-2026-10-09-8-pm/concert/18122770,,seatgeek: https://seatgeek.com/two-door-cinema-club-tickets/atlanta-georgia-coca-cola-roxy-theatre-2026-10-09-8-pm/concert/18122770,1,Atlanta,33.8903,-84.4697
Tōth,2026-10-09,7:00 PM,"The Masquerade - Altar, Atlanta",,Food & Drink,https://www.ticketmaster.com/toth-atlanta-georgia-10-09-2026/event/0E0064C1E73DE6F0,"We look forward to hosting you at The Masquerade! Doors are at 7:00 PM. The Masquerade is now proud to be serving food. Check our socials for the food window's schedule, pinned at the top of the feed. For more info and our FAQ, visit MASQ.com",ticketmaster: https://www.ticketmaster.com/toth-atlanta-georgia-10-09-2026/event/0E0064C1E73DE6F0,1,Atlanta,33.75202,-84.38945
"kill pride club meetup (October 9, 2026)",2026-10-09,6:30 PM - 9:30 PM,"Constellations - Atlanta, GA, USA, 135 Auburn Avenue Northeast Once you arrive to the space, ring the doorbell and you will be admitted., Atlanta, GA 30303",,Arts & Theatre,https://www.eventbrite.com/e/kill-pride-club-meetup-october-9-2026-tickets-1998785715882,,eventbrite: https://www.eventbrite.com/e/kill-pride-club-meetup-october-9-2026-tickets-1998785715882,1,Atlanta,33.749,-84.388
2026 Atlanta Pride Festival Premium Passes,2026-10-10,12:00 PM - 10:00 PM,"Piedmont Park, 400 Park Drive, Atlanta, GA 30309",,Festival,https://www.eventbrite.com/e/2026-atlanta-pride-festival-premium-passes-tickets-1985593828592,,eventbrite: https://www.eventbrite.com/e/2026-atlanta-pride-festival-premium-passes-tickets-1985593828592,1,Atlanta,33.749,-84.388
AZ Chike,2026-10-10,7:00 PM,"The Masquerade - Purgatory, Atlanta",,Food & Drink,https://www.ticketmaster.com/az-chike-atlanta-georgia-10-10-2026/event/0E006518DE4E1EAE,"We look forward to hosting you at The Masquerade! Doors are at 7:00 PM. The Masquerade is now proud to be serving food. Check our socials for the food window's schedule, pinned at the top of the feed. For more info and our FAQ, visit MASQ.com",ticketmaster: https://www.ticketmaster.com/az-chike-atlanta-georgia-10-10-2026/event/0E006518DE4E1EAE | seatgeek: https://seatgeek.com/azchike-tickets/atlanta-georgia-the-masquerade-purgatory-2026-10-10-7-pm/concert/18537314,2,Atlanta,33.75184,-84.389887
Adele Givens,2026-10-10,7:00 PM,"Helium Comedy Club - Atlanta, Alpharetta",,Comedy,https://seatgeek.com/adele-givens-tickets/comedy/2026-10-10-7-pm/18567436,,seatgeek: https://seatgeek.com/adele-givens-tickets/comedy/2026-10-10-7-pm/18567436 | seatgeek: https://seatgeek.com/adele-givens-tickets/comedy/2026-10-10-9-30-pm/18567439,2,Atlanta,34.0754,-84.2941
All Smiles - Atlanta,2026-10-10,11:16 AM,"Selig Family Black Box Theatre at Alliance Theatre, Atlanta",,Fair / Popup,https://seatgeek.com/all-smiles-tickets/family/2026-10-10-11-16-am/18275376,,seatgeek: https://seatgeek.com/all-smiles-tickets/family/2026-10-10-11-16-am/18275376,1,Atlanta,33.789246,-84.38541
Atlanta Pride,2026-10-10,,Piedmont Park,,Festival,https://www.reddit.com/r/Atlanta/comments/1wyaoiw/week_in_review_jail_sale_the_beltlines_final/,The Atlanta Pride festival runs in Piedmont Park with Rep. Everton Blair Jr. serving as Honorary Grand Marshal.,community: https://www.reddit.com/r/Atlanta/comments/1wyaoiw/week_in_review_jail_sale_the_beltlines_final/,1,Atlanta,33.749,-84.388
Atlanta Symphony Orchestra: Brahms & Wagner,2026-10-10,8:00 PM,"Atlanta Symphony Hall at Woodruff Arts Center, Atlanta",,Arts & Theatre,https://seatgeek.com/atlanta-symphony-orchestra-tickets/classical/2026-10-10-8-pm/18171969,,seatgeek: https://seatgeek.com/atlanta-symphony-orchestra-tickets/classical/2026-10-10-8-pm/18171969,1,Atlanta,33.7893,-84.3847
Atlanta United FC vs. FC Cincinnati,2026-10-10,7:30 PM,"Mercedes-Benz Stadium, Atlanta",,Sports & Fitness,https://www.ticketmaster.com/atlanta-united-fc-vs-fc-cincinnati-atlanta-georgia-10-10-2026/event/0E006372B3749D39,"Please note Everyone needs a ticket for entry, except children shorter than 33 inches do not require a ticket. For quickest entry into the stadium, we strongly recommend that you do not bring a bag on event day. If a bag is necessary, the bag must adhere to our Clear Bag Policy: - Bags must be CLEAR plastic, vinyl or PVC and not exceed 12 x 6 x 12 inches. Bags cannot be tinted with color or include oversized content that prevents visibility into the clear bag. - Only non-clear bags that are smaller than 4.5 x 6.5 in will be permitted into the stadium. - Any type of non-clear bag exceeding 4.5 ",ticketmaster: https://www.ticketmaster.com/atlanta-united-fc-vs-fc-cincinnati-atlanta-georgia-10-10-2026/event/0E006372B3749D39 | seatgeek: https://seatgeek.com/atlanta-united-fc-tickets/mls/2026-10-10-7-30-pm/17921314,2,Atlanta,33.755389,-84.400823
"Burndown Tour 2026: Knumears, Catalyst, Love Letter & More",2026-10-10,7:00 PM,"The Masquerade - Altar, Atlanta",,Concert / Live Music,https://www.ticketmaster.com/burndown-tour-2026-knumears-catalyst-love-atlanta-georgia-10-10-2026/event/0E00650AE5C0F0A4,,ticketmaster: https://www.ticketmaster.com/burndown-tour-2026-knumears-catalyst-love-atlanta-georgia-10-10-2026/event/0E00650AE5C0F0A4,1,Atlanta,33.75202,-84.38945
COOLFIT 5K NEON NIGHT Run / Walk,2026-10-10,7:30 PM - 10:30 PM,"Atlanta Beltline Westside Trail, Atlanta Beltline Westside Trail COOL WRLD Content Gallery, Atlanta, GA 30310",,Sports & Fitness,https://www.eventbrite.com/e/coolfit-5k-neon-night-run-walk-tickets-1999609068552,,eventbrite: https://www.eventbrite.com/e/coolfit-5k-neon-night-run-walk-tickets-1999609068552,1,Atlanta,33.749,-84.388
Chanel Beads,2026-10-10,7:00 PM,"The Masquerade - Hell, Atlanta",,Food & Drink,https://www.ticketmaster.com/chanel-beads-atlanta-georgia-10-10-2026/event/0E0064BA01F69487,"We look forward to hosting you at The Masquerade! Doors are at 7:00 PM. The Masquerade is now proud to be serving food. Check our socials for the food window's schedule, pinned at the top of the feed. For more info and our FAQ, visit MASQ.com",ticketmaster: https://www.ticketmaster.com/chanel-beads-atlanta-georgia-10-10-2026/event/0E0064BA01F69487 | seatgeek: https://seatgeek.com/chanel-beads-tickets/atlanta-georgia-the-masquerade-hell-2026-10-10-7-pm/concert/18272398,2,Atlanta,33.75184,-84.389887
Cord Bradley,2026-10-10,8:00 PM,"Eddie's Attic, Decatur",,Concert / Live Music,https://www.ticketmaster.com/cord-bradley-decatur-georgia-10-10-2026/event/0E00652FDA39D582,"Cord Bradley live at Eddie's Attic! Cord Bradley is a neo traditional country artist and guitarist with a 90s inspired sound. He's opened for Shenandoah and Jake Worthington and has gained traction with his original song ""Blue Collar Work.""",ticketmaster: https://www.ticketmaster.com/cord-bradley-decatur-georgia-10-10-2026/event/0E00652FDA39D582,1,Atlanta,33.773975,-84.296271
Corey Holcomb,2026-10-10,7:00 PM,"Atlanta Comedy Theater, Norcross",,Comedy,https://seatgeek.com/corey-holcomb-tickets/comedy/2026-10-10-7-pm/18622870,,seatgeek: https://seatgeek.com/corey-holcomb-tickets/comedy/2026-10-10-7-pm/18622870 | seatgeek: https://seatgeek.com/corey-holcomb-tickets/comedy/2026-10-10-10-pm/18622871,2,Atlanta,33.8855,-84.1923
Craig Ferguson,2026-10-10,7:00 PM,"Helium Comedy Club - Atlanta, Alpharetta",,Comedy,https://seatgeek.com/craig-ferguson-tickets/comedy/2026-10-10-7-pm/18562864,,seatgeek: https://seatgeek.com/craig-ferguson-tickets/comedy/2026-10-10-7-pm/18562864 | seatgeek: https://seatgeek.com/craig-ferguson-tickets/comedy/2026-10-10-9-30-pm/18562866,2,Atlanta,34.0754,-84.2941
Dalvin La Melodia,2026-10-10,7:00 PM,"Atlanta Eagle Arena, Atlanta",,Concert / Live Music,https://www.ticketmaster.com/dalvin-la-melodia-atlanta-georgia-10-10-2026/event/0E0065318D4561A6,"Dalvin La Melodia, llega por primera a Atlanta, GA, con todo su espectaculo musical, cantando todos sus hits, junto a su gran banda de musicos,.La Bachata brillara en Atlanta Por Todo lo Alto en la voz de Dalvin La Melodia. Para reservacion de mesas llamar al venue. (470)331-5919",ticketmaster: https://www.ticketmaster.com/dalvin-la-melodia-atlanta-georgia-10-10-2026/event/0E0065318D4561A6 | seatgeek: https://seatgeek.com/dalvin-la-melodia-tickets/atlanta-georgia-atlanta-eagles-arena-2026-10-10-8-pm/concert/18596070,2,Atlanta,33.916468,-84.261249
Dermot Kennedy with Jonah Kagen,2026-10-10,8:00 PM,"Synovus Bank Amphitheatre at Chastain Park, Atlanta",,Concert / Live Music,https://seatgeek.com/dermot-kennedy-tickets/atlanta-georgia-synovus-bank-amphitheatre-at-chastain-park-2026-10-10-8-pm/concert/18147759,,seatgeek: https://seatgeek.com/dermot-kennedy-tickets/atlanta-georgia-synovus-bank-amphitheatre-at-chastain-park-2026-10-10-8-pm/concert/18147759,1,Atlanta,33.8766,-84.396
Dermot Kennedy: The Weight of the Woods Tour,2026-10-10,7:30 PM,"Synovus Bank Amphitheater at Chastain Park, Atlanta",,Concert / Live Music,https://www.ticketmaster.com/dermot-kennedy-the-weight-of-the-atlanta-georgia-10-10-2026/event/0E006477A1228207,This is a no table setup. Coolers and Carry-Ins are NOT allowed. All shows are rain or shine. Everyone must have a ticket,ticketmaster: https://www.ticketmaster.com/dermot-kennedy-the-weight-of-the-atlanta-georgia-10-10-2026/event/0E006477A1228207,1,Atlanta,33.8768817,-84.3972168
Erick Erickson - Duluth,2026-10-10,6:00 PM,"Gas South Arena, Duluth",,Sports & Fitness,https://seatgeek.com/erick-erickson-tickets/entertainment/2026-10-10-6-pm/18621896,,seatgeek: https://seatgeek.com/erick-erickson-tickets/entertainment/2026-10-10-6-pm/18621896,1,Atlanta,33.9896,-84.0942
Erick Erickson's Not Safe For Radio Show,2026-10-10,7:00 PM,"Gas South Convention Center, Duluth",,Business / Networking,https://www.ticketmaster.com/erick-ericksons-not-safe-for-radio-duluth-georgia-10-10-2026/event/0E0064CAD3B15E2B,"Join Erick for an unforgettable night of laughs and stories ""not fit for radio"". This event will be a phone-free experience. Use of cellphones, cameras, or recording devices will not be permitted in the performance space. Upon arrival at the venue, all phones will be secured in Yondr pouches that will be opened at the end of the event. Guests maintain possession of their belongings at all times and can access their phones throughout the event at designated Phone Use Areas in the venue. All phones will be re-secured in Yondr pouches before returning to the event space. Anyone seen using a non-p",ticketmaster: https://www.ticketmaster.com/erick-ericksons-not-safe-for-radio-duluth-georgia-10-10-2026/event/0E0064CAD3B15E2B,1,Atlanta,33.9869191,-84.0907288
Fuerza Regida,2026-10-10,8:30 PM,"Lakewood Amphitheatre, Atlanta",,Concert / Live Music,https://seatgeek.com/fuerza-regida-tickets/atlanta-georgia-lakewood-amphitheatre-2026-10-10-8-30-pm/concert/18470184,,seatgeek: https://seatgeek.com/fuerza-regida-tickets/atlanta-georgia-lakewood-amphitheatre-2026-10-10-8-30-pm/concert/18470184,1,Atlanta,33.7035,-84.3973
Fuerza Regida - This Is Our Dream Tour 2026,2026-10-10,8:00 PM,"Lakewood Amphitheatre, Atlanta",,Concert / Live Music,https://www.ticketmaster.com/fuerza-regida-this-is-our-dream-atlanta-georgia-10-10-2026/event/0E006501AFB0B7CF,The box office is only open on the night of the event. All Lakewood Amphitheatre events are rain or shine.,ticketmaster: https://www.ticketmaster.com/fuerza-regida-this-is-our-dream-atlanta-georgia-10-10-2026/event/0E006501AFB0B7CF,1,Atlanta,33.70403,-84.396028
Georgia Tech Yellow Jackets Football vs. Duke Blue Devils Football,2026-10-10,3:30 PM,"Bobby Dodd Stadium, Atlanta",,Sports & Fitness,https://www.ticketmaster.com/event/Z7r9jZ1A7OVot,,ticketmaster: https://www.ticketmaster.com/event/Z7r9jZ1A7OVot | seatgeek: https://seatgeek.com/georgia-tech-yellow-jackets-football-tickets/ncaa-football/2026-10-10-3-30-pm/18033372,2,Atlanta,33.775902,-84.3927
Gov't Mule and Ziggy Marley,2026-10-10,7:00 PM,"Coca-Cola Roxy, Atlanta",,Concert / Live Music,https://www.ticketmaster.com/govt-mule-and-ziggy-marley-atlanta-georgia-10-10-2026/event/0E0064B5C5FF1C1A,This is a fully reserved seating performance. Doors at: 6:00 PM Show at: 7:00 PM All ages welcome,ticketmaster: https://www.ticketmaster.com/govt-mule-and-ziggy-marley-atlanta-georgia-10-10-2026/event/0E0064B5C5FF1C1A | seatgeek: https://seatgeek.com/gov-t-mule-tickets/atlanta-georgia-coca-cola-roxy-theatre-2026-10-10-8-pm/concert/18274884,2,Atlanta,33.89024,-84.469717
Holiday Portraits: Capture the Magic at Selfie Paradise Museum,2026-10-10,12:30 PM,"Selfie Paradise Museum, Douglasville",,General,https://www.universe.com/events/holiday-portraits-capture-the-magic-at-selfie-paradise-museum-tickets-6HVT5N?ref=ticketmaster,,ticketmaster: https://www.universe.com/events/holiday-portraits-capture-the-magic-at-selfie-paradise-museum-tickets-6HVT5N?ref=ticketmaster | ticketmaster: https://www.universe.com/events/holiday-portraits-capture-the-magic-at-selfie-paradise-museum-tickets-6HVT5N?ref=ticketmaster | ticketmaster: https://www.universe.com/events/holiday-portraits-capture-the-magic-at-selfie-paradise-museum-tickets-6HVT5N?ref=ticketmaster | ticketmaster: https://www.universe.com/events/holiday-portraits-capture-the-magic-at-selfie-paradise-museum-tickets-6HVT5N?ref=ticketmaster | ticketmaster: https://www.universe.com/events/holiday-portraits-capture-the-magic-at-selfie-paradise-museum-tickets-6HVT5N?ref=ticketmaster | ticketmaster: https://www.universe.com/events/holiday-portraits-capture-the-magic-at-selfie-paradise-museum-tickets-6HVT5N?ref=ticketmaster | ticketmaster: https://www.universe.com/events/holiday-portraits-capture-the-magic-at-selfie-paradise-museum-tickets-6HVT5N?ref=ticketmaster | ticketmaster: https://www.universe.com/events/holiday-portraits-capture-the-magic-at-selfie-paradise-museum-tickets-6HVT5N?ref=ticketmaster | ticketmaster: https://www.universe.com/events/holiday-portraits-capture-the-magic-at-selfie-paradise-museum-tickets-6HVT5N?ref=ticketmaster | ticketmaster: https://www.universe.com/events/holiday-portraits-capture-the-magic-at-selfie-paradise-museum-tickets-6HVT5N?ref=ticketmaster | ticketmaster: https://www.universe.com/events/holiday-portraits-capture-the-magic-at-selfie-paradise-museum-tickets-6HVT5N?ref=ticketmaster | ticketmaster: https://www.universe.com/events/holiday-portraits-capture-the-magic-at-selfie-paradise-museum-tickets-6HVT5N?ref=ticketmaster | ticketmaster: https://www.universe.com/events/holiday-portraits-capture-the-magic-at-selfie-paradise-museum-tickets-6HVT5N?ref=ticketmaster | ticketmaster: https://www.universe.com/events/holiday-portraits-capture-the-magic-at-selfie-paradise-museum-tickets-6HVT5N?ref=ticketmaster | ticketmaster: https://www.universe.com/events/holiday-portraits-capture-the-magic-at-selfie-paradise-museum-tickets-6HVT5N?ref=ticketmaster,15,Atlanta,33.728206,-84.743421
I Spy,2026-10-10,10:00 AM,"The Goizueta Stage for Youth and Families, Atlanta",,Concert / Live Music,https://www.ticketmaster.com/i-spy-atlanta-georgia-10-10-2026/event/0E0064A5A980E13E,"Introduce your youngest learners, pre-K through second grade, to the magic of music through interactive performances that blend storytelling, movement, and live musicians. Due to popular demand, we have now expanded this program to offer weekday options, perfect for school groups.",ticketmaster: https://www.ticketmaster.com/i-spy-atlanta-georgia-10-10-2026/event/0E0064A5A980E13E | ticketmaster: https://www.ticketmaster.com/i-spy-atlanta-georgia-10-10-2026/event/0E0064A5A983E143,2,Atlanta,33.78999,-84.38616
Improvement Movement,2026-10-10,7:00 PM,"The Goat Farm, Atlanta",,Concert / Live Music,https://seatgeek.com/improvement-movement-tickets/atlanta-georgia-the-goat-farm-2026-10-10-7-pm/concert/18622631,,seatgeek: https://seatgeek.com/improvement-movement-tickets/atlanta-georgia-the-goat-farm-2026-10-10-7-pm/concert/18622631,1,Atlanta,33.7869,-84.4141
Jenna Davis,2026-10-10,6:45 PM,"The Loft, Atlanta",,Concert / Live Music,https://www.ticketmaster.com/jenna-davis-atlanta-georgia-10-10-2026/event/0E0064C2C27F296A,"Rival/Six String Southern presents: Jenna Davis October 10, 2026 | LOFT | General Admission | All Ages The price you see is the price you pay! All fees are included in the price you see on Ticketmaster (excluding taxes). For ADA Accommodations, email info@rivalentertainment.com. For parking information and an FAQ, visit us at centerstage-atlanta.com.",ticketmaster: https://www.ticketmaster.com/jenna-davis-atlanta-georgia-10-10-2026/event/0E0064C2C27F296A | seatgeek: https://seatgeek.com/jenna-davis-tickets/atlanta-georgia-the-loft-at-center-stage-2026-10-10-6-45-pm/concert/18294987,2,Atlanta,33.7918926,-84.3877907
Joshua Ray Walker,2026-10-10,8:00 PM,"Vinyl, Atlanta",,Concert / Live Music,https://www.ticketmaster.com/joshua-ray-walker-atlanta-georgia-10-10-2026/event/0E006477CF17C165,"Rival presents: Joshua Ray Walker Ain't Dead Yet Tour October 10, 2026 | Vinyl | General Admission | All Ages The price you see is the price you pay! All fees are included in the price you see on Ticketmaster (excluding taxes). For ADA Accommodations, email info@rivalentertainment.com. For parking information and an FAQ, visit us at centerstage-atlanta.com.",ticketmaster: https://www.ticketmaster.com/joshua-ray-walker-atlanta-georgia-10-10-2026/event/0E006477CF17C165 | seatgeek: https://seatgeek.com/joshua-ray-walker-tickets/atlanta-georgia-vinyl-at-center-stage-2026-10-10-8-pm/concert/18157930,2,Atlanta,33.7918926,-84.3877907
Kanan Gill,2026-10-10,7:00 PM,"Center Stage Theater - Atlanta, Atlanta",,Comedy,https://seatgeek.com/kanan-gill-tickets/comedy/2026-10-10-7-pm/18052998,,seatgeek: https://seatgeek.com/kanan-gill-tickets/comedy/2026-10-10-7-pm/18052998,1,Atlanta,33.7922,-84.388
Kanan Gill: Not This Again,2026-10-10,7:00 PM,"Center Stage Theater, Atlanta",,Comedy,https://www.ticketmaster.com/kanan-gill-not-this-again-atlanta-georgia-10-10-2026/event/0E00643CCDDAAB15,"Outback presents: Kanan Gill Not This Again October 10, 2026 | Center Stage | Reserved Seating | All Ages The price you see is the price you pay! All fees are included in the price you see on Ticketmaster (excluding taxes). For ADA Accommodations, email info@rivalentertainment.com. For parking information and an FAQ, visit us at centerstage-atlanta.com.",ticketmaster: https://www.ticketmaster.com/kanan-gill-not-this-again-atlanta-georgia-10-10-2026/event/0E00643CCDDAAB15,1,Atlanta,33.7918926,-84.3877907
Knumears with DJ Catalyst,2026-10-10,7:00 PM,"The Masquerade - Altar, Atlanta",,Concert / Live Music,https://seatgeek.com/knumears-tickets/atlanta-georgia-the-masquerade-altar-2026-10-10-7-pm/concert/18515744,,seatgeek: https://seatgeek.com/knumears-tickets/atlanta-georgia-the-masquerade-altar-2026-10-10-7-pm/concert/18515744,1,Atlanta,33.752,-84.3895
Kylie Cantrall,2026-10-10,7:00 PM,"The Eastern-GA, Atlanta",,Concert / Live Music,https://www.ticketmaster.com/event/Z7r9jZ1AAZPev,,ticketmaster: https://www.ticketmaster.com/event/Z7r9jZ1AAZPev | seatgeek: https://seatgeek.com/kylie-cantrall-tickets/atlanta-georgia-the-eastern-atlanta-2026-10-10-7-pm/concert/18421088,2,Atlanta,33.7136,-84.332802
LYFE ATL SATURDAY [FREE ENTRY W/ RSVP],2026-10-10,10:00 PM - 3:00 AM,"Lyfe ATL, 201 Courtland Street Northeast, Atlanta, GA 30303",,Concert / Live Music,https://www.eventbrite.com/e/lyfe-atl-saturday-free-entry-w-rsvp-tickets-1021242573027,,eventbrite: https://www.eventbrite.com/e/lyfe-atl-saturday-free-entry-w-rsvp-tickets-1021242573027,1,Atlanta,33.749,-84.388
Like Father,2026-10-10,7:30 PM,"Alliance Theatre, Atlanta",,General,https://www.ticketmaster.com/event/Z7r9jZ1A70M_N,,ticketmaster: https://www.ticketmaster.com/event/Z7r9jZ1A70M_N,1,Atlanta,33.797401,-84.386803
Like Father - Atlanta,2026-10-10,7:30 PM,"Hertz Stage at Alliance Theatre, Atlanta",,Arts & Theatre,https://seatgeek.com/like-father-1-tickets/theater/2026-10-10-7-30-pm/18275293,,seatgeek: https://seatgeek.com/like-father-1-tickets/theater/2026-10-10-7-30-pm/18275293,1,Atlanta,33.7896,-84.3844
Live Music,2026-10-10,6:00 PM,"Eddie's Attic - Decatur, Decatur",,Concert / Live Music,https://seatgeek.com/live-music-tickets/decatur-georgia-eddie-s-attic-decatur-2026-10-10-6-pm/concert/18539552,,seatgeek: https://seatgeek.com/live-music-tickets/decatur-georgia-eddie-s-attic-decatur-2026-10-10-6-pm/concert/18539552 | seatgeek: https://seatgeek.com/live-music-tickets/decatur-georgia-eddie-s-attic-decatur-2026-10-10-8-pm/concert/18593937,2,Atlanta,33.7739,-84.2964
MARVIN: The Marvin Gaye Musical - Atlanta,2026-10-10,3:00 PM,"Cobb Energy Performing Arts Centre, Atlanta",,Concert / Live Music,https://www.ticketmaster.com/marvin-the-marvin-gaye-musical-atlanta-georgia-10-10-2026/event/0E006511986E6D05,"Seats in the mezzanine and grand tier are not ADA accessible. If you need accessible seats, you should only buy seats designated as wheelchair accessible and their companion tickets in the orchestra. Please note: Anyone attending a performance at the Cobb Energy Performing Arts Centre requires a ticket, regardless of age.",ticketmaster: https://www.ticketmaster.com/marvin-the-marvin-gaye-musical-atlanta-georgia-10-10-2026/event/0E006511986E6D05 | ticketmaster: https://www.ticketmaster.com/marvin-the-marvin-gaye-musical-atlanta-georgia-10-10-2026/event/0E00651198716D11 | seatgeek: https://seatgeek.com/marvin-the-marvin-gaye-musical-tickets/theater/2026-10-10-3-pm/18586031 | seatgeek: https://seatgeek.com/marvin-the-marvin-gaye-musical-tickets/theater/2026-10-10-8-pm/18507333,4,Atlanta,33.8844269,-84.4583631
MEXODUS - Atlanta,2026-10-10,2:00 PM,"Coca-Cola Stage at Alliance Theatre, Atlanta",,Arts & Theatre,https://seatgeek.com/mexodus-tickets/theater/2026-10-10-2-pm/18271265,,seatgeek: https://seatgeek.com/mexodus-tickets/theater/2026-10-10-2-pm/18271265 | seatgeek: https://seatgeek.com/mexodus-tickets/theater/2026-10-10-7-30-pm/18271264,2,Atlanta,33.7901,-84.3855
Marvin Gaye Skyline Lounge,2026-10-10,3:00 PM,"Cobb Energy Performing Arts Centre, Atlanta",,Concert / Live Music,https://www.ticketmaster.com/marvin-gaye-skyline-lounge-atlanta-georgia-10-10-2026/event/0E006511C5C7DCE5,"THIS EVENT SPACE IS FOR AGES 21 AND OLDER. Add to your experience at Cobb Energy Centre with inclusive $55.00 price at the Skyline Lounge. This premium lounge features a custom bar and ample seating. Enhance your concert experience at the Skyline Lounge at Cobb Energy Centre. Located on the Grand Tier, this exclusive space offers an airy and inviting atmosphere with a stylish and comfortable bar area. For one inclusive price, your admission includes exclusive use of the lounge starting 90 minutes prior to showtime and during intermission (when applicable), access to a dedicated bar featuring e",ticketmaster: https://www.ticketmaster.com/marvin-gaye-skyline-lounge-atlanta-georgia-10-10-2026/event/0E006511C5C7DCE5 | ticketmaster: https://www.ticketmaster.com/marvin-gaye-skyline-lounge-atlanta-georgia-10-10-2026/event/0E006511C5CEDCF7,2,Atlanta,33.8844269,-84.4583631
Mary Fahl,2026-10-10,8:00 PM,"Red Clay Music Foundry, Duluth",,Concert / Live Music,https://seatgeek.com/mary-fahl-tickets/duluth-georgia-red-clay-music-foundry-2026-10-10-8-pm/concert/18527986,,seatgeek: https://seatgeek.com/mary-fahl-tickets/duluth-georgia-red-clay-music-foundry-2026-10-10-8-pm/concert/18527986,1,Atlanta,34.002457,-84.145
Mexodus,2026-10-10,2:00 PM,"Alliance Theatre - Coca-Cola Stage, Atlanta",,Arts & Theatre,https://www.ticketmaster.com/event/Z7r9jZ1A709k8,,ticketmaster: https://www.ticketmaster.com/event/Z7r9jZ1A709k8 | ticketmaster: https://www.ticketmaster.com/event/Z7r9jZ1A70y04,2,Atlanta,33.797401,-84.386803
Michael Carbonaro,2026-10-10,7:00 PM,"Byers Theatre - Sandy Springs Performing Arts, Sandy Springs",,Comedy,https://seatgeek.com/michael-carbonaro-tickets/comedy/2026-10-10-7-pm/18622965,,seatgeek: https://seatgeek.com/michael-carbonaro-tickets/comedy/2026-10-10-7-pm/18622965,1,Atlanta,33.9245,-84.3807
Mike Feeney,2026-10-10,10:00 PM,"Helium Comedy Club - GA, Alpharetta",,Arts & Theatre,https://www.ticketmaster.com/event/Z7r9jZ1A708k_,,ticketmaster: https://www.ticketmaster.com/event/Z7r9jZ1A708k_ | seatgeek: https://seatgeek.com/mike-feeney-tickets/comedy/2026-10-10-7-30-pm/18453345 | seatgeek: https://seatgeek.com/mike-feeney-tickets/comedy/2026-10-10-10-pm/18453346,3,Atlanta,34.084301,-84.224899
Music for the Very Young: I Spy - Atlanta,2026-10-10,11:15 AM,"Goizueta Stage at Alliance Theatre, Atlanta",,Concert / Live Music,https://seatgeek.com/music-for-the-very-young-tickets/atlanta-georgia-goizueta-stage-at-alliance-theatre-2026-10-10-11-15-am/concert/18549247,,seatgeek: https://seatgeek.com/music-for-the-very-young-tickets/atlanta-georgia-goizueta-stage-at-alliance-theatre-2026-10-10-11-15-am/concert/18549247 | seatgeek: https://seatgeek.com/music-for-the-very-young-tickets/atlanta-georgia-goizueta-stage-at-alliance-theatre-2026-10-10-11-15-am/concert/18225945,2,Atlanta,33.78999,-84.38616
Ragtime - Marietta,2026-10-10,3:00 PM,"Marietta Square, Marietta",,Sports & Fitness,https://seatgeek.com/ragtime-tickets/broadway/2026-10-10-3-pm/18622413,,seatgeek: https://seatgeek.com/ragtime-tickets/broadway/2026-10-10-3-pm/18622413 | seatgeek: https://seatgeek.com/ragtime-tickets/broadway/2026-10-10-8-pm/18622415,2,Atlanta,33.9528,-84.5496
Russian Circles with Pelican,2026-10-10,8:00 PM,"Variety Playhouse, Atlanta",,Concert / Live Music,https://www.ticketmaster.com/event/Z7r9jZ1A7PgON,,ticketmaster: https://www.ticketmaster.com/event/Z7r9jZ1A7PgON | seatgeek: https://seatgeek.com/russian-circles-tickets/atlanta-georgia-variety-playhouse-2026-10-10-8-pm/concert/18334143,2,Atlanta,33.770199,-84.334602
SIGNATURE SATURDAYS | @ BAMBOO ATL | OCT 10th | FREE ENTRY TIL 12AM | 21+,2026-10-10,10:00 PM - 3:00 AM,"Bamboo atlanta, 183 Forsyth Street Southwest, Atlanta, GA 30303",,Nightlife / Party,https://www.eventbrite.com/e/signature-saturdays-bamboo-atl-oct-10th-free-entry-til-12am-21-tickets-1997330107117,,eventbrite: https://www.eventbrite.com/e/signature-saturdays-bamboo-atl-oct-10th-free-entry-til-12am-21-tickets-1997330107117,1,Atlanta,33.749,-84.388
Savannah State Tigers at Morehouse Maroon Tigers Football,2026-10-10,1:00 PM,"B. T. Harvey Stadium, Atlanta",,Sports & Fitness,https://seatgeek.com/morehouse-maroon-tigers-football-tickets/ncaa-football/2026-10-10-1-pm/18503848,,seatgeek: https://seatgeek.com/morehouse-maroon-tigers-football-tickets/ncaa-football/2026-10-10-1-pm/18503848,1,Atlanta,33.7457,-84.4161
Show Me The Body,2026-10-10,8:00 PM,"Terminal West, Atlanta",,Concert / Live Music,https://www.ticketmaster.com/event/Z7r9jZ1A7P3Os,,ticketmaster: https://www.ticketmaster.com/event/Z7r9jZ1A7P3Os | seatgeek: https://seatgeek.com/show-me-the-body-tickets/atlanta-georgia-terminal-west-2026-10-10-4-pm/concert/18563564,2,Atlanta,33.791901,-84.446404
Show Me The Body with Whispers and Jivebomb,2026-10-10,8:00 PM,"Terminal West, Atlanta",,Concert / Live Music,https://seatgeek.com/show-me-the-body-tickets/atlanta-georgia-terminal-west-2026-10-10-8-pm/concert/18297346,,seatgeek: https://seatgeek.com/show-me-the-body-tickets/atlanta-georgia-terminal-west-2026-10-10-8-pm/concert/18297346,1,Atlanta,33.782307,-84.4164
TRAP VS R&B BRUNCH + DAY PARTY | ATLANTA’S #1 ROOFTOP DAY PARTY,2026-10-10,3:00 PM - 9:00 PM,"Cafe Circa, 464 Edgewood Avenue Southeast, Atlanta, GA 30312",,Nightlife / Party,https://www.eventbrite.com/e/trap-vs-rb-brunch-day-party-atlantas-1-rooftop-day-party-tickets-130323899291,,eventbrite: https://www.eventbrite.com/e/trap-vs-rb-brunch-day-party-atlantas-1-rooftop-day-party-tickets-130323899291,1,Atlanta,33.749,-84.388
Tate Butts,2026-10-10,6:00 PM,"Eddie's Attic, Decatur",,Concert / Live Music,https://www.ticketmaster.com/tate-butts-decatur-georgia-10-10-2026/event/0E00651BC8E350DB,"Tate Butts live at Eddie's Attic! At just 14 years old, South Carolina native Tate Butts is already making waves in the Christian music world with his debut EP Something to Believe In, a seven-song collection of faith-based originals released July 10, 2026. He won the top prize in the Solo Songwriting Category at the International Teen Talent 2025 competition, earned a publishing agreement with Spirit Sound Music Group, and has been featured alongside major artists including Forrest Frank and Brandon Lake, who invited him on stage after seeing a viral video of Butts singing his song. A regular",ticketmaster: https://www.ticketmaster.com/tate-butts-decatur-georgia-10-10-2026/event/0E00651BC8E350DB,1,Atlanta,33.773975,-84.296271
The Brokes,2026-10-10,7:30 PM,"The Earl, Atlanta",,Concert / Live Music,https://seatgeek.com/the-brokes-tickets/atlanta-georgia-the-earl-2026-10-10-7-30-pm/concert/18622163,,seatgeek: https://seatgeek.com/the-brokes-tickets/atlanta-georgia-the-earl-2026-10-10-7-30-pm/concert/18622163,1,Atlanta,33.741,-84.3459
The Christmas Carnival at Selfie Paradise Museum,2026-10-10,1:00 PM,"Selfie Paradise Museum, Douglasville",,Festival,https://www.universe.com/events/the-christmas-carnival-at-selfie-paradise-museum-tickets-7PQG9Y?ref=ticketmaster,,ticketmaster: https://www.universe.com/events/the-christmas-carnival-at-selfie-paradise-museum-tickets-7PQG9Y?ref=ticketmaster | ticketmaster: https://www.universe.com/events/the-christmas-carnival-at-selfie-paradise-museum-tickets-7PQG9Y?ref=ticketmaster | ticketmaster: https://www.universe.com/events/the-christmas-carnival-at-selfie-paradise-museum-tickets-7PQG9Y?ref=ticketmaster | ticketmaster: https://www.universe.com/events/the-christmas-carnival-at-selfie-paradise-museum-tickets-7PQG9Y?ref=ticketmaster | ticketmaster: https://www.universe.com/events/the-christmas-carnival-at-selfie-paradise-museum-tickets-7PQG9Y?ref=ticketmaster | ticketmaster: https://www.universe.com/events/the-christmas-carnival-at-selfie-paradise-museum-tickets-7PQG9Y?ref=ticketmaster | ticketmaster: https://www.universe.com/events/the-christmas-carnival-at-selfie-paradise-museum-tickets-7PQG9Y?ref=ticketmaster,7,Atlanta,33.728206,-84.743421
Tours: Truist Park,2026-10-10,2:00 PM,"Truist Park, Atlanta",,Concert / Live Music,https://www.ticketmaster.com/tours-truist-park-atlanta-georgia-10-10-2026/event/0E00651194B16120,"Tours begin based on the following schedule: In-Season (April-September/Playoffs) Monday - Saturday : 10:00am, 11:00am, Noon, 1:00pm, 2:00pm Sundays: 1:00pm, 3:00pm Off-Season (Oct-Mar) Mon-Sat: 10:00am, 12:00pm, 2:00pm Tours are 90 minutes in length. No Tours are given if a day game is being played. Please be sure to not only select the correct number and types of tickets, but also the time you want to attend.",ticketmaster: https://www.ticketmaster.com/tours-truist-park-atlanta-georgia-10-10-2026/event/0E00651194B16120,1,Atlanta,33.890304,-84.468127
WEEZER: The Gathering,2026-10-10,7:00 PM,"State Farm Arena, Atlanta",,Concert / Live Music,https://www.ticketmaster.com/weezer-the-gathering-atlanta-georgia-10-10-2026/event/0E006470D9A0CD93,,ticketmaster: https://www.ticketmaster.com/weezer-the-gathering-atlanta-georgia-10-10-2026/event/0E006470D9A0CD93,1,Atlanta,33.757796,-84.394569
Wagner + Brahms,2026-10-10,8:00 PM,"Atlanta Symphony Hall, Atlanta",,Concert / Live Music,https://www.ticketmaster.com/wagner-brahms-atlanta-georgia-10-10-2026/event/0E0064CBD5BA48EE,"Music Director Nathalie Stutzmann tees up a season-long homage to the spirited delights of Johannes Brahms. Starting with an audience favorite, the Atlanta Symphony Orchestra welcomes the young violin hotshot Johan Dalene, a ""tantalizing talent,"" for Brahms's feverishly impassioned Violin Concerto. After intermission, the Orchestra roars back to life with Brahms's thundering Symphony No. 1. Maestro Stutzmann opens the program with a pyrotechnic classic, the Overture to Handel's Music for the Royal Fireworks.",ticketmaster: https://www.ticketmaster.com/wagner-brahms-atlanta-georgia-10-10-2026/event/0E0064CBD5BA48EE,1,Atlanta,33.790098,-84.385493
Weezer with The Shins and Silversun Pickups,2026-10-10,7:00 PM,"State Farm Arena, Atlanta",,Concert / Live Music,https://seatgeek.com/weezer-tickets/atlanta-georgia-state-farm-arena-1-2026-10-10-7-pm/concert/18147534,,seatgeek: https://seatgeek.com/weezer-tickets/atlanta-georgia-state-farm-arena-1-2026-10-10-7-pm/concert/18147534,1,Atlanta,33.7566,-84.3969
Adele Givens,2026-10-11,7:00 PM,"Helium Comedy Club - Atlanta, Alpharetta",,Comedy,https://seatgeek.com/adele-givens-tickets/comedy/2026-10-11-7-pm/18567438,,seatgeek: https://seatgeek.com/adele-givens-tickets/comedy/2026-10-11-7-pm/18567438,1,Atlanta,34.0754,-84.2941
Atlanta Pride,2026-10-11,,Piedmont Park,,Festival,https://www.reddit.com/r/Atlanta/comments/1wyaoiw/week_in_review_jail_sale_the_beltlines_final/,The Atlanta Pride festival runs in Piedmont Park with Rep. Everton Blair Jr. serving as Honorary Grand Marshal.,community: https://www.reddit.com/r/Atlanta/comments/1wyaoiw/week_in_review_jail_sale_the_beltlines_final/,1,Atlanta,33.749,-84.388
Atlanta Symphony Orchestra - Alpharetta,2026-10-11,6:00 PM,"Ameris Bank Amphitheatre, Alpharetta",,Arts & Theatre,https://seatgeek.com/atlanta-symphony-orchestra-tickets/classical/2026-10-11-6-pm/18405409,,seatgeek: https://seatgeek.com/atlanta-symphony-orchestra-tickets/classical/2026-10-11-6-pm/18405409,1,Atlanta,34.0544,-84.3067
BD Stellmacher in Harlem Nights: Unsung Heroes,2026-10-11,6:00 PM - 9:00 PM,"3063 Bolling Way NE, 3063 Bolling Way Northeast, Atlanta, GA 30305",,Nightlife / Party,https://www.eventbrite.com/e/bd-stellmacher-in-harlem-nights-unsung-heroes-tickets-1993755790239,,eventbrite: https://www.eventbrite.com/e/bd-stellmacher-in-harlem-nights-unsung-heroes-tickets-1993755790239,1,Atlanta,33.749,-84.388
BOLD9 #boldlipsandbowties,2026-10-11,4:00 PM - 9:00 PM,"The Retreat by TGS, 1115 Howell Mill Road Northwest, Atlanta, GA 30318",,Conference / Expo,https://www.eventbrite.com/e/bold9-boldlipsandbowties-tickets-1996766200457,,eventbrite: https://www.eventbrite.com/e/bold9-boldlipsandbowties-tickets-1996766200457,1,Atlanta,33.749,-84.388
Baltimore Ravens at Atlanta Falcons,2026-10-11,8:20 PM,"Mercedes-Benz Stadium, Atlanta",,Sports & Fitness,https://www.ticketmaster.com/atlanta-falcons-v-baltimore-ravens-atlanta-georgia-10-11-2026/event/0E00647F8E096D28,"Express Entry: Avoid lines and get in the game faster. Its free and takes less than a minute to connect your ticket account https://www.mercedesbenzstadium.com/labs/delta-fly-through-lanes CLEAR BAG POLICY IN EFFECT for entry into the stadium: visit https://www.mercedesbenzstadium.com/guidelines#bag-policy - must be CLEAR plastic, vinyl or PVC and not exceed 12"" x 6"" x 12"". Cannot be tinted with color or include oversized content that prevents visibility into the bag. - Only non-clear bags that are smaller than 4.5"" x 6.5"" will be permitted into the venue. - Any type of NON-CLEAR bag exceeding",ticketmaster: https://www.ticketmaster.com/atlanta-falcons-v-baltimore-ravens-atlanta-georgia-10-11-2026/event/0E00647F8E096D28 | seatgeek: https://seatgeek.com/atlanta-falcons-tickets/10-11-2026-atlanta-georgia-mercedes-benz-stadium/nfl/18016663,2,Atlanta,33.755389,-84.400823
Bright Eyes,2026-10-11,7:30 PM,"Variety Playhouse, Atlanta",,Concert / Live Music,https://www.ticketmaster.com/event/Z7r9jZ1A7Ptx_,,ticketmaster: https://www.ticketmaster.com/event/Z7r9jZ1A7Ptx_,1,Atlanta,33.770199,-84.334602
Bright Eyes with Lullaby for the Working Class,2026-10-11,7:30 PM,"Variety Playhouse, Atlanta",,Concert / Live Music,https://seatgeek.com/bright-eyes-tickets/atlanta-georgia-variety-playhouse-2026-10-11-7-30-pm/concert/18346789,,seatgeek: https://seatgeek.com/bright-eyes-tickets/atlanta-georgia-variety-playhouse-2026-10-11-7-30-pm/concert/18346789,1,Atlanta,33.7637,-84.3511
Craig Ferguson,2026-10-11,7:00 PM,"Helium Comedy Club - Atlanta, Alpharetta",,Comedy,https://seatgeek.com/craig-ferguson-tickets/comedy/2026-10-11-7-pm/18562868,,seatgeek: https://seatgeek.com/craig-ferguson-tickets/comedy/2026-10-11-7-pm/18562868,1,Atlanta,34.0754,-84.2941
Deltron 3030,2026-10-11,8:00 PM,"Center Stage Theater, Atlanta",,Concert / Live Music,https://www.ticketmaster.com/deltron-3030-atlanta-georgia-10-11-2026/event/0E0064C58E8779B7,"Rival presents: Deltron 3030 w/ Kid Koala, Leilani, & Kyle Rapps October 11, 2026 | CENTER STAGE | General Admission | All Ages The price you see is the price you pay! All fees are included in the price you see on Ticketmaster (excluding taxes). For ADA Accommodations, email info@rivalentertainment.com. For parking information and an FAQ, visit us at centerstage-atlanta.com.",ticketmaster: https://www.ticketmaster.com/deltron-3030-atlanta-georgia-10-11-2026/event/0E0064C58E8779B7,1,Atlanta,33.7918926,-84.3877907
Deltron 3030 with Kid Koala,2026-10-11,8:00 PM,"Center Stage Theater - Atlanta, Atlanta",,Concert / Live Music,https://seatgeek.com/deltron-3030-tickets/atlanta-georgia-center-stage-theater-atlanta-2026-10-11-8-pm/concert/18297914,,seatgeek: https://seatgeek.com/deltron-3030-tickets/atlanta-georgia-center-stage-theater-atlanta-2026-10-11-8-pm/concert/18297914,1,Atlanta,33.7922,-84.388
Epik High,2026-10-11,8:00 PM,"The Eastern-GA, Atlanta",,Concert / Live Music,https://www.ticketmaster.com/event/Z7r9jZ1A7P-Ja,,ticketmaster: https://www.ticketmaster.com/event/Z7r9jZ1A7P-Ja | seatgeek: https://seatgeek.com/epik-high-tickets/atlanta-georgia-the-eastern-atlanta-2026-10-11-8-pm/concert/18419390,2,Atlanta,33.7136,-84.332802
Fraxiom,2026-10-11,7:00 PM,"Aisle 5, Atlanta",,Concert / Live Music,https://seatgeek.com/fraxiom-tickets/atlanta-georgia-aisle-5-2026-10-11-7-pm/concert/18622312,,seatgeek: https://seatgeek.com/fraxiom-tickets/atlanta-georgia-aisle-5-2026-10-11-7-pm/concert/18622312,1,Atlanta,33.7643,-84.3502
Fuerza Regida,2026-10-11,8:00 PM,"Lakewood Amphitheatre, Atlanta",,Concert / Live Music,https://seatgeek.com/fuerza-regida-tickets/atlanta-georgia-lakewood-amphitheatre-2026-10-11-8-pm/concert/18537089,,seatgeek: https://seatgeek.com/fuerza-regida-tickets/atlanta-georgia-lakewood-amphitheatre-2026-10-11-8-pm/concert/18537089,1,Atlanta,33.7035,-84.3973
Fuerza Regida - This Is Our Dream Tour 2026,2026-10-11,8:00 PM,"Lakewood Amphitheatre, Atlanta",,Concert / Live Music,https://www.ticketmaster.com/fuerza-regida-this-is-our-dream-atlanta-georgia-10-11-2026/event/0E0065049CED6CAD,The box office is only open on the night of the event. All Lakewood Amphitheatre events are rain or shine.,ticketmaster: https://www.ticketmaster.com/fuerza-regida-this-is-our-dream-atlanta-georgia-10-11-2026/event/0E0065049CED6CAD,1,Atlanta,33.70403,-84.396028
Garage - 1180 Peachtree St: Vitamin String Quartet & Girl Named Tom,2026-10-11,7:00 PM,"Atlanta Symphony Hall, Atlanta",,General,https://www.ticketmaster.com/garage-1180-peachtree-st-vitamin-string-atlanta-georgia-10-11-2026/event/0E0064AFA611D809,Garage: 1180 Peachtree Street NE (Peachtree NE & 14th Street),ticketmaster: https://www.ticketmaster.com/garage-1180-peachtree-st-vitamin-string-atlanta-georgia-10-11-2026/event/0E0064AFA611D809,1,Atlanta,33.790098,-84.385493
Hairspray - Lawrenceville,2026-10-11,2:00 PM,"Clyde and Sandra Strickland Grand Stage at Aurora Theatre, Lawrenceville",,Arts & Theatre,https://seatgeek.com/hairspray-tickets/theater/2026-10-11-2-pm/18622901,,seatgeek: https://seatgeek.com/hairspray-tickets/theater/2026-10-11-2-pm/18622901,1,Atlanta,33.957127,-83.98724
Heated Rivalry Night,2026-10-11,8:00 PM,"Terminal West, Atlanta",,General,https://www.ticketmaster.com/event/Z7r9jZ1AAZUe9,,ticketmaster: https://www.ticketmaster.com/event/Z7r9jZ1AAZUe9,1,Atlanta,33.791901,-84.446404
Heated Rivalry Rave,2026-10-11,8:00 PM,"Terminal West, Atlanta",,Concert / Live Music,https://seatgeek.com/heated-rivalry-rave-tickets/atlanta-georgia-terminal-west-2026-10-11-8-pm/concert/18508090,,seatgeek: https://seatgeek.com/heated-rivalry-rave-tickets/atlanta-georgia-terminal-west-2026-10-11-8-pm/concert/18508090,1,Atlanta,33.782307,-84.4164
Holiday Portraits: Capture the Magic at Selfie Paradise Museum,2026-10-11,2:00 PM,"Selfie Paradise Museum, Douglasville",,General,https://www.universe.com/events/holiday-portraits-capture-the-magic-at-selfie-paradise-museum-tickets-6HVT5N?ref=ticketmaster,,ticketmaster: https://www.universe.com/events/holiday-portraits-capture-the-magic-at-selfie-paradise-museum-tickets-6HVT5N?ref=ticketmaster | ticketmaster: https://www.universe.com/events/holiday-portraits-capture-the-magic-at-selfie-paradise-museum-tickets-6HVT5N?ref=ticketmaster | ticketmaster: https://www.universe.com/events/holiday-portraits-capture-the-magic-at-selfie-paradise-museum-tickets-6HVT5N?ref=ticketmaster | ticketmaster: https://www.universe.com/events/holiday-portraits-capture-the-magic-at-selfie-paradise-museum-tickets-6HVT5N?ref=ticketmaster | ticketmaster: https://www.universe.com/events/holiday-portraits-capture-the-magic-at-selfie-paradise-museum-tickets-6HVT5N?ref=ticketmaster | ticketmaster: https://www.universe.com/events/holiday-portraits-capture-the-magic-at-selfie-paradise-museum-tickets-6HVT5N?ref=ticketmaster,6,Atlanta,33.728206,-84.743421
JOHNNYSWIM - Greetings from Georgica Pond,2026-10-11,8:00 PM,"Tabernacle Presented by iTHINK Financial, Atlanta",,Sports & Fitness,https://www.ticketmaster.com/johnnyswim-greetings-from-georgica-pond-atlanta-georgia-10-11-2026/event/0E006494A0238B8A,"This is a fully reserved seating performance. All ages welcome. Box Office Open at 6pm. Doors at 7pm. Show at 8pm. Please be aware our balconies are not ADA accessible. All accommodations are located on the main floor level. There is no elevator in the building. Please ask event staff for any ADA assistance upon arrival. Guests who have purchased ADA tickets may request assistance from event staff upon arrival. If all ADA accommodations are sold out, please email the venue at tabernacle@livenation.com.",ticketmaster: https://www.ticketmaster.com/johnnyswim-greetings-from-georgica-pond-atlanta-georgia-10-11-2026/event/0E006494A0238B8A,1,Atlanta,33.758688,-84.391449
Johnnyswim,2026-10-11,8:00 PM,"Tabernacle Presented by iTHINK Financial, Atlanta",,Concert / Live Music,https://seatgeek.com/johnnyswim-tickets/atlanta-georgia-the-tabernacle-atlanta-2026-10-11-8-pm/concert/18200959,,seatgeek: https://seatgeek.com/johnnyswim-tickets/atlanta-georgia-the-tabernacle-atlanta-2026-10-11-8-pm/concert/18200959,1,Atlanta,33.7589,-84.3914
Like Father,2026-10-11,7:30 PM,"Alliance Theatre, Atlanta",,General,https://www.ticketmaster.com/event/Z7r9jZ1A70M_0,,ticketmaster: https://www.ticketmaster.com/event/Z7r9jZ1A70M_0,1,Atlanta,33.797401,-84.386803
Like Father - Atlanta,2026-10-11,7:30 PM,"Hertz Stage at Alliance Theatre, Atlanta",,Arts & Theatre,https://seatgeek.com/like-father-1-tickets/theater/2026-10-11-7-30-pm/18275296,,seatgeek: https://seatgeek.com/like-father-1-tickets/theater/2026-10-11-7-30-pm/18275296,1,Atlanta,33.7896,-84.3844
MEXODUS - Atlanta,2026-10-11,2:00 PM,"Coca-Cola Stage at Alliance Theatre, Atlanta",,Arts & Theatre,https://seatgeek.com/mexodus-tickets/theater/2026-10-11-2-pm/18271267,,seatgeek: https://seatgeek.com/mexodus-tickets/theater/2026-10-11-2-pm/18271267 | seatgeek: https://seatgeek.com/mexodus-tickets/theater/2026-10-11-7-30-pm/18271269,2,Atlanta,33.7901,-84.3855
Mercer Bears at Kennesaw State Owls Mens Basketball (Exhibition),2026-10-11,1:00 PM,"VyStar Arena at the KSU Convocation Center, Kennesaw",,Sports & Fitness,https://seatgeek.com/kennesaw-state-owls-mens-basketball-tickets/ncaa-basketball/2026-10-11-1-pm/18633258,,seatgeek: https://seatgeek.com/kennesaw-state-owls-mens-basketball-tickets/ncaa-basketball/2026-10-11-1-pm/18633258,1,Atlanta,34.0321,-84.5811
Mexodus,2026-10-11,2:00 PM,"Alliance Theatre - Coca-Cola Stage, Atlanta",,Arts & Theatre,https://www.ticketmaster.com/event/Z7r9jZ1A70pOO,,ticketmaster: https://www.ticketmaster.com/event/Z7r9jZ1A70pOO | ticketmaster: https://www.ticketmaster.com/event/Z7r9jZ1A70y0p,2,Atlanta,33.797401,-84.386803
Music for the Very Young: I Spy - Atlanta,2026-10-11,10:00 AM,"Goizueta Stage at Alliance Theatre, Atlanta",,Concert / Live Music,https://seatgeek.com/music-for-the-very-young-tickets/atlanta-georgia-goizueta-stage-at-alliance-theatre-2026-10-11-10-am/concert/18225944,,seatgeek: https://seatgeek.com/music-for-the-very-young-tickets/atlanta-georgia-goizueta-stage-at-alliance-theatre-2026-10-11-10-am/concert/18225944,1,Atlanta,33.78999,-84.38616
Palmyra,2026-10-11,6:00 PM,"Eddie's Attic - Decatur, Decatur",,Concert / Live Music,https://seatgeek.com/palmyra-tickets/decatur-georgia-eddie-s-attic-decatur-2026-10-11-6-pm/concert/18499001,,seatgeek: https://seatgeek.com/palmyra-tickets/decatur-georgia-eddie-s-attic-decatur-2026-10-11-6-pm/concert/18499001,1,Atlanta,33.7739,-84.2964
Palmyra w/ Liv Greene,2026-10-11,6:00 PM,"Eddie's Attic, Decatur",,Concert / Live Music,https://www.ticketmaster.com/palmyra-w-liv-greene-decatur-georgia-10-11-2026/event/0E00650CE5670EA5,"Palmyra live at Eddie's Attic! Established in Virginia's Shenandoah Valley, Palmyra captures the collective spirit of three Virginia natives: Teddy Chipouras, Manoa Bell, and Sasha Landon. They are, on one hand, a band from the South that plays traditional instruments with an inevitable kinship to The Avett Brothers and Old Crow Medicine Show. On the other hand, Palmyra writes about grief, gender dysphoria, and coming of age in songs that flirt with soul, post-rock, and even emo. The South, too, is the place of My Morning Jacket, Band of Horses, Cat Power, and now, Palmyra. Their debut LP Rest",ticketmaster: https://www.ticketmaster.com/palmyra-w-liv-greene-decatur-georgia-10-11-2026/event/0E00650CE5670EA5,1,Atlanta,33.773975,-84.296271
Quinn Sullivan,2026-10-11,8:00 PM,"Vinyl, Atlanta",,Concert / Live Music,https://www.ticketmaster.com/quinn-sullivan-atlanta-georgia-10-11-2026/event/0E006505DEC2B9B1,"Rival presents: Quinn Sullivan w/ Zach Person October 11, 2026 | VINYL | General Admission | All Ages The price you see is the price you pay! All fees are included in the price you see on Ticketmaster (excluding taxes). For ADA Accommodations, email info@rivalentertainment.com. For parking information and an FAQ, visit us at centerstage-atlanta.com.",ticketmaster: https://www.ticketmaster.com/quinn-sullivan-atlanta-georgia-10-11-2026/event/0E006505DEC2B9B1,1,Atlanta,33.7918926,-84.3877907
Quinn Sullivan with Zach Person,2026-10-11,8:00 PM,"Vinyl at Center Stage, Atlanta",,Concert / Live Music,https://seatgeek.com/quinn-sullivan-tickets/atlanta-georgia-vinyl-at-center-stage-2026-10-11-8-pm/concert/18426382,,seatgeek: https://seatgeek.com/quinn-sullivan-tickets/atlanta-georgia-vinyl-at-center-stage-2026-10-11-8-pm/concert/18426382,1,Atlanta,33.7922,-84.3883
R&B ROOFTOP BRUNCH + DAY PARTY,2026-10-11,3:00 PM - 9:00 PM,"Cafe Circa, 464 Edgewood Avenue Southeast, Atlanta, GA 30312",,Nightlife / Party,https://www.eventbrite.com/e/rb-rooftop-brunch-day-party-tickets-143005871411,,eventbrite: https://www.eventbrite.com/e/rb-rooftop-brunch-day-party-tickets-143005871411,1,Atlanta,33.749,-84.388
Ragtime - Marietta,2026-10-11,3:00 PM,"Marietta Square, Marietta",,Sports & Fitness,https://seatgeek.com/ragtime-tickets/broadway/2026-10-11-3-pm/18622417,,seatgeek: https://seatgeek.com/ragtime-tickets/broadway/2026-10-11-3-pm/18622417,1,Atlanta,33.9528,-84.5496
Rum Punch Brunch: Eat. Sip. Chill.,2026-10-11,12:30 PM - 9:30 PM,"Believe Music Hall, 181 Ralph David Abernathy Boulevard, Atlanta, GA 30312",,Food & Drink,https://www.eventbrite.com/e/rum-punch-brunch-eat-sip-chill-tickets-1984387093214,,eventbrite: https://www.eventbrite.com/e/rum-punch-brunch-eat-sip-chill-tickets-1984387093214,1,Atlanta,33.749,-84.388
Silvana Estrada,2026-10-11,8:00 PM,"The Loft, Atlanta",,Concert / Live Music,https://www.ticketmaster.com/silvana-estrada-atlanta-georgia-10-11-2026/event/0E0064F0A92CA36A,"Rival presents: Silvana Estrada Suaves Lluvias 2026 Tour October 11, 2026 | LOFT | General Admission | All Ages The price you see is the price you pay! All fees are included in the price you see on Ticketmaster (excluding taxes). For ADA Accommodations, email info@rivalentertainment.com. For parking information and an FAQ, visit us at centerstage-atlanta.com.",ticketmaster: https://www.ticketmaster.com/silvana-estrada-atlanta-georgia-10-11-2026/event/0E0064F0A92CA36A | seatgeek: https://seatgeek.com/silvana-estrada-tickets/atlanta-georgia-the-loft-at-center-stage-2026-10-11-8-pm/concert/18390630,2,Atlanta,33.7918926,-84.3877907
Steve Hofstetter,2026-10-11,6:00 PM,"Helium Comedy Club - Atlanta, Alpharetta",,Comedy,https://seatgeek.com/steve-hofstetter-tickets/comedy/2026-10-11-6-pm/18453558,,seatgeek: https://seatgeek.com/steve-hofstetter-tickets/comedy/2026-10-11-6-pm/18453558,1,Atlanta,34.0754,-84.2941
Symphony at Sunset: Halloween Spooktacular with the ASO,2026-10-11,6:00 PM,"Ameris Bank Amphitheatre, Alpharetta",,Festival,https://www.ticketmaster.com/symphony-at-sunset-halloween-spooktacular-with-alpharetta-georgia-10-11-2026/event/0E0064F6A725A306,"It's spooky season at the symphony! Experience a spellbinding symphonic experience filled with Halloween classics performed live by your Atlanta Symphony, along with film score favorites that are sure to delight guests of all ages. Come in costume and be ready to Danse Macabre with skeletons, spend a Night on Bald Mountain, and journey into the worlds of Harry Potter and E.T. the Extra-Terrestrial. Arrive early and get into the Halloween spirit with festive activities before the concert begins. Young music lovers can transform into their favorite characters with face painting, try hands-on act",ticketmaster: https://www.ticketmaster.com/symphony-at-sunset-halloween-spooktacular-with-alpharetta-georgia-10-11-2026/event/0E0064F6A725A306,1,Atlanta,34.0544157,-84.3066793
The Christmas Carnival at Selfie Paradise Museum,2026-10-11,3:30 PM,"Selfie Paradise Museum, Douglasville",,Festival,https://www.universe.com/events/the-christmas-carnival-at-selfie-paradise-museum-tickets-7PQG9Y?ref=ticketmaster,,ticketmaster: https://www.universe.com/events/the-christmas-carnival-at-selfie-paradise-museum-tickets-7PQG9Y?ref=ticketmaster | ticketmaster: https://www.universe.com/events/the-christmas-carnival-at-selfie-paradise-museum-tickets-7PQG9Y?ref=ticketmaster,2,Atlanta,33.728206,-84.743421
Vitamin String Quartet & Girl Named Tom: The Crazy Ordinary World Tour,2026-10-11,7:00 PM,"Atlanta Symphony Hall, Atlanta",,Concert / Live Music,https://www.ticketmaster.com/vitamin-string-quartet-girl-named-tom-atlanta-georgia-10-11-2026/event/0E0064AFA0A0C93F,"This fall, Vitamin String Quartet joins forces with acclaimed vocal trio Girl Named Tom for a genre-defying tour featuring reimagined classics, modern hits, and unforgettable collaborations. Erasing the boundaries between classical, dance, hip-hop, and pop, VSQ performs spellbinding renditions of artists ranging from Billie Eilish, BTS, and Taylor Swift to Teddy Swims, Danny Elfman, and Prince. Fresh off Season 4 of Netflix?s Bridgerton, the ensemble teams with The Voice winners Girl Named Tom, whose breathtaking harmonies and heartfelt songwriting have made them a leading voice in contemporar",ticketmaster: https://www.ticketmaster.com/vitamin-string-quartet-girl-named-tom-atlanta-georgia-10-11-2026/event/0E0064AFA0A0C93F,1,Atlanta,33.790098,-84.385493
Vitamin String Quartet with Girl Named Tom,2026-10-11,7:00 PM,"Atlanta Symphony Hall at Woodruff Arts Center, Atlanta",,Concert / Live Music,https://seatgeek.com/vitamin-string-quartet-tickets/atlanta-georgia-atlanta-symphony-hall-at-woodruff-arts-center-2026-10-11-7-pm/concert/18258766,,seatgeek: https://seatgeek.com/vitamin-string-quartet-tickets/atlanta-georgia-atlanta-symphony-hall-at-woodruff-arts-center-2026-10-11-7-pm/concert/18258766,1,Atlanta,33.7893,-84.3847
Atlanta Startup Awards 2026,2026-10-12,5:00 PM - 8:30 PM,"The Biltmore Ballrooms, 817 West Peachtree Street Northwest #208, Atlanta, GA 30308",,Business / Networking,https://www.eventbrite.com/e/atlanta-startup-awards-2026-tickets-1995472536072,"Celebrate the brightest startups in Atlanta with seated dinner, drinks, networking, and epic award moments in 2026!",eventbrite: https://www.eventbrite.com/e/atlanta-startup-awards-2026-tickets-1995472536072,1,Atlanta,33.749,-84.388
Avant South 2026,2026-10-12,2:00 PM - 5:00 PM,"Global Learning and Conference Center, 81 4th Street Northwest, Atlanta, GA 30332",,Conference / Expo,https://www.eventbrite.com/e/avant-south-2026-tickets-1989311616596,,eventbrite: https://www.eventbrite.com/e/avant-south-2026-tickets-1989311616596,1,Atlanta,33.749,-84.388
"Black Country, New Road",2026-10-12,8:00 PM,"Variety Playhouse, Atlanta",,Concert / Live Music,https://www.ticketmaster.com/event/Z7r9jZ1A7xp_M,,ticketmaster: https://www.ticketmaster.com/event/Z7r9jZ1A7xp_M | seatgeek: https://seatgeek.com/black-country-new-road-tickets/atlanta-georgia-variety-playhouse-2026-10-12-8-pm/concert/18311035,2,Atlanta,33.770199,-84.334602
Elias,2026-10-12,9:15 PM,"Eddie's Attic, Decatur",,Concert / Live Music,https://www.ticketmaster.com/elias-decatur-georgia-10-12-2026/event/0E00651CCE8E71A2,"Elias live at Eddie's Attic! Elias is a 19-year-old self-produced bedroom artist from North Texas bringing a nostalgic yet fresh take to the R&B/pop space with moody late-night drive anthems and raw, reverb-heavy vocal stacks. His breakout single ""Insatiable"" garnered 15 million streams and 100k+ video creates on TikTok, peaking at #24 on the viral charts alongside hits like ""Diet Pepsi"" by Addison Rae. His follow-up ""gimme love"" went viral for its 2016 qualities and landed him his first official Spotify chart placements in multiple countries outside the US.",ticketmaster: https://www.ticketmaster.com/elias-decatur-georgia-10-12-2026/event/0E00651CCE8E71A2,1,Atlanta,33.773975,-84.296271
Freya Skye - Stars Align Tour,2026-10-12,8:00 PM,"Coca-Cola Roxy, Atlanta",,Concert / Live Music,https://www.ticketmaster.com/freya-skye-stars-align-tour-atlanta-georgia-10-12-2026/event/0E00644AC5BD9CAA,"No Resale Over Face Value: Freya Skye is using Ticketmaster's Face Value Exchange to help fans get tickets at the original price. Tickets can only be resold on Ticketmaster at face value. States Blocking Artist Resale Terms: New York, Illinois, Colorado, Virginia, Utah and Connecticut have state laws that prevent resale restrictions. In those states, Ticketmaster will still honor Freya Skye's terms by keeping resale prices at face value on its site. All ages welcome. Doors: 7:00pm Show: 8:00pm The main floor is general admission, standing room only. The balcony is reserved, assigned seating.",ticketmaster: https://www.ticketmaster.com/freya-skye-stars-align-tour-atlanta-georgia-10-12-2026/event/0E00644AC5BD9CAA,1,Atlanta,33.89024,-84.469717
Freya Skye with Alex Sampson,2026-10-12,8:00 PM,"Coca-Cola Roxy Theatre, Atlanta",,Concert / Live Music,https://seatgeek.com/freya-skye-tickets/atlanta-georgia-coca-cola-roxy-theatre-2026-10-12-8-pm/concert/18084453,,seatgeek: https://seatgeek.com/freya-skye-tickets/atlanta-georgia-coca-cola-roxy-theatre-2026-10-12-8-pm/concert/18084453,1,Atlanta,33.8903,-84.4697
Garage - 1180 Peachtree St: Malcolm Gladwell,2026-10-12,7:30 PM,"Atlanta Symphony Hall, Atlanta",,General,https://www.ticketmaster.com/garage-1180-peachtree-st-malcolm-gladwell-atlanta-georgia-10-12-2026/event/0E0064F0B5DCBB02,Garage: 1180 Peachtree Street NE (Peachtree NE & 14th Street),ticketmaster: https://www.ticketmaster.com/garage-1180-peachtree-st-malcolm-gladwell-atlanta-georgia-10-12-2026/event/0E0064F0B5DCBB02,1,Atlanta,33.790098,-84.385493
Holiday Portraits: Capture the Magic at Selfie Paradise Museum,2026-10-12,12:00 PM,"Selfie Paradise Museum, Douglasville",,General,https://www.universe.com/events/holiday-portraits-capture-the-magic-at-selfie-paradise-museum-tickets-6HVT5N?ref=ticketmaster,,ticketmaster: https://www.universe.com/events/holiday-portraits-capture-the-magic-at-selfie-paradise-museum-tickets-6HVT5N?ref=ticketmaster | ticketmaster: https://www.universe.com/events/holiday-portraits-capture-the-magic-at-selfie-paradise-museum-tickets-6HVT5N?ref=ticketmaster | ticketmaster: https://www.universe.com/events/holiday-portraits-capture-the-magic-at-selfie-paradise-museum-tickets-6HVT5N?ref=ticketmaster | ticketmaster: https://www.universe.com/events/holiday-portraits-capture-the-magic-at-selfie-paradise-museum-tickets-6HVT5N?ref=ticketmaster | ticketmaster: https://www.universe.com/events/holiday-portraits-capture-the-magic-at-selfie-paradise-museum-tickets-6HVT5N?ref=ticketmaster | ticketmaster: https://www.universe.com/events/holiday-portraits-capture-the-magic-at-selfie-paradise-museum-tickets-6HVT5N?ref=ticketmaster | ticketmaster: https://www.universe.com/events/holiday-portraits-capture-the-magic-at-selfie-paradise-museum-tickets-6HVT5N?ref=ticketmaster | ticketmaster: https://www.universe.com/events/holiday-portraits-capture-the-magic-at-selfie-paradise-museum-tickets-6HVT5N?ref=ticketmaster | ticketmaster: https://www.universe.com/events/holiday-portraits-capture-the-magic-at-selfie-paradise-museum-tickets-6HVT5N?ref=ticketmaster | ticketmaster: https://www.universe.com/events/holiday-portraits-capture-the-magic-at-selfie-paradise-museum-tickets-6HVT5N?ref=ticketmaster | ticketmaster: https://www.universe.com/events/holiday-portraits-capture-the-magic-at-selfie-paradise-museum-tickets-6HVT5N?ref=ticketmaster | ticketmaster: https://www.universe.com/events/holiday-portraits-capture-the-magic-at-selfie-paradise-museum-tickets-6HVT5N?ref=ticketmaster | ticketmaster: https://www.universe.com/events/holiday-portraits-capture-the-magic-at-selfie-paradise-museum-tickets-6HVT5N?ref=ticketmaster | ticketmaster: https://www.universe.com/events/holiday-portraits-capture-the-magic-at-selfie-paradise-museum-tickets-6HVT5N?ref=ticketmaster | ticketmaster: https://www.universe.com/events/holiday-portraits-capture-the-magic-at-selfie-paradise-museum-tickets-6HVT5N?ref=ticketmaster,15,Atlanta,33.728206,-84.743421
Igorrr with Secret Chiefs 3,2026-10-12,6:30 PM,"The Masquerade - Heaven, Atlanta",,Concert / Live Music,https://seatgeek.com/igorrr-tickets/atlanta-georgia-the-masquerade-heaven-2026-10-12-6-30-pm/concert/18258986,,seatgeek: https://seatgeek.com/igorrr-tickets/atlanta-georgia-the-masquerade-heaven-2026-10-12-6-30-pm/concert/18258986,1,Atlanta,33.7518,-84.3897
Igorrr: North American Tour 2026,2026-10-12,6:30 PM,"The Masquerade - Heaven, Atlanta",,Concert / Live Music,https://www.ticketmaster.com/igorrr-north-american-tour-2026-atlanta-georgia-10-12-2026/event/0E0064B3E3E750C5,"We look forward to hosting you at The Masquerade! Doors are at 6:30 PM. The Masquerade is now proud to be serving food. Check our socials for the food window's schedule, pinned at the top of the feed. For more info and our FAQ, visit MASQ.com",ticketmaster: https://www.ticketmaster.com/igorrr-north-american-tour-2026-atlanta-georgia-10-12-2026/event/0E0064B3E3E750C5,1,Atlanta,33.751769,-84.389681
Layzie Bone,2026-10-12,8:00 PM,"City Winery - Atlanta, Atlanta",,Concert / Live Music,https://seatgeek.com/layzie-bone-tickets/atlanta-georgia-city-winery-atlanta-2026-10-12-8-pm/concert/18622792,,seatgeek: https://seatgeek.com/layzie-bone-tickets/atlanta-georgia-city-winery-atlanta-2026-10-12-8-pm/concert/18622792,1,Atlanta,33.6651,-84.4107
Live Music,2026-10-12,9:15 PM,"Eddie's Attic - Decatur, Decatur",,Concert / Live Music,https://seatgeek.com/live-music-tickets/decatur-georgia-eddie-s-attic-decatur-2026-10-12-9-15-pm/concert/18542976,,seatgeek: https://seatgeek.com/live-music-tickets/decatur-georgia-eddie-s-attic-decatur-2026-10-12-9-15-pm/concert/18542976,1,Atlanta,33.7739,-84.2964
MEXODUS - Atlanta,2026-10-12,7:30 PM,"Coca-Cola Stage at Alliance Theatre, Atlanta",,Arts & Theatre,https://seatgeek.com/mexodus-tickets/theater/2026-10-12-7-30-pm/18271275,,seatgeek: https://seatgeek.com/mexodus-tickets/theater/2026-10-12-7-30-pm/18271275,1,Atlanta,33.7901,-84.3855
Malcolm Gladwell - Atlanta,2026-10-12,7:30 PM,"Atlanta Symphony Hall at Woodruff Arts Center, Atlanta",,Arts & Theatre,https://seatgeek.com/malcolm-gladwell-tickets/theater/2026-10-12-7-30-pm/18384795,,seatgeek: https://seatgeek.com/malcolm-gladwell-tickets/theater/2026-10-12-7-30-pm/18384795,1,Atlanta,33.7893,-84.3847
Malcolm Gladwell In Conversation,2026-10-12,7:30 PM,"Atlanta Symphony Hall, Atlanta",,Faith & Community,https://www.ticketmaster.com/malcolm-gladwell-in-conversation-atlanta-georgia-10-12-2026/event/0E0064F0B399B7BE,"Malcolm Gladwell returns with his most urgent book yet: a provocative investigation of America?s epidemic of gun violence. Georgia Public Broadcasting and A Cappella Books welcome bestselling author and host of the popular ''Revisionist History'' podcast Malcolm Gladwell to Atlanta Symphony Hall on Monday, October 12, at 7:30 PM, in honor of his new book, ''The American Way of Killing: The Invention of an Epidemic.'' Gladwell will appear in conversation with Peter Biello, host of GPB?s ''All Things Considered.'' Tickets include a presigned hardcover edition of ''The American Way of Killing.'' ",ticketmaster: https://www.ticketmaster.com/malcolm-gladwell-in-conversation-atlanta-georgia-10-12-2026/event/0E0064F0B399B7BE,1,Atlanta,33.790098,-84.385493
Money & Mindset Mixer,2026-10-12,6:00 PM - 8:00 PM,"Buckhead Club, 3344 Peachtree Road Northeast #2600, Atlanta, GA 30326",,Business / Networking,https://www.eventbrite.com/e/money-mindset-mixer-tickets-1993837430427,,eventbrite: https://www.eventbrite.com/e/money-mindset-mixer-tickets-1993837430427,1,Atlanta,33.749,-84.388
Preseason - Atlanta Hawks v Oklahoma City Thunder,2026-10-12,7:00 PM,"State Farm Arena, Atlanta",,Sports & Fitness,https://www.ticketmaster.com/preseason-atlanta-hawks-v-oklahoma-city-atlanta-georgia-10-12-2026/event/0E0064D6B2198C90,,ticketmaster: https://www.ticketmaster.com/preseason-atlanta-hawks-v-oklahoma-city-atlanta-georgia-10-12-2026/event/0E0064D6B2198C90 | seatgeek: https://seatgeek.com/atlanta-hawks-tickets/10-12-2026-atlanta-georgia-state-farm-arena-1/nba/18345821,2,Atlanta,33.757796,-84.394569
Ryan Beatty,2026-10-12,8:00 PM,"Buckhead Theatre, Atlanta",,Concert / Live Music,https://seatgeek.com/ryan-beatty-tickets/atlanta-georgia-buckhead-theatre-2026-10-12-8-pm/concert/18306985,,seatgeek: https://seatgeek.com/ryan-beatty-tickets/atlanta-georgia-buckhead-theatre-2026-10-12-8-pm/concert/18306985,1,Atlanta,33.8403,-84.3797
Ryan Beatty - Arms Over Armor North American Tour '26,2026-10-12,8:00 PM,"Buckhead Theatre, Atlanta",,Concert / Live Music,https://www.ticketmaster.com/ryan-beatty-arms-over-armor-north-atlanta-georgia-10-12-2026/event/0E0064C9E7BB76A1,All ages welcome. Doors at 7:00 PM. Show at 8:00 PM. Main floor is general admission standing. Balcony is reserved seating. GA floor has a pit area with limited capacity. GA ticketholders who arrive after the pit is full will be directed to other open areas on the floor.,ticketmaster: https://www.ticketmaster.com/ryan-beatty-arms-over-armor-north-atlanta-georgia-10-12-2026/event/0E0064C9E7BB76A1,1,Atlanta,33.8402272,-84.3795437
Cardinal Bloom,2026-10-13,8:00 PM,"Aisle 5, Atlanta",,Concert / Live Music,https://eventim.us/a5cardinalbloom2026,,ticketmaster: https://eventim.us/a5cardinalbloom2026 | ticketmaster: https://www.ticketmaster.com/event/Z7r9jZ1A7PwGv | seatgeek: https://seatgeek.com/cardinal-bloom-tickets/atlanta-georgia-aisle-5-2026-10-13-8-pm/concert/18335687,3,Atlanta,33.764272,-84.350224
Chelsea Wolfe with Jonathan Hultén,2026-10-13,8:00 PM,"Buckhead Theatre, Atlanta",,Concert / Live Music,https://seatgeek.com/chelsea-wolfe-tickets/atlanta-georgia-buckhead-theatre-2026-10-13-8-pm/concert/18327393,,seatgeek: https://seatgeek.com/chelsea-wolfe-tickets/atlanta-georgia-buckhead-theatre-2026-10-13-8-pm/concert/18327393,1,Atlanta,33.8403,-84.3797
Chelsea Wolfe: THE DARK World Tour,2026-10-13,8:00 PM,"Buckhead Theatre, Atlanta",,Concert / Live Music,https://www.ticketmaster.com/chelsea-wolfe-the-dark-world-tour-atlanta-georgia-10-13-2026/event/0E0064D2D3E9D8F2,"This is a fully reserved, seated event. All ages welcome. Doors at 7 PM. Show at 8 PM.",ticketmaster: https://www.ticketmaster.com/chelsea-wolfe-the-dark-world-tour-atlanta-georgia-10-13-2026/event/0E0064D2D3E9D8F2,1,Atlanta,33.8402272,-84.3795437
Dave Stone,2026-10-13,8:00 PM,"Helium Comedy Club - Atlanta, Alpharetta",,Comedy,https://seatgeek.com/dave-stone-daniel-kumapayi-tickets/comedy/2026-10-13-8-pm/18452974,,seatgeek: https://seatgeek.com/dave-stone-daniel-kumapayi-tickets/comedy/2026-10-13-8-pm/18452974,1,Atlanta,34.0754,-84.2941
Elizabeth Nichols,2026-10-13,8:00 PM,"Vinyl, Atlanta",,Concert / Live Music,https://www.ticketmaster.com/elizabeth-nichols-atlanta-georgia-10-13-2026/event/0E0064CBDA6254FE,"Rival presents: Elizabeth Nichols I Don't Kiss & Tell, I Kiss & Tour October 13, 2026| VINYL | General Admission | All Ages The price you see is the price you pay! All fees are included in the price you see on Ticketmaster (excluding taxes). For ADA Accommodations, email info@rivalentertainment.com. For parking information and an FAQ, visit us at centerstage-atlanta.com.",ticketmaster: https://www.ticketmaster.com/elizabeth-nichols-atlanta-georgia-10-13-2026/event/0E0064CBDA6254FE | seatgeek: https://seatgeek.com/elizabeth-nichols-tickets/atlanta-georgia-vinyl-at-center-stage-2026-10-13-8-pm/concert/18311666,2,Atlanta,33.7918926,-84.3877907
Five Finger Death Punch,2026-10-13,6:45 PM,"Ameris Bank Amphitheatre, Alpharetta",,Concert / Live Music,https://www.ticketmaster.com/five-finger-death-punch-alpharetta-georgia-10-13-2026/event/0E0064268F4E3843,,ticketmaster: https://www.ticketmaster.com/five-finger-death-punch-alpharetta-georgia-10-13-2026/event/0E0064268F4E3843,1,Atlanta,34.0544157,-84.3066793
Five Finger Death Punch with Cody Jinks and Eva Under Fire,2026-10-13,6:45 PM,"Ameris Bank Amphitheatre, Alpharetta",,Concert / Live Music,https://seatgeek.com/five-finger-death-punch-tickets/alpharetta-georgia-ameris-bank-amphitheatre-2026-10-13-6-45-pm/concert/18010596,,seatgeek: https://seatgeek.com/five-finger-death-punch-tickets/alpharetta-georgia-ameris-bank-amphitheatre-2026-10-13-6-45-pm/concert/18010596,1,Atlanta,34.0544,-84.3067
Gaelic Storm,2026-10-13,8:00 PM,"City Winery - Atlanta, Atlanta",,Festival,https://seatgeek.com/gaelic-storm-tickets/atlanta-georgia-city-winery-atlanta-2026-10-13-8-pm/music-festival/18622794,,seatgeek: https://seatgeek.com/gaelic-storm-tickets/atlanta-georgia-city-winery-atlanta-2026-10-13-8-pm/music-festival/18622794,1,Atlanta,33.6651,-84.4107
Holiday Portraits: Capture the Magic at Selfie Paradise Museum,2026-10-13,12:00 PM,"Selfie Paradise Museum, Douglasville",,General,https://www.universe.com/events/holiday-portraits-capture-the-magic-at-selfie-paradise-museum-tickets-6HVT5N?ref=ticketmaster,,ticketmaster: https://www.universe.com/events/holiday-portraits-capture-the-magic-at-selfie-paradise-museum-tickets-6HVT5N?ref=ticketmaster | ticketmaster: https://www.universe.com/events/holiday-portraits-capture-the-magic-at-selfie-paradise-museum-tickets-6HVT5N?ref=ticketmaster | ticketmaster: https://www.universe.com/events/holiday-portraits-capture-the-magic-at-selfie-paradise-museum-tickets-6HVT5N?ref=ticketmaster | ticketmaster: https://www.universe.com/events/holiday-portraits-capture-the-magic-at-selfie-paradise-museum-tickets-6HVT5N?ref=ticketmaster | ticketmaster: https://www.universe.com/events/holiday-portraits-capture-the-magic-at-selfie-paradise-museum-tickets-6HVT5N?ref=ticketmaster | ticketmaster: https://www.universe.com/events/holiday-portraits-capture-the-magic-at-selfie-paradise-museum-tickets-6HVT5N?ref=ticketmaster | ticketmaster: https://www.universe.com/events/holiday-portraits-capture-the-magic-at-selfie-paradise-museum-tickets-6HVT5N?ref=ticketmaster | ticketmaster: https://www.universe.com/events/holiday-portraits-capture-the-magic-at-selfie-paradise-museum-tickets-6HVT5N?ref=ticketmaster | ticketmaster: https://www.universe.com/events/holiday-portraits-capture-the-magic-at-selfie-paradise-museum-tickets-6HVT5N?ref=ticketmaster | ticketmaster: https://www.universe.com/events/holiday-portraits-capture-the-magic-at-selfie-paradise-museum-tickets-6HVT5N?ref=ticketmaster | ticketmaster: https://www.universe.com/events/holiday-portraits-capture-the-magic-at-selfie-paradise-museum-tickets-6HVT5N?ref=ticketmaster | ticketmaster: https://www.universe.com/events/holiday-portraits-capture-the-magic-at-selfie-paradise-museum-tickets-6HVT5N?ref=ticketmaster | ticketmaster: https://www.universe.com/events/holiday-portraits-capture-the-magic-at-selfie-paradise-museum-tickets-6HVT5N?ref=ticketmaster | ticketmaster: https://www.universe.com/events/holiday-portraits-capture-the-magic-at-selfie-paradise-museum-tickets-6HVT5N?ref=ticketmaster | ticketmaster: https://www.universe.com/events/holiday-portraits-capture-the-magic-at-selfie-paradise-museum-tickets-6HVT5N?ref=ticketmaster | ticketmaster: https://www.universe.com/events/holiday-portraits-capture-the-magic-at-selfie-paradise-museum-tickets-6HVT5N?ref=ticketmaster | ticketmaster: https://www.universe.com/events/holiday-portraits-capture-the-magic-at-selfie-paradise-museum-tickets-6HVT5N?ref=ticketmaster | ticketmaster: https://www.universe.com/events/holiday-portraits-capture-the-magic-at-selfie-paradise-museum-tickets-6HVT5N?ref=ticketmaster | ticketmaster: https://www.universe.com/events/holiday-portraits-capture-the-magic-at-selfie-paradise-museum-tickets-6HVT5N?ref=ticketmaster | ticketmaster: https://www.universe.com/events/holiday-portraits-capture-the-magic-at-selfie-paradise-museum-tickets-6HVT5N?ref=ticketmaster | ticketmaster: https://www.universe.com/events/holiday-portraits-capture-the-magic-at-selfie-paradise-museum-tickets-6HVT5N?ref=ticketmaster,21,Atlanta,33.728206,-84.743421
Hurricane Wisdom,2026-10-13,8:00 PM,"Center Stage Theater - Atlanta, Atlanta",,Concert / Live Music,https://seatgeek.com/hurricane-wisdom-tickets/atlanta-georgia-center-stage-theater-atlanta-2026-10-13-8-pm/concert/18507316,,seatgeek: https://seatgeek.com/hurricane-wisdom-tickets/atlanta-georgia-center-stage-theater-atlanta-2026-10-13-8-pm/concert/18507316,1,Atlanta,33.7922,-84.388
Hurricane Wisdom: Weathering The World,2026-10-13,8:00 PM,"Center Stage Theater, Atlanta",,Concert / Live Music,https://www.ticketmaster.com/hurricane-wisdom-weathering-the-world-atlanta-georgia-10-13-2026/event/0E00650EA6C1BBE1,"Since presents: Hurricane Wisdom Weathering the World October 13, 2026 | CENTER STAGE | General Admission | All Ages The price you see is the price you pay! All fees are included in the price you see on Ticketmaster (excluding taxes). For ADA Accommodations, email info@rivalentertainment.com. For parking information and an FAQ, visit us at centerstage-atlanta.com.",ticketmaster: https://www.ticketmaster.com/hurricane-wisdom-weathering-the-world-atlanta-georgia-10-13-2026/event/0E00650EA6C1BBE1,1,Atlanta,33.7918926,-84.3877907
LAUNDRY DAY,2026-10-13,7:00 PM,"The Masquerade - Hell, Atlanta",,Concert / Live Music,https://seatgeek.com/laundry-day-tickets/atlanta-georgia-the-masquerade-hell-2026-10-13-7-pm/concert/18254048,,seatgeek: https://seatgeek.com/laundry-day-tickets/atlanta-georgia-the-masquerade-hell-2026-10-13-7-pm/concert/18254048,1,Atlanta,33.7522,-84.3901
LAUNDRY DAY Presents: The Larger Than LIFE Tour,2026-10-13,7:00 PM,"The Masquerade - Hell, Atlanta",,Concert / Live Music,https://www.ticketmaster.com/laundry-day-presents-the-larger-than-atlanta-georgia-10-13-2026/event/0E0064AFD7478DAE,"We look forward to hosting you at The Masquerade! Doors are at 7:00 PM. The Masquerade is now proud to be serving food. Check our socials for the food window's schedule, pinned at the top of the feed. For more info and our FAQ, visit MASQ.com",ticketmaster: https://www.ticketmaster.com/laundry-day-presents-the-larger-than-atlanta-georgia-10-13-2026/event/0E0064AFD7478DAE,1,Atlanta,33.75184,-84.389887
Like Father,2026-10-13,7:30 PM,"Alliance Theatre, Atlanta",,General,https://www.ticketmaster.com/event/Z7r9jZ1A70M_P,,ticketmaster: https://www.ticketmaster.com/event/Z7r9jZ1A70M_P,1,Atlanta,33.797401,-84.386803
Like Father - Atlanta,2026-10-13,7:30 PM,"Hertz Stage at Alliance Theatre, Atlanta",,Arts & Theatre,https://seatgeek.com/like-father-1-tickets/theater/2026-10-13-7-30-pm/18275297,,seatgeek: https://seatgeek.com/like-father-1-tickets/theater/2026-10-13-7-30-pm/18275297,1,Atlanta,33.7896,-84.3844
MEXODUS - Atlanta,2026-10-13,7:30 PM,"Coca-Cola Stage at Alliance Theatre, Atlanta",,Arts & Theatre,https://seatgeek.com/mexodus-tickets/theater/2026-10-13-7-30-pm/18623101,,seatgeek: https://seatgeek.com/mexodus-tickets/theater/2026-10-13-7-30-pm/18623101,1,Atlanta,33.7901,-84.3855
Mexodus,2026-10-13,7:30 PM,"Alliance Theatre - Coca-Cola Stage, Atlanta",,Arts & Theatre,https://www.ticketmaster.com/event/Z7r9jZ1A70y09,,ticketmaster: https://www.ticketmaster.com/event/Z7r9jZ1A70y09,1,Atlanta,33.797401,-84.386803
Olivia O'Brien,2026-10-13,8:00 PM,"The Loft, Atlanta",,Concert / Live Music,https://www.ticketmaster.com/olivia-obrien-atlanta-georgia-10-13-2026/event/0E006507C081990F,"Rival presents: Olivia O'Brien The PIXIE TOUR October 13, 2026 | LOFT | General Admission | All Ages The price you see is the price you pay! All fees are included in the price you see on Ticketmaster (excluding taxes). For ADA Accommodations, email info@rivalentertainment.com. For parking information and an FAQ, visit us at centerstage-atlanta.com.",ticketmaster: https://www.ticketmaster.com/olivia-obrien-atlanta-georgia-10-13-2026/event/0E006507C081990F | seatgeek: https://seatgeek.com/olivia-o-brien-tickets/atlanta-georgia-the-loft-at-center-stage-2026-10-13-8-pm/concert/18485140,2,Atlanta,33.7918926,-84.3877907
Phoebe Bridgers with Alex G,2026-10-13,7:30 PM,"State Farm Arena, Atlanta",,Concert / Live Music,https://seatgeek.com/phoebe-bridgers-tickets/atlanta-georgia-state-farm-arena-1-2026-10-13-7-30-pm/concert/18288421,,seatgeek: https://seatgeek.com/phoebe-bridgers-tickets/atlanta-georgia-state-farm-arena-1-2026-10-13-7-30-pm/concert/18288421,1,Atlanta,33.7566,-84.3969
Phoebe Bridgers: The Lost Tour,2026-10-13,7:30 PM,"State Farm Arena, Atlanta",,Concert / Live Music,https://www.ticketmaster.com/phoebe-bridgers-the-lost-tour-atlanta-georgia-10-13-2026/event/0E0064C1D0A2C651,"Phoebe Bridgers is contributing $1 per ticket sold to RAINN, to support sexual violence survivors and prevention efforts. No portion of the ticket purchase is tax deductible. For more, visit rainn.org.",ticketmaster: https://www.ticketmaster.com/phoebe-bridgers-the-lost-tour-atlanta-georgia-10-13-2026/event/0E0064C1D0A2C651,1,Atlanta,33.757796,-84.394569
Rodrigo y Gabriela,2026-10-13,8:00 PM,"The Eastern-GA, Atlanta",,Concert / Live Music,https://www.ticketmaster.com/event/Z7r9jZ1A7POP-,,ticketmaster: https://www.ticketmaster.com/event/Z7r9jZ1A7POP- | seatgeek: https://seatgeek.com/rodrigo-y-gabriela-tickets/atlanta-georgia-the-eastern-atlanta-2026-10-13-7-pm/concert/18299070,2,Atlanta,33.7136,-84.332802
School of Rock (The Musical) - Woodstock,2026-10-13,7:30 PM,"Madlife Stage & Studios, Woodstock",,Arts & Theatre,https://seatgeek.com/school-of-rock-the-musical-1-tickets/broadway/2026-10-13-7-30-pm/18622886,,seatgeek: https://seatgeek.com/school-of-rock-the-musical-1-tickets/broadway/2026-10-13-7-30-pm/18622886,1,Atlanta,34.0991,-84.5206
The Christmas Carnival at Selfie Paradise Museum,2026-10-13,1:00 PM,"Selfie Paradise Museum, Douglasville",,Festival,https://www.universe.com/events/the-christmas-carnival-at-selfie-paradise-museum-tickets-7PQG9Y?ref=ticketmaster,,ticketmaster: https://www.universe.com/events/the-christmas-carnival-at-selfie-paradise-museum-tickets-7PQG9Y?ref=ticketmaster | ticketmaster: https://www.universe.com/events/the-christmas-carnival-at-selfie-paradise-museum-tickets-7PQG9Y?ref=ticketmaster | ticketmaster: https://www.universe.com/events/the-christmas-carnival-at-selfie-paradise-museum-tickets-7PQG9Y?ref=ticketmaster | ticketmaster: https://www.universe.com/events/the-christmas-carnival-at-selfie-paradise-museum-tickets-7PQG9Y?ref=ticketmaster | ticketmaster: https://www.universe.com/events/the-christmas-carnival-at-selfie-paradise-museum-tickets-7PQG9Y?ref=ticketmaster | ticketmaster: https://www.universe.com/events/the-christmas-carnival-at-selfie-paradise-museum-tickets-7PQG9Y?ref=ticketmaster,6,Atlanta,33.728206,-84.743421
Tours: Truist Park,2026-10-13,2:00 PM,"Truist Park, Atlanta",,Concert / Live Music,https://www.ticketmaster.com/tours-truist-park-atlanta-georgia-10-13-2026/event/0E00651194BA6154,"Tours begin based on the following schedule: In-Season (April-September/Playoffs) Monday - Saturday : 10:00am, 11:00am, Noon, 1:00pm, 2:00pm Sundays: 1:00pm, 3:00pm Off-Season (Oct-Mar) Mon-Sat: 10:00am, 12:00pm, 2:00pm Tours are 90 minutes in length. No Tours are given if a day game is being played. Please be sure to not only select the correct number and types of tickets, but also the time you want to attend.",ticketmaster: https://www.ticketmaster.com/tours-truist-park-atlanta-georgia-10-13-2026/event/0E00651194BA6154,1,Atlanta,33.890304,-84.468127
she's green,2026-10-13,7:00 PM,"The Masquerade - Purgatory, Atlanta",,Food & Drink,https://www.ticketmaster.com/shes-green-atlanta-georgia-10-13-2026/event/0E0064EDB38E9DA7,"We look forward to hosting you at The Masquerade! Doors are at 7:00 PM. The Masquerade is now proud to be serving food. Check our socials for the food window's schedule, pinned at the top of the feed. For more info and our FAQ, visit MASQ.com",ticketmaster: https://www.ticketmaster.com/shes-green-atlanta-georgia-10-13-2026/event/0E0064EDB38E9DA7 | seatgeek: https://seatgeek.com/she-s-green-tickets/atlanta-georgia-the-masquerade-purgatory-2026-10-13-7-pm/concert/18372373,2,Atlanta,33.75184,-84.389887
Basement,2026-10-14,6:00 PM,"The Masquerade - Heaven, Atlanta",,Food & Drink,https://www.ticketmaster.com/basement-atlanta-georgia-10-14-2026/event/0E0064A6FC12F7CF,"We look forward to hosting you at The Masquerade! Doors are at 6:00 PM. The Masquerade is now proud to be serving food. Check our socials for the food window's schedule, pinned at the top of the feed. For more info and our FAQ, visit MASQ.com",ticketmaster: https://www.ticketmaster.com/basement-atlanta-georgia-10-14-2026/event/0E0064A6FC12F7CF,1,Atlanta,33.751769,-84.389681
"Basement with Momma, Big Boy, and Febuary",2026-10-14,7:00 PM,"The Masquerade - Heaven, Atlanta",,Concert / Live Music,https://seatgeek.com/basement-tickets/atlanta-georgia-the-masquerade-heaven-2026-10-14-7-pm/concert/18235911,,seatgeek: https://seatgeek.com/basement-tickets/atlanta-georgia-the-masquerade-heaven-2026-10-14-7-pm/concert/18235911,1,Atlanta,33.7518,-84.3897
Blessing Offor,2026-10-14,8:00 PM,"Vinyl, Atlanta",,Concert / Live Music,https://www.ticketmaster.com/blessing-offor-atlanta-georgia-10-14-2026/event/0E0064F4BF7BA960,"Rival presents: Blessing Offor Heart So Real Tour Pt. 2 October 14, 2026 | VINYL | General Admission | All Ages The price you see is the price you pay! All fees are included in the price you see on Ticketmaster (excluding taxes). For ADA Accommodations, email info@rivalentertainment.com. For parking information and an FAQ, visit us at centerstage-atlanta.com.",ticketmaster: https://www.ticketmaster.com/blessing-offor-atlanta-georgia-10-14-2026/event/0E0064F4BF7BA960,1,Atlanta,33.7918926,-84.3877907
Chris Klemens,2026-10-14,7:30 PM,"Helium Comedy Club - Atlanta, Alpharetta",,Comedy,https://seatgeek.com/chris-klemens-tickets/comedy/2026-10-14-7-30-pm/18452907,,seatgeek: https://seatgeek.com/chris-klemens-tickets/comedy/2026-10-14-7-30-pm/18452907,1,Atlanta,34.0754,-84.2941
Foster The People with Goth Babe,2026-10-14,8:00 PM,"Coca-Cola Roxy Theatre, Atlanta",,Concert / Live Music,https://seatgeek.com/foster-the-people-tickets/atlanta-georgia-coca-cola-roxy-theatre-2026-10-14-8-pm/concert/18210227,,seatgeek: https://seatgeek.com/foster-the-people-tickets/atlanta-georgia-coca-cola-roxy-theatre-2026-10-14-8-pm/concert/18210227,1,Atlanta,33.8903,-84.4697
Foster The People: Good Mourning Sunshine Tour,2026-10-14,8:00 PM,"Coca-Cola Roxy, Atlanta",,Concert / Live Music,https://www.ticketmaster.com/foster-the-people-good-mourning-sunshine-atlanta-georgia-10-14-2026/event/0E00649CE107DFEB,"All ages welcome. Doors: 7:00 PM Show: 8:00 PM The main floor is general admission, standing room only. The balcony is reserved, assigned seating.",ticketmaster: https://www.ticketmaster.com/foster-the-people-good-mourning-sunshine-atlanta-georgia-10-14-2026/event/0E00649CE107DFEB,1,Atlanta,33.89024,-84.469717
Guardin,2026-10-14,8:30 PM,"Smiths Olde Bar, Atlanta",,Concert / Live Music,https://seatgeek.com/guardin-tickets/atlanta-georgia-smiths-olde-bar-3-2026-10-14-8-30-pm/concert/18622917,,seatgeek: https://seatgeek.com/guardin-tickets/atlanta-georgia-smiths-olde-bar-3-2026-10-14-8-30-pm/concert/18622917,1,Atlanta,33.7976,-84.3688
Hannah Jones,2026-10-14,8:00 PM,"Helium Comedy Club - Atlanta, Alpharetta",,Comedy,https://seatgeek.com/hannah-jones-tickets/comedy/2026-10-14-8-pm/18453118,,seatgeek: https://seatgeek.com/hannah-jones-tickets/comedy/2026-10-14-8-pm/18453118,1,Atlanta,34.0754,-84.2941
Holiday Portraits: Capture the Magic at Selfie Paradise Museum,2026-10-14,12:00 PM,"Selfie Paradise Museum, Douglasville",,General,https://www.universe.com/events/holiday-portraits-capture-the-magic-at-selfie-paradise-museum-tickets-6HVT5N?ref=ticketmaster,,ticketmaster: https://www.universe.com/events/holiday-portraits-capture-the-magic-at-selfie-paradise-museum-tickets-6HVT5N?ref=ticketmaster | ticketmaster: https://www.universe.com/events/holiday-portraits-capture-the-magic-at-selfie-paradise-museum-tickets-6HVT5N?ref=ticketmaster | ticketmaster: https://www.universe.com/events/holiday-portraits-capture-the-magic-at-selfie-paradise-museum-tickets-6HVT5N?ref=ticketmaster | ticketmaster: https://www.universe.com/events/holiday-portraits-capture-the-magic-at-selfie-paradise-museum-tickets-6HVT5N?ref=ticketmaster | ticketmaster: https://www.universe.com/events/holiday-portraits-capture-the-magic-at-selfie-paradise-museum-tickets-6HVT5N?ref=ticketmaster | ticketmaster: https://www.universe.com/events/holiday-portraits-capture-the-magic-at-selfie-paradise-museum-tickets-6HVT5N?ref=ticketmaster | ticketmaster: https://www.universe.com/events/holiday-portraits-capture-the-magic-at-selfie-paradise-museum-tickets-6HVT5N?ref=ticketmaster | ticketmaster: https://www.universe.com/events/holiday-portraits-capture-the-magic-at-selfie-paradise-museum-tickets-6HVT5N?ref=ticketmaster | ticketmaster: https://www.universe.com/events/holiday-portraits-capture-the-magic-at-selfie-paradise-museum-tickets-6HVT5N?ref=ticketmaster | ticketmaster: https://www.universe.com/events/holiday-portraits-capture-the-magic-at-selfie-paradise-museum-tickets-6HVT5N?ref=ticketmaster | ticketmaster: https://www.universe.com/events/holiday-portraits-capture-the-magic-at-selfie-paradise-museum-tickets-6HVT5N?ref=ticketmaster | ticketmaster: https://www.universe.com/events/holiday-portraits-capture-the-magic-at-selfie-paradise-museum-tickets-6HVT5N?ref=ticketmaster | ticketmaster: https://www.universe.com/events/holiday-portraits-capture-the-magic-at-selfie-paradise-museum-tickets-6HVT5N?ref=ticketmaster | ticketmaster: https://www.universe.com/events/holiday-portraits-capture-the-magic-at-selfie-paradise-museum-tickets-6HVT5N?ref=ticketmaster | ticketmaster: https://www.universe.com/events/holiday-portraits-capture-the-magic-at-selfie-paradise-museum-tickets-6HVT5N?ref=ticketmaster | ticketmaster: https://www.universe.com/events/holiday-portraits-capture-the-magic-at-selfie-paradise-museum-tickets-6HVT5N?ref=ticketmaster | ticketmaster: https://www.universe.com/events/holiday-portraits-capture-the-magic-at-selfie-paradise-museum-tickets-6HVT5N?ref=ticketmaster | ticketmaster: https://www.universe.com/events/holiday-portraits-capture-the-magic-at-selfie-paradise-museum-tickets-6HVT5N?ref=ticketmaster | ticketmaster: https://www.universe.com/events/holiday-portraits-capture-the-magic-at-selfie-paradise-museum-tickets-6HVT5N?ref=ticketmaster | ticketmaster: https://www.universe.com/events/holiday-portraits-capture-the-magic-at-selfie-paradise-museum-tickets-6HVT5N?ref=ticketmaster | ticketmaster: https://www.universe.com/events/holiday-portraits-capture-the-magic-at-selfie-paradise-museum-tickets-6HVT5N?ref=ticketmaster,21,Atlanta,33.728206,-84.743421
Jane Don't - Atlanta,2026-10-14,8:00 PM,"City Winery - Atlanta, Atlanta",,Sports & Fitness,https://seatgeek.com/jane-dont-tickets/entertainment/2026-10-14-8-pm/18622796,,seatgeek: https://seatgeek.com/jane-dont-tickets/entertainment/2026-10-14-8-pm/18622796,1,Atlanta,33.6651,-84.4107
Like Father,2026-10-14,7:30 PM,"Alliance Theatre, Atlanta",,General,https://www.ticketmaster.com/event/Z7r9jZ1A70M_J,,ticketmaster: https://www.ticketmaster.com/event/Z7r9jZ1A70M_J,1,Atlanta,33.797401,-84.386803
Like Father - Atlanta,2026-10-14,7:30 PM,"Hertz Stage at Alliance Theatre, Atlanta",,Arts & Theatre,https://seatgeek.com/like-father-1-tickets/theater/2026-10-14-7-30-pm/18275298,,seatgeek: https://seatgeek.com/like-father-1-tickets/theater/2026-10-14-7-30-pm/18275298,1,Atlanta,33.7896,-84.3844
Mexodus,2026-10-14,7:30 PM,"Alliance Theatre - Coca-Cola Stage, Atlanta",,Arts & Theatre,https://www.ticketmaster.com/event/Z7r9jZ1A70y0U,,ticketmaster: https://www.ticketmaster.com/event/Z7r9jZ1A70y0U,1,Atlanta,33.797401,-84.386803
Milo Rossi - Atlanta,2026-10-14,7:00 PM,"Center Stage Theater - Atlanta, Atlanta",,Sports & Fitness,https://seatgeek.com/milo-rossi-tickets/entertainment/2026-10-14-7-pm/18622032,,seatgeek: https://seatgeek.com/milo-rossi-tickets/entertainment/2026-10-14-7-pm/18622032,1,Atlanta,33.7922,-84.388
Milo Rossi: Offline and In Person,2026-10-14,7:00 PM,"Center Stage Theater, Atlanta",,Arts & Theatre,https://www.ticketmaster.com/milo-rossi-offline-and-in-person-atlanta-georgia-10-14-2026/event/0E0064D6A87D7D34,"Milo Rossi Offline and In Person October 14, 2026 | CENTER STAGE THEATER | Reserved Seating | All Ages The price you see is the price you pay! All fees are included in the price you see on Ticketmaster (excluding taxes). For ADA Accommodations, email info@rivalentertainment.com. For parking information and an FAQ, visit us at centerstage-atlanta.com.",ticketmaster: https://www.ticketmaster.com/milo-rossi-offline-and-in-person-atlanta-georgia-10-14-2026/event/0E0064D6A87D7D34,1,Atlanta,33.7918926,-84.3877907
Moonchild,2026-10-14,7:00 PM,"The Masquerade - Purgatory, Atlanta",,Concert / Live Music,https://seatgeek.com/moonchild-tickets/atlanta-georgia-the-masquerade-purgatory-2026-10-14-7-pm/concert/18634166,,seatgeek: https://seatgeek.com/moonchild-tickets/atlanta-georgia-the-masquerade-purgatory-2026-10-14-7-pm/concert/18634166,1,Atlanta,33.7515,-84.3899
"New York Liberty at Atlanta Dream - WNBA Semifinals (Game 5, Home Game 3)",2026-10-14,,"State Farm Arena, Atlanta",,Sports & Fitness,https://www.ticketmaster.com/wnba-semifinals-new-york-liberty-at-atlanta-georgia-10-14-2026/event/0E006514A46BB0A7,"All first- and second-round playoff games are currently scheduled to be played at State Farm Arena. Based on playoff dates assigned, the playoff venue is subject to change",ticketmaster: https://www.ticketmaster.com/wnba-semifinals-new-york-liberty-at-atlanta-georgia-10-14-2026/event/0E006514A46BB0A7 | seatgeek: https://seatgeek.com/atlanta-dream-tickets/wnba/2026-10-14-3-30-am/18471099,2,Atlanta,33.757796,-84.394569
Parcels,2026-10-14,8:00 PM,"The Eastern-GA, Atlanta",,Concert / Live Music,https://www.ticketmaster.com/event/Z7r9jZ1A7xF0x,,ticketmaster: https://www.ticketmaster.com/event/Z7r9jZ1A7xF0x | seatgeek: https://seatgeek.com/parcels-tickets/atlanta-georgia-the-eastern-atlanta-2026-10-14-8-pm/concert/18177014,2,Atlanta,33.7136,-84.332802
Plini - An Unnameable Desire North American Tour,2026-10-14,6:00 PM,"The Masquerade - Hell, Atlanta",,Concert / Live Music,https://www.ticketmaster.com/plini-an-unnameable-desire-north-american-atlanta-georgia-10-14-2026/event/0E0064C1E3F2E21D,"We look forward to hosting you at The Masquerade! Doors are at 6:00 PM. The Masquerade is now proud to be serving food. Check our socials for the food window's schedule, pinned at the top of the feed. For more info and our FAQ, visit MASQ.com",ticketmaster: https://www.ticketmaster.com/plini-an-unnameable-desire-north-american-atlanta-georgia-10-14-2026/event/0E0064C1E3F2E21D,1,Atlanta,33.75184,-84.389887
Plini with Night Verses,2026-10-14,6:00 PM,"The Masquerade - Hell, Atlanta",,Concert / Live Music,https://seatgeek.com/plini-tickets/atlanta-georgia-the-masquerade-hell-2026-10-14-6-pm/concert/18282568,,seatgeek: https://seatgeek.com/plini-tickets/atlanta-georgia-the-masquerade-hell-2026-10-14-6-pm/concert/18282568,1,Atlanta,33.7522,-84.3901
Sienna Spiro,2026-10-14,8:00 PM,"Variety Playhouse, Atlanta",,Concert / Live Music,https://seatgeek.com/sienna-spiro-tickets/atlanta-georgia-variety-playhouse-2026-10-14-8-pm/concert/18297280,,seatgeek: https://seatgeek.com/sienna-spiro-tickets/atlanta-georgia-variety-playhouse-2026-10-14-8-pm/concert/18297280,1,Atlanta,33.7637,-84.3511
The Brothers Comatose,2026-10-14,8:00 PM,"Terminal West, Atlanta",,Concert / Live Music,https://www.ticketmaster.com/event/Z7r9jZ1A7Px7v,,ticketmaster: https://www.ticketmaster.com/event/Z7r9jZ1A7Px7v | seatgeek: https://seatgeek.com/the-brothers-comatose-tickets/atlanta-georgia-terminal-west-2026-10-14-8-pm/concert/18316931,2,Atlanta,33.791901,-84.446404
The Christmas Carnival at Selfie Paradise Museum,2026-10-14,1:00 PM,"Selfie Paradise Museum, Douglasville",,Festival,https://www.universe.com/events/the-christmas-carnival-at-selfie-paradise-museum-tickets-7PQG9Y?ref=ticketmaster,,ticketmaster: https://www.universe.com/events/the-christmas-carnival-at-selfie-paradise-museum-tickets-7PQG9Y?ref=ticketmaster | ticketmaster: https://www.universe.com/events/the-christmas-carnival-at-selfie-paradise-museum-tickets-7PQG9Y?ref=ticketmaster | ticketmaster: https://www.universe.com/events/the-christmas-carnival-at-selfie-paradise-museum-tickets-7PQG9Y?ref=ticketmaster | ticketmaster: https://www.universe.com/events/the-christmas-carnival-at-selfie-paradise-museum-tickets-7PQG9Y?ref=ticketmaster | ticketmaster: https://www.universe.com/events/the-christmas-carnival-at-selfie-paradise-museum-tickets-7PQG9Y?ref=ticketmaster | ticketmaster: https://www.universe.com/events/the-christmas-carnival-at-selfie-paradise-museum-tickets-7PQG9Y?ref=ticketmaster,6,Atlanta,33.728206,-84.743421
The Dread Crew of Oddwood,2026-10-14,7:00 PM,"The Masquerade - Purgatory, Atlanta",,Food & Drink,https://www.ticketmaster.com/the-dread-crew-of-oddwood-atlanta-georgia-10-14-2026/event/0E0064F19F0E9C20,"We look forward to hosting you at The Masquerade! Doors are at 7:00 PM. The Masquerade is now proud to be serving food. Check our socials for the food window's schedule, pinned at the top of the feed. For more info and our FAQ, visit MASQ.com",ticketmaster: https://www.ticketmaster.com/the-dread-crew-of-oddwood-atlanta-georgia-10-14-2026/event/0E0064F19F0E9C20,1,Atlanta,33.75184,-84.389887
beabadoobee with Wisp,2026-10-14,8:00 PM,"Gas South Arena, Duluth",,Concert / Live Music,https://seatgeek.com/beabadoobee-tickets/duluth-georgia-gas-south-arena-2026-10-14-8-pm/concert/18329608,,seatgeek: https://seatgeek.com/beabadoobee-tickets/duluth-georgia-gas-south-arena-2026-10-14-8-pm/concert/18329608,1,Atlanta,33.9896,-84.0942
beabadoobee: The Powerlines Tour,2026-10-14,8:00 PM,"Gas South Arena, Duluth",,Concert / Live Music,https://www.ticketmaster.com/beabadoobee-the-powerlines-tour-duluth-georgia-10-14-2026/event/0E0064D6B14C8BA1,"Ages 2 and older require a ticket. No Refunds. No Exchanges. Pricing, line up, and production setup may change without notice. Ticket purchases exceeding the posted ticket limit, either within a single order or across multiple orders, may be subject to order(s) being voided without notice. Las edades de 2 años o más requieren un boleto. Sin reembolsos. Sin intercambios. Los precios, la alineación y la configuración de producción pueden cambiar sin previo aviso. Las compras de boletos que excedan el límite de boletos publicados, ya sea dentro de un solo pedido o en múltiples pedidos, pueden est",ticketmaster: https://www.ticketmaster.com/beabadoobee-the-powerlines-tour-duluth-georgia-10-14-2026/event/0E0064D6B14C8BA1,1,Atlanta,33.9869191,-84.0907288
"guardin w/ kennedyxoxo, Fijimar & iwearbape",2026-10-14,8:30 PM,"Smith's Olde Bar, Atlanta",$12.63 - $26.74,Concert / Live Music,https://www.ticketweb.com/event/guardin-w-kennedyxoxo-fijimar-smiths-olde-bar-tickets/14236094,ALL SALES FINAL NO REFUNDS/EXCHANGES,ticketmaster: https://www.ticketweb.com/event/guardin-w-kennedyxoxo-fijimar-smiths-olde-bar-tickets/14236094,1,Atlanta,33.797612,-84.368852
Alabama,2026-10-15,7:00 PM,"Gas South Arena, Duluth",,Festival,https://seatgeek.com/alabama-tickets/duluth-georgia-gas-south-arena-2026-10-15-7-pm/music-festival/18511663,,seatgeek: https://seatgeek.com/alabama-tickets/duluth-georgia-gas-south-arena-2026-10-15-7-pm/music-festival/18511663,1,Atlanta,33.9896,-84.0942
Alabama Live In Concert,2026-10-15,7:00 PM,"Gas South Arena, Duluth",,Concert / Live Music,https://www.ticketmaster.com/alabama-live-in-concert-duluth-georgia-10-15-2026/event/0E00650DC06FB510,"Ages 2 and older require a ticket. No Refunds. No Exchanges. Pricing, line up, and production setup may change without notice. Ticket purchases exceeding the posted ticket limit, either within a single order or across multiple orders, may be subject to order(s) being voided without notice.",ticketmaster: https://www.ticketmaster.com/alabama-live-in-concert-duluth-georgia-10-15-2026/event/0E00650DC06FB510,1,Atlanta,33.9869191,-84.0907288
Arcangel,2026-10-15,8:00 PM,"Coca-Cola Roxy Theatre, Atlanta",,Concert / Live Music,https://seatgeek.com/arcangel-tickets/atlanta-georgia-coca-cola-roxy-theatre-2026-10-15-8-pm/concert/18266306,,seatgeek: https://seatgeek.com/arcangel-tickets/atlanta-georgia-coca-cola-roxy-theatre-2026-10-15-8-pm/concert/18266306,1,Atlanta,33.8903,-84.4697
Arcángel - La 8va Maravilla World Tour,2026-10-15,8:00 PM,"Coca-Cola Roxy, Atlanta",,Concert / Live Music,https://www.ticketmaster.com/arcangel-la-8va-maravilla-world-tour-atlanta-georgia-10-15-2026/event/0E0064B4AB4BCB0D,"All ages welcome. Doors: 7:00PM Show: 8:00PM The main floor is general admission, standing room only. The balcony is reserved, assigned seating.",ticketmaster: https://www.ticketmaster.com/arcangel-la-8va-maravilla-world-tour-atlanta-georgia-10-15-2026/event/0E0064B4AB4BCB0D,1,Atlanta,33.89024,-84.469717
Bayonne,2026-10-15,8:00 PM,"Aisle 5, Atlanta",,Concert / Live Music,https://www.eventim.us/wafform.aspx?_act=eventtickets&_pky=688178,,ticketmaster: https://www.eventim.us/wafform.aspx?_act=eventtickets&_pky=688178 | ticketmaster: https://www.ticketmaster.com/event/Z7r9jZ1A7x_x6 | seatgeek: https://seatgeek.com/bayonne-tickets/atlanta-georgia-aisle-5-2026-10-15-8-pm/concert/18199164,3,Atlanta,33.764272,-84.350224
"ButtTootKing: Lydia B Kollins, Suzie Toot, and Kori King",2026-10-15,7:00 PM,"The Masquerade - Heaven, Atlanta",,Food & Drink,https://www.ticketmaster.com/butttootking-lydia-b-kollins-suzie-toot-atlanta-georgia-10-15-2026/event/0E0064A8DA26AA2B,"We look forward to hosting you at The Masquerade! Doors are at 7:00 PM. The Masquerade is now proud to be serving food. Check our socials for the food window's schedule, pinned at the top of the feed. For more info and our FAQ, visit MASQ.com VIP Ticket includes Pre-Show Meet and Greet and Priority Venue Access",ticketmaster: https://www.ticketmaster.com/butttootking-lydia-b-kollins-suzie-toot-atlanta-georgia-10-15-2026/event/0E0064A8DA26AA2B,1,Atlanta,33.751769,-84.389681
CAU Homecoming Kickoff @ Koo Koo Room,2026-10-15,6:00 PM - 12:00 AM,"Koo Koo Room, 1140 Crescent Avenue Northeast, Atlanta, GA 30309",,Nightlife / Party,https://www.eventbrite.com/e/cau-homecoming-kickoff-koo-koo-room-tickets-2002953032438,,eventbrite: https://www.eventbrite.com/e/cau-homecoming-kickoff-koo-koo-room-tickets-2002953032438,1,Atlanta,33.749,-84.388
Dan + Shay with Tyler Hubbard and Josh Ross,2026-10-15,7:00 PM,"Ameris Bank Amphitheatre, Alpharetta",,Concert / Live Music,https://seatgeek.com/dan-shay-tickets/alpharetta-georgia-ameris-bank-amphitheatre-2026-10-15-7-pm/concert/18250820,,seatgeek: https://seatgeek.com/dan-shay-tickets/alpharetta-georgia-ameris-bank-amphitheatre-2026-10-15-7-pm/concert/18250820,1,Atlanta,34.0544,-84.3067
Dan + Shay: The Young Tour,2026-10-15,7:00 PM,"Ameris Bank Amphitheatre, Alpharetta",,Concert / Live Music,https://www.ticketmaster.com/dan-shay-the-young-tour-alpharetta-georgia-10-15-2026/event/0E0064AEE1288ED6,,ticketmaster: https://www.ticketmaster.com/dan-shay-the-young-tour-alpharetta-georgia-10-15-2026/event/0E0064AEE1288ED6,1,Atlanta,34.0544157,-84.3066793
Delta Sky360 Club Experience: Katseye,2026-10-15,8:00 PM,"State Farm Arena, Atlanta",,Concert / Live Music,https://www.ticketmaster.com/delta-sky360-club-experience-katseye-atlanta-georgia-10-15-2026/event/0E006513AE97A7F0,"You have secured your tickets to see Katseye at State Farm Arena on October 15 - now turn your concert night into a truly premium experience with the Delta Sky360 ClubExperience, located directly on the event level.",ticketmaster: https://www.ticketmaster.com/delta-sky360-club-experience-katseye-atlanta-georgia-10-15-2026/event/0E006513AE97A7F0,1,Atlanta,33.757796,-84.394569
Deric Cahill,2026-10-15,7:30 PM,"Helium Comedy Club - Atlanta, Alpharetta",,Comedy,https://seatgeek.com/deric-cahill-tickets/comedy/2026-10-15-7-30-pm/18588843,,seatgeek: https://seatgeek.com/deric-cahill-tickets/comedy/2026-10-15-7-30-pm/18588843,1,Atlanta,34.0754,-84.2941
Great Lake Swimmers,2026-10-15,8:00 PM,"Vinyl, Atlanta",,Concert / Live Music,https://www.ticketmaster.com/great-lake-swimmers-atlanta-georgia-10-15-2026/event/0E0064CFA14673F2,"Rival presents: Great Lake Swimmers Caught Light Tour 2026 October 15, 2026 | VINYL | General Admission | All Ages The price you see is the price you pay! All fees are included in the price you see on Ticketmaster (excluding taxes). For ADA Accommodations, email info@rivalentertainment.com. For parking information and an FAQ, visit us at centerstage-atlanta.com.",ticketmaster: https://www.ticketmaster.com/great-lake-swimmers-atlanta-georgia-10-15-2026/event/0E0064CFA14673F2 | seatgeek: https://seatgeek.com/great-lake-swimmers-tickets/atlanta-georgia-vinyl-at-center-stage-2026-10-15-8-pm/concert/18318711,2,Atlanta,33.7918926,-84.3877907
Holiday Portraits: Capture the Magic at Selfie Paradise Museum,2026-10-15,12:00 PM,"Selfie Paradise Museum, Douglasville",,General,https://www.universe.com/events/holiday-portraits-capture-the-magic-at-selfie-paradise-museum-tickets-6HVT5N?ref=ticketmaster,,ticketmaster: https://www.universe.com/events/holiday-portraits-capture-the-magic-at-selfie-paradise-museum-tickets-6HVT5N?ref=ticketmaster | ticketmaster: https://www.universe.com/events/holiday-portraits-capture-the-magic-at-selfie-paradise-museum-tickets-6HVT5N?ref=ticketmaster | ticketmaster: https://www.universe.com/events/holiday-portraits-capture-the-magic-at-selfie-paradise-museum-tickets-6HVT5N?ref=ticketmaster | ticketmaster: https://www.universe.com/events/holiday-portraits-capture-the-magic-at-selfie-paradise-museum-tickets-6HVT5N?ref=ticketmaster | ticketmaster: https://www.universe.com/events/holiday-portraits-capture-the-magic-at-selfie-paradise-museum-tickets-6HVT5N?ref=ticketmaster | ticketmaster: https://www.universe.com/events/holiday-portraits-capture-the-magic-at-selfie-paradise-museum-tickets-6HVT5N?ref=ticketmaster | ticketmaster: https://www.universe.com/events/holiday-portraits-capture-the-magic-at-selfie-paradise-museum-tickets-6HVT5N?ref=ticketmaster | ticketmaster: https://www.universe.com/events/holiday-portraits-capture-the-magic-at-selfie-paradise-museum-tickets-6HVT5N?ref=ticketmaster | ticketmaster: https://www.universe.com/events/holiday-portraits-capture-the-magic-at-selfie-paradise-museum-tickets-6HVT5N?ref=ticketmaster | ticketmaster: https://www.universe.com/events/holiday-portraits-capture-the-magic-at-selfie-paradise-museum-tickets-6HVT5N?ref=ticketmaster | ticketmaster: https://www.universe.com/events/holiday-portraits-capture-the-magic-at-selfie-paradise-museum-tickets-6HVT5N?ref=ticketmaster | ticketmaster: https://www.universe.com/events/holiday-portraits-capture-the-magic-at-selfie-paradise-museum-tickets-6HVT5N?ref=ticketmaster | ticketmaster: https://www.universe.com/events/holiday-portraits-capture-the-magic-at-selfie-paradise-museum-tickets-6HVT5N?ref=ticketmaster | ticketmaster: https://www.universe.com/events/holiday-portraits-capture-the-magic-at-selfie-paradise-museum-tickets-6HVT5N?ref=ticketmaster | ticketmaster: https://www.universe.com/events/holiday-portraits-capture-the-magic-at-selfie-paradise-museum-tickets-6HVT5N?ref=ticketmaster | ticketmaster: https://www.universe.com/events/holiday-portraits-capture-the-magic-at-selfie-paradise-museum-tickets-6HVT5N?ref=ticketmaster | ticketmaster: https://www.universe.com/events/holiday-portraits-capture-the-magic-at-selfie-paradise-museum-tickets-6HVT5N?ref=ticketmaster | ticketmaster: https://www.universe.com/events/holiday-portraits-capture-the-magic-at-selfie-paradise-museum-tickets-6HVT5N?ref=ticketmaster | ticketmaster: https://www.universe.com/events/holiday-portraits-capture-the-magic-at-selfie-paradise-museum-tickets-6HVT5N?ref=ticketmaster | ticketmaster: https://www.universe.com/events/holiday-portraits-capture-the-magic-at-selfie-paradise-museum-tickets-6HVT5N?ref=ticketmaster | ticketmaster: https://www.universe.com/events/holiday-portraits-capture-the-magic-at-selfie-paradise-museum-tickets-6HVT5N?ref=ticketmaster,21,Atlanta,33.728206,-84.743421
Interpol with DIIV,2026-10-15,8:00 PM,"The Eastern-GA, Atlanta",,Concert / Live Music,https://www.ticketmaster.com/event/Z7r9jZ1A7Pp-O,,ticketmaster: https://www.ticketmaster.com/event/Z7r9jZ1A7Pp-O | seatgeek: https://seatgeek.com/interpol-tickets/atlanta-georgia-the-eastern-atlanta-2026-10-15-8-pm/concert/18475284,2,Atlanta,33.7136,-84.332802
Isaiah Falls,2026-10-15,8:00 PM,"Center Stage Theater, Atlanta",,Concert / Live Music,https://www.ticketmaster.com/isaiah-falls-atlanta-georgia-10-15-2026/event/0E0064CBDE6F5F43,"Rival presents: Isaiah Falls w/ RAAHiiM LVRS Paradise Side B Tour October 15, 2026 | CENTER STAGE THEATER | General Admission | All Ages The price you see is the price you pay! All fees are included in the price you see on Ticketmaster (excluding taxes). For ADA Accommodations, email info@rivalentertainment.com. For parking information and an FAQ, visit us at centerstage-atlanta.com.",ticketmaster: https://www.ticketmaster.com/isaiah-falls-atlanta-georgia-10-15-2026/event/0E0064CBDE6F5F43,1,Atlanta,33.7918926,-84.3877907
Joon,2026-10-15,8:00 PM,"Smiths Olde Bar, Atlanta",,Concert / Live Music,https://seatgeek.com/joon-tickets/atlanta-georgia-smiths-olde-bar-3-2026-10-15-8-pm/concert/18622918,,seatgeek: https://seatgeek.com/joon-tickets/atlanta-georgia-smiths-olde-bar-3-2026-10-15-8-pm/concert/18622918,1,Atlanta,33.7976,-84.3688
KATSEYE,2026-10-15,8:00 PM,"State Farm Arena, Atlanta",,Concert / Live Music,https://seatgeek.com/katseye-tickets/atlanta-georgia-state-farm-arena-1-2026-10-15-8-pm/concert/18240138,,seatgeek: https://seatgeek.com/katseye-tickets/atlanta-georgia-state-farm-arena-1-2026-10-15-8-pm/concert/18240138,1,Atlanta,33.7566,-84.3969
KATSEYE: THE WILDWORLD TOUR,2026-10-15,8:00 PM,"State Farm Arena, Atlanta",,Concert / Live Music,https://www.ticketmaster.com/katseye-the-wildworld-tour-atlanta-georgia-10-15-2026/event/0E0064ABD8F32445,,ticketmaster: https://www.ticketmaster.com/katseye-the-wildworld-tour-atlanta-georgia-10-15-2026/event/0E0064ABD8F32445,1,Atlanta,33.757796,-84.394569
Kelela,2026-10-15,8:00 PM,"Buckhead Theatre, Atlanta",,Concert / Live Music,https://seatgeek.com/kelela-tickets/atlanta-georgia-buckhead-theatre-2026-10-15-8-pm/concert/18281182,,seatgeek: https://seatgeek.com/kelela-tickets/atlanta-georgia-buckhead-theatre-2026-10-15-8-pm/concert/18281182,1,Atlanta,33.8403,-84.3797
Kelela - new avatar live,2026-10-15,8:00 PM,"Buckhead Theatre, Atlanta",,Concert / Live Music,https://www.ticketmaster.com/kelela-new-avatar-live-atlanta-georgia-10-15-2026/event/0E0064BBC205EC26,Main floor is general admission standing. Balcony is reserved seating. GA floor has a pit area with limited capacity. GA ticketholders who arrive after the pit is full will be directed to other open areas on the floor. All ages welcome. Doors at 7 PM. Show at 8 PM.,ticketmaster: https://www.ticketmaster.com/kelela-new-avatar-live-atlanta-georgia-10-15-2026/event/0E0064BBC205EC26,1,Atlanta,33.8402272,-84.3795437
Kyle Kinane,2026-10-15,8:00 PM,"Variety Playhouse, Atlanta",,Arts & Theatre,https://www.ticketmaster.com/event/Z7r9jZ1A7OMPO,,ticketmaster: https://www.ticketmaster.com/event/Z7r9jZ1A7OMPO | seatgeek: https://seatgeek.com/kyle-kinane-tickets/comedy/2026-10-15-8-pm/18077752,2,Atlanta,33.770199,-84.334602
Like Father,2026-10-15,7:30 PM,"Alliance Theatre, Atlanta",,General,https://www.ticketmaster.com/event/Z7r9jZ1A7PP-M,,ticketmaster: https://www.ticketmaster.com/event/Z7r9jZ1A7PP-M,1,Atlanta,33.797401,-84.386803
Like Father - Atlanta,2026-10-15,7:30 PM,"Hertz Stage at Alliance Theatre, Atlanta",,Arts & Theatre,https://seatgeek.com/like-father-1-tickets/theater/2026-10-15-7-30-pm/18321567,,seatgeek: https://seatgeek.com/like-father-1-tickets/theater/2026-10-15-7-30-pm/18321567,1,Atlanta,33.7896,-84.3844
Lydia B Kollins with Butttootking,2026-10-15,7:00 PM,"The Masquerade - Heaven, Atlanta",,Concert / Live Music,https://seatgeek.com/lydia-b-kollins-tickets/atlanta-georgia-the-masquerade-heaven-2026-10-15-7-pm/concert/18239529,,seatgeek: https://seatgeek.com/lydia-b-kollins-tickets/atlanta-georgia-the-masquerade-heaven-2026-10-15-7-pm/concert/18239529,1,Atlanta,33.7518,-84.3897
MEXODUS - Atlanta,2026-10-15,7:30 PM,"Coca-Cola Stage at Alliance Theatre, Atlanta",,Arts & Theatre,https://seatgeek.com/mexodus-tickets/theater/2026-10-15-7-30-pm/18271277,,seatgeek: https://seatgeek.com/mexodus-tickets/theater/2026-10-15-7-30-pm/18271277,1,Atlanta,33.7901,-84.3855
Mexodus,2026-10-15,7:30 PM,"Alliance Theatre - Coca-Cola Stage, Atlanta",,Arts & Theatre,https://www.ticketmaster.com/event/Z7r9jZ1A70yP3,,ticketmaster: https://www.ticketmaster.com/event/Z7r9jZ1A70yP3,1,Atlanta,33.797401,-84.386803
Nasser Al-Rayess,2026-10-15,7:30 PM,"Helium Comedy Club - Atlanta, Alpharetta",,Comedy,https://seatgeek.com/nasser-al-rayess-tickets/comedy/2026-10-15-7-30-pm/18453368,,seatgeek: https://seatgeek.com/nasser-al-rayess-tickets/comedy/2026-10-15-7-30-pm/18453368,1,Atlanta,34.0754,-84.2941
Piff The Magic Dragon - Atlanta,2026-10-15,8:00 PM,"City Winery - Atlanta, Atlanta",,Arts & Theatre,https://seatgeek.com/piff-the-magic-dragon-tickets/theater/2026-10-15-8-pm/18562364,,seatgeek: https://seatgeek.com/piff-the-magic-dragon-tickets/theater/2026-10-15-8-pm/18562364,1,Atlanta,33.6651,-84.4107
Tank and The Bangas,2026-10-15,8:00 PM,"Terminal West, Atlanta",,Concert / Live Music,https://www.ticketmaster.com/event/Z7r9jZ1A7xvZA,,ticketmaster: https://www.ticketmaster.com/event/Z7r9jZ1A7xvZA,1,Atlanta,33.791901,-84.446404
Tank and the Bangas with Ariel J.,2026-10-15,8:00 PM,"Terminal West, Atlanta",,Concert / Live Music,https://seatgeek.com/tank-and-the-bangas-tickets/atlanta-georgia-terminal-west-2026-10-15-8-pm/concert/18157553,,seatgeek: https://seatgeek.com/tank-and-the-bangas-tickets/atlanta-georgia-terminal-west-2026-10-15-8-pm/concert/18157553,1,Atlanta,33.782307,-84.4164
The Christmas Carnival at Selfie Paradise Museum,2026-10-15,1:00 PM,"Selfie Paradise Museum, Douglasville",,Festival,https://www.universe.com/events/the-christmas-carnival-at-selfie-paradise-museum-tickets-7PQG9Y?ref=ticketmaster,,ticketmaster: https://www.universe.com/events/the-christmas-carnival-at-selfie-paradise-museum-tickets-7PQG9Y?ref=ticketmaster | ticketmaster: https://www.universe.com/events/the-christmas-carnival-at-selfie-paradise-museum-tickets-7PQG9Y?ref=ticketmaster | ticketmaster: https://www.universe.com/events/the-christmas-carnival-at-selfie-paradise-museum-tickets-7PQG9Y?ref=ticketmaster | ticketmaster: https://www.universe.com/events/the-christmas-carnival-at-selfie-paradise-museum-tickets-7PQG9Y?ref=ticketmaster | ticketmaster: https://www.universe.com/events/the-christmas-carnival-at-selfie-paradise-museum-tickets-7PQG9Y?ref=ticketmaster | ticketmaster: https://www.universe.com/events/the-christmas-carnival-at-selfie-paradise-museum-tickets-7PQG9Y?ref=ticketmaster,6,Atlanta,33.728206,-84.743421
Token,2026-10-15,7:00 PM,"The Masquerade - Purgatory, Atlanta",,Concert / Live Music,https://seatgeek.com/token-tickets/atlanta-georgia-the-masquerade-purgatory-2026-10-15-7-pm/concert/18384859,,seatgeek: https://seatgeek.com/token-tickets/atlanta-georgia-the-masquerade-purgatory-2026-10-15-7-pm/concert/18384859,1,Atlanta,33.7515,-84.3899
Token: I'm Leaving Soon Tour,2026-10-15,7:00 PM,"The Masquerade - Purgatory, Atlanta",,Concert / Live Music,https://www.ticketmaster.com/token-im-leaving-soon-tour-atlanta-georgia-10-15-2026/event/0E0064F0AF9BB162,"We look forward to hosting you at The Masquerade! Doors are at 7:00 PM. The Masquerade is now proud to be serving food. Check our socials for the food window's schedule, pinned at the top of the feed. For more info and our FAQ, visit MASQ.com",ticketmaster: https://www.ticketmaster.com/token-im-leaving-soon-tour-atlanta-georgia-10-15-2026/event/0E0064F0AF9BB162,1,Atlanta,33.75184,-84.389887
Tricky,2026-10-15,8:00 PM,"The Loft, Atlanta",,Concert / Live Music,https://www.ticketmaster.com/tricky-atlanta-georgia-10-15-2026/event/0E0064A6A12FC7E6,"Rival presents: Tricky October 15, 2026 | THE LOFT | General Admission | All Ages The price you see is the price you pay! All fees are included in the price you see on Ticketmaster (excluding taxes). For ADA Accommodations, email info@rivalentertainment.com. For parking information and an FAQ, visit us at centerstage-atlanta.com.",ticketmaster: https://www.ticketmaster.com/tricky-atlanta-georgia-10-15-2026/event/0E0064A6A12FC7E6 | seatgeek: https://seatgeek.com/tricky-tickets/atlanta-georgia-the-loft-at-center-stage-2026-10-15-8-pm/concert/18236470,2,Atlanta,33.7918926,-84.3877907
$uicideboy$ Present Grey Day Tour 2026 W. Destroy Lonely & More,2026-10-16,6:30 PM,"Lakewood Amphitheatre, Atlanta",,Concert / Live Music,https://www.ticketmaster.com/uicideboy-present-grey-day-tour-2026-atlanta-georgia-10-16-2026/event/0E00647BF19754D0,"This year for Grey Day Tour 2026, we ($uicideboy$) have partnered with PLUS1 for something very near and dear to us: mental health. $1 per ticket will be contributed by Live Nation to our PLUS1 Mental Health Fund, to help those who need support most. We are very excited to do this, and this is only the beginning of our plans to give back to those that have given us so much. www.plus1.org",ticketmaster: https://www.ticketmaster.com/uicideboy-present-grey-day-tour-2026-atlanta-georgia-10-16-2026/event/0E00647BF19754D0,1,Atlanta,33.70403,-84.396028
"$uicideboy$ with Destroy Lonely, Shakewell, Drain, and more",2026-10-16,6:30 PM,"Lakewood Amphitheatre, Atlanta",,Concert / Live Music,https://seatgeek.com/uicideboy-tickets/atlanta-georgia-lakewood-amphitheatre-2026-10-16-6-30-pm/concert/18155896,,seatgeek: https://seatgeek.com/uicideboy-tickets/atlanta-georgia-lakewood-amphitheatre-2026-10-16-6-30-pm/concert/18155896,1,Atlanta,33.7035,-84.3973
Ali Siddiq,2026-10-16,7:00 PM,"State Farm Arena, Atlanta",,Comedy,https://seatgeek.com/ali-siddiq-tickets/comedy/2026-10-16-7-pm/18327965,,seatgeek: https://seatgeek.com/ali-siddiq-tickets/comedy/2026-10-16-7-pm/18327965,1,Atlanta,33.7566,-84.3969
Ali Siddiq: The Custom Fit Tour,2026-10-16,7:00 PM,"State Farm Arena, Atlanta",,Concert / Live Music,https://www.ticketmaster.com/ali-siddiq-the-custom-fit-tour-atlanta-georgia-10-16-2026/event/0E0064D39D257650,"THIS IS A PHONE-FREE SHOW! NO RECORDING PERMITTED Photography, video recording, audio recording, screenshots, and live streaming are strictly prohibited during this performance. Guests observed recording will be immediately removed from the venue without warning or refund. Thank you for helping us protect the live experience.",ticketmaster: https://www.ticketmaster.com/ali-siddiq-the-custom-fit-tour-atlanta-georgia-10-16-2026/event/0E0064D39D257650,1,Atlanta,33.757796,-84.394569
Atlanta Ballet 2 - Cinderella,2026-10-16,7:30 PM,"Fox Theatre - Atlanta, Atlanta",,Arts & Theatre,https://www.ticketmaster.com/event/Z7r9jZ1A7J37g,,ticketmaster: https://www.ticketmaster.com/event/Z7r9jZ1A7J37g | seatgeek: https://seatgeek.com/atlanta-ballet-ii-tickets/dance/2026-10-16-7-30-pm/18321616,2,Atlanta,33.7714,-84.377403
Bombargo,2026-10-16,8:00 PM,"Aisle 5, Atlanta",,Concert / Live Music,https://www.eventim.us/event/tickets/694325,,ticketmaster: https://www.eventim.us/event/tickets/694325 | ticketmaster: https://www.ticketmaster.com/event/Z7r9jZ1A7P__z,2,Atlanta,33.764272,-84.350224
CAU FREAKNIK 1988 - HOMECOMING THROWBACK PARTY,2026-10-16,10:00 PM - 3:00 AM,"Bamboo atlanta, 183 Forsyth Street Southwest, Atlanta, GA 30303",,Nightlife / Party,https://www.eventbrite.com/e/cau-freaknik-1988-homecoming-throwback-party-tickets-2001643848634,,eventbrite: https://www.eventbrite.com/e/cau-freaknik-1988-homecoming-throwback-party-tickets-2001643848634,1,Atlanta,33.749,-84.388
CT United FC at Atlanta United 2 - MLS Next Pro Quarterfinals,2026-10-16,6:00 PM,"Children's Healthcare of Atlanta Training Ground, Marietta",,Sports & Fitness,https://seatgeek.com/mls-next-pro-playoffs-tickets/usl/2026-10-16-6-pm/18639161,,seatgeek: https://seatgeek.com/mls-next-pro-playoffs-tickets/usl/2026-10-16-6-pm/18639161,1,Atlanta,33.9341,-84.498
Ceremony,2026-10-16,7:00 PM,"The Masquerade - Hell, Atlanta",,Food & Drink,https://www.ticketmaster.com/ceremony-atlanta-georgia-10-16-2026/event/0E0064CFD96AD1B9,"We look forward to hosting you at The Masquerade! Doors are at 7:00 PM. The Masquerade is now proud to be serving food. Check our socials for the food window's schedule, pinned at the top of the feed. For more info and our FAQ, visit MASQ.com",ticketmaster: https://www.ticketmaster.com/ceremony-atlanta-georgia-10-16-2026/event/0E0064CFD96AD1B9,1,Atlanta,33.75184,-84.389887
Ceremony with Verity Den,2026-10-16,7:00 PM,"The Masquerade - Heaven, Atlanta",,Concert / Live Music,https://seatgeek.com/ceremony-tickets/atlanta-georgia-the-masquerade-heaven-2026-10-16-7-pm/concert/18314254,,seatgeek: https://seatgeek.com/ceremony-tickets/atlanta-georgia-the-masquerade-heaven-2026-10-16-7-pm/concert/18314254,1,Atlanta,33.7518,-84.3897
Clayton Nile Young,2026-10-16,9:00 PM,"Eddie's Attic - Decatur, Decatur",,Concert / Live Music,https://seatgeek.com/clayton-nile-young-tickets/decatur-georgia-eddie-s-attic-decatur-2026-10-16-9-pm/concert/18515414,,seatgeek: https://seatgeek.com/clayton-nile-young-tickets/decatur-georgia-eddie-s-attic-decatur-2026-10-16-9-pm/concert/18515414,1,Atlanta,33.7739,-84.2964
Clayton Nile Young w/ Sunriver,2026-10-16,9:00 PM,"Eddie's Attic, Decatur",,Concert / Live Music,https://www.ticketmaster.com/clayton-nile-young-w-sunriver-decatur-georgia-10-16-2026/event/0E006511B81BC135,"Clayton Nile Young live at Eddie's Attic! ""It all started when I fell off a cliff."" That's how Clayton Nile Young's story begins, and it only gets more compelling from there. A multi-instrumentalist, songwriter, and storyteller based in Charleston, West Virginia, Young blends alternative country, bluegrass, and folk into a sound he calls ""Holler Poetry,"" raw and emotionally driven, steeped in mountain tradition and personal history. Though he grew up playing drums, Young taught himself fiddle during a hospital stay after a rock climbing accident, asking for his grandfather's heirloom fiddle an",ticketmaster: https://www.ticketmaster.com/clayton-nile-young-w-sunriver-decatur-georgia-10-16-2026/event/0E006511B81BC135,1,Atlanta,33.773975,-84.296271
Clint Coley,2026-10-16,7:30 PM,"Helium Comedy Club - Atlanta, Alpharetta",,Comedy,https://seatgeek.com/clint-coley-tickets/comedy/2026-10-16-7-30-pm/18452917,,seatgeek: https://seatgeek.com/clint-coley-tickets/comedy/2026-10-16-7-30-pm/18452917 | seatgeek: https://seatgeek.com/clint-coley-tickets/comedy/2026-10-16-9-45-pm/18452918,2,Atlanta,34.0754,-84.2941
Damitas Histeria,2026-10-16,7:00 PM,"Atlanta Comedy Theater, Norcross",,Comedy,https://seatgeek.com/damitas-histeria-tickets/comedy/2026-10-16-7-pm/18622872,,seatgeek: https://seatgeek.com/damitas-histeria-tickets/comedy/2026-10-16-7-pm/18622872,1,Atlanta,33.8855,-84.1923
El Haragan,2026-10-16,9:00 PM,"Atlanta Eagles Arena, Atlanta",,Concert / Live Music,https://seatgeek.com/el-haragan-tickets/atlanta-georgia-atlanta-eagles-arena-2026-10-16-9-pm/concert/18623092,,seatgeek: https://seatgeek.com/el-haragan-tickets/atlanta-georgia-atlanta-eagles-arena-2026-10-16-9-pm/concert/18623092,1,Atlanta,33.9163,-84.261246
Garage - 1180 Peachtree St: Guster,2026-10-16,7:30 PM,"Atlanta Symphony Hall, Atlanta",,General,https://www.ticketmaster.com/garage-1180-peachtree-st-guster-atlanta-georgia-10-16-2026/event/0E006473F4471FFE,Garage: 1180 Peachtree Street NE (Peachtree NE & 14th Street),ticketmaster: https://www.ticketmaster.com/garage-1180-peachtree-st-guster-atlanta-georgia-10-16-2026/event/0E006473F4471FFE,1,Atlanta,33.790098,-84.385493
Georgia Tech Yellow Jackets Womens Volleyball vs. Syracuse University Womens Volleyball,2026-10-16,7:00 PM,"O'Keefe Gymnasium, Atlanta",,Sports & Fitness,https://www.ticketmaster.com/event/Z7r9jZ1A70z-g,,ticketmaster: https://www.ticketmaster.com/event/Z7r9jZ1A70z-g,1,Atlanta,33.758301,-84.398201
Guster With The Atlanta Symphony Orchestra,2026-10-16,7:30 PM,"Atlanta Symphony Hall, Atlanta",,Concert / Live Music,https://www.ticketmaster.com/guster-with-the-atlanta-symphony-orchestra-atlanta-georgia-10-16-2026/event/0E006473F3001D3D,,ticketmaster: https://www.ticketmaster.com/guster-with-the-atlanta-symphony-orchestra-atlanta-georgia-10-16-2026/event/0E006473F3001D3D | seatgeek: https://seatgeek.com/atlanta-symphony-orchestra-tickets/classical/2026-10-16-7-30-pm/18168810,2,Atlanta,33.790098,-84.385493
Holiday Portraits: Capture the Magic at Selfie Paradise Museum,2026-10-16,12:00 PM,"Selfie Paradise Museum, Douglasville",,General,https://www.universe.com/events/holiday-portraits-capture-the-magic-at-selfie-paradise-museum-tickets-6HVT5N?ref=ticketmaster,,ticketmaster: https://www.universe.com/events/holiday-portraits-capture-the-magic-at-selfie-paradise-museum-tickets-6HVT5N?ref=ticketmaster | ticketmaster: https://www.universe.com/events/holiday-portraits-capture-the-magic-at-selfie-paradise-museum-tickets-6HVT5N?ref=ticketmaster | ticketmaster: https://www.universe.com/events/holiday-portraits-capture-the-magic-at-selfie-paradise-museum-tickets-6HVT5N?ref=ticketmaster | ticketmaster: https://www.universe.com/events/holiday-portraits-capture-the-magic-at-selfie-paradise-museum-tickets-6HVT5N?ref=ticketmaster | ticketmaster: https://www.universe.com/events/holiday-portraits-capture-the-magic-at-selfie-paradise-museum-tickets-6HVT5N?ref=ticketmaster | ticketmaster: https://www.universe.com/events/holiday-portraits-capture-the-magic-at-selfie-paradise-museum-tickets-6HVT5N?ref=ticketmaster | ticketmaster: https://www.universe.com/events/holiday-portraits-capture-the-magic-at-selfie-paradise-museum-tickets-6HVT5N?ref=ticketmaster | ticketmaster: https://www.universe.com/events/holiday-portraits-capture-the-magic-at-selfie-paradise-museum-tickets-6HVT5N?ref=ticketmaster | ticketmaster: https://www.universe.com/events/holiday-portraits-capture-the-magic-at-selfie-paradise-museum-tickets-6HVT5N?ref=ticketmaster | ticketmaster: https://www.universe.com/events/holiday-portraits-capture-the-magic-at-selfie-paradise-museum-tickets-6HVT5N?ref=ticketmaster | ticketmaster: https://www.universe.com/events/holiday-portraits-capture-the-magic-at-selfie-paradise-museum-tickets-6HVT5N?ref=ticketmaster | ticketmaster: https://www.universe.com/events/holiday-portraits-capture-the-magic-at-selfie-paradise-museum-tickets-6HVT5N?ref=ticketmaster | ticketmaster: https://www.universe.com/events/holiday-portraits-capture-the-magic-at-selfie-paradise-museum-tickets-6HVT5N?ref=ticketmaster | ticketmaster: https://www.universe.com/events/holiday-portraits-capture-the-magic-at-selfie-paradise-museum-tickets-6HVT5N?ref=ticketmaster | ticketmaster: https://www.universe.com/events/holiday-portraits-capture-the-magic-at-selfie-paradise-museum-tickets-6HVT5N?ref=ticketmaster | ticketmaster: https://www.universe.com/events/holiday-portraits-capture-the-magic-at-selfie-paradise-museum-tickets-6HVT5N?ref=ticketmaster | ticketmaster: https://www.universe.com/events/holiday-portraits-capture-the-magic-at-selfie-paradise-museum-tickets-6HVT5N?ref=ticketmaster | ticketmaster: https://www.universe.com/events/holiday-portraits-capture-the-magic-at-selfie-paradise-museum-tickets-6HVT5N?ref=ticketmaster | ticketmaster: https://www.universe.com/events/holiday-portraits-capture-the-magic-at-selfie-paradise-museum-tickets-6HVT5N?ref=ticketmaster | ticketmaster: https://www.universe.com/events/holiday-portraits-capture-the-magic-at-selfie-paradise-museum-tickets-6HVT5N?ref=ticketmaster | ticketmaster: https://www.universe.com/events/holiday-portraits-capture-the-magic-at-selfie-paradise-museum-tickets-6HVT5N?ref=ticketmaster,21,Atlanta,33.728206,-84.743421
Hurtbox (18+ Event),2026-10-16,10:00 PM,"Wish Lounge at Believe Music Hall, Atlanta",,General,https://www.ticketmaster.com/event/Z7r9jZ1AAvdGY,,ticketmaster: https://www.ticketmaster.com/event/Z7r9jZ1AAvdGY,1,Atlanta,33.744301,-84.375397
Interpol with DIIV,2026-10-16,8:00 PM,"The Eastern-GA, Atlanta",,Concert / Live Music,https://www.ticketmaster.com/event/Z7r9jZ1A70oqb,,ticketmaster: https://www.ticketmaster.com/event/Z7r9jZ1A70oqb | seatgeek: https://seatgeek.com/interpol-tickets/atlanta-georgia-the-eastern-atlanta-2026-10-16-8-pm/concert/18211886,2,Atlanta,33.7136,-84.332802
Ivri with Ally Nicholas,2026-10-16,7:00 PM,"The Masquerade - Purgatory, Atlanta",,Concert / Live Music,https://seatgeek.com/ivri-tickets/atlanta-georgia-the-masquerade-purgatory-2026-10-16-7-pm/concert/18312272,,seatgeek: https://seatgeek.com/ivri-tickets/atlanta-georgia-the-masquerade-purgatory-2026-10-16-7-pm/concert/18312272,1,Atlanta,33.7515,-84.3899
Joshua Redman,2026-10-16,8:00 PM,"Rialto Center for the Arts, Atlanta",,Concert / Live Music,https://seatgeek.com/joshua-redman-tickets/atlanta-georgia-rialto-center-for-the-arts-2026-10-16-8-pm/concert/18622311,,seatgeek: https://seatgeek.com/joshua-redman-tickets/atlanta-georgia-rialto-center-for-the-arts-2026-10-16-8-pm/concert/18622311,1,Atlanta,33.7568,-84.3893
K Pop Night (21+),2026-10-16,9:00 PM,"Vinyl at Center Stage, Atlanta",,Concert / Live Music,https://seatgeek.com/k-pop-night-tickets/atlanta-georgia-vinyl-at-center-stage-2026-10-16-9-pm/concert/18529323,,seatgeek: https://seatgeek.com/k-pop-night-tickets/atlanta-georgia-vinyl-at-center-stage-2026-10-16-9-pm/concert/18529323,1,Atlanta,33.7922,-84.3883
KPop After Dark,2026-10-16,9:00 PM,"Vinyl, Atlanta",,Concert / Live Music,https://www.ticketmaster.com/kpop-after-dark-atlanta-georgia-10-16-2026/event/0E00646DA76583E2,"KPOP Night October 16, 2026 | Vinyl | General Admission | All Ages KPOP Afterdark brings the energy, music and excitement of K-pop to the dance floor for an unforgettable night celebrating the biggest artists and songs in K-pop. Dance and sing along to hits from BTS, BLACKPINK, Stray Kids, TWICE, SEVENTEEN, ENHYPEN, aespa, LE SSERAFIM, IVE, NewJeans, ATEEZ, TXT, BABYMONSTER and more, mixed live by our K-pop DJs. With events across the U.S. and internationally, KPOP Afterdark is built by K-pop fans, for K-pop fans. The price you see is the price you pay! All fees are included in the price you s",ticketmaster: https://www.ticketmaster.com/kpop-after-dark-atlanta-georgia-10-16-2026/event/0E00646DA76583E2,1,Atlanta,33.7918926,-84.3877907
Kateoné Supper Klub,2026-10-16,7:30 PM - 10:00 PM,"Creator’s Kitchen, 1331 Metropolitan Parkway Southwest, Atlanta, GA 30310",,Food & Drink,https://www.eventbrite.com/e/kateone-supper-klub-tickets-1998342332711,,eventbrite: https://www.eventbrite.com/e/kateone-supper-klub-tickets-1998342332711,1,Atlanta,33.749,-84.388
Kelsey Cook,2026-10-16,7:00 PM,"Helium Comedy Club - Atlanta, Alpharetta",,Comedy,https://seatgeek.com/kelsey-cook-tickets/comedy/2026-10-16-7-pm/18453228,,seatgeek: https://seatgeek.com/kelsey-cook-tickets/comedy/2026-10-16-7-pm/18453228 | seatgeek: https://seatgeek.com/kelsey-cook-tickets/comedy/2026-10-16-9-15-pm/18453233,2,Atlanta,34.0754,-84.2941
MARIS,2026-10-16,7:00 PM,"The Masquerade - Altar, Atlanta",,Concert / Live Music,https://www.ticketmaster.com/maris-atlanta-georgia-10-16-2026/event/0E0064BBDAE234B6,"We look forward to hosting you at The Masquerade! Doors are at 7:00 PM. The Masquerade is now proud to be serving food. Check our socials for the food window's schedule, pinned at the top of the feed. For more info and our FAQ, visit MASQ.com MARIS is proud to partner with LIFEBEAT, a program of The Elizabeth Taylor AIDS Foundation, on her upcoming tour. $1 from every ticket sold will benefit the program, and LIFEBEAT will be offering resources on sexual health, harm reduction, and more at select stops. In addition, $1 from each ticket sold will benefit Y'all Rock Camp Atlanta.",ticketmaster: https://www.ticketmaster.com/maris-atlanta-georgia-10-16-2026/event/0E0064BBDAE234B6 | seatgeek: https://seatgeek.com/maris-tickets/atlanta-georgia-the-masquerade-altar-2026-10-16-7-pm/concert/18273131,2,Atlanta,33.75202,-84.38945
MEXODUS - Atlanta,2026-10-16,7:30 PM,"Coca-Cola Stage at Alliance Theatre, Atlanta",,Arts & Theatre,https://seatgeek.com/mexodus-tickets/theater/2026-10-16-7-30-pm/18271278,,seatgeek: https://seatgeek.com/mexodus-tickets/theater/2026-10-16-7-30-pm/18271278,1,Atlanta,33.7901,-84.3855
Mel Mitchell,2026-10-16,10:00 PM,"Atlanta Comedy Theater, Norcross",,Comedy,https://seatgeek.com/mel-mitchell-tickets/comedy/2026-10-16-10-pm/18622873,,seatgeek: https://seatgeek.com/mel-mitchell-tickets/comedy/2026-10-16-10-pm/18622873,1,Atlanta,33.8855,-84.1923
"MercyMe with Jeremy Camp, Tim Timmons, and Sam Wesley",2026-10-16,7:00 PM,"Gas South Arena, Duluth",,Concert / Live Music,https://www.ticketmaster.com/mercyme-jeremy-camp-tim-timmons-sam-duluth-georgia-10-16-2026/event/0E0064A3CA75DCC4,"Lineup subject to change. Discounts cannot be combined. Awakening Events / Awakening Foundation shows are required to follow local health and venue requirements. Changes in local health guidelines or venue policies are not grounds for a refund. By attending this event, you agree to all uses of photo/video content collected. "" Ages 2 and older require a ticket. No Refunds. No Exchanges. Pricing, line up, and production setup may change without notice. Ticket purchases exceeding the posted ticket limit, either within a single order or across multiple orders, may be subject to order(s) being void",ticketmaster: https://www.ticketmaster.com/mercyme-jeremy-camp-tim-timmons-sam-duluth-georgia-10-16-2026/event/0E0064A3CA75DCC4 | seatgeek: https://seatgeek.com/mercyme-tickets/duluth-georgia-gas-south-arena-2026-10-16-7-pm/concert/18243382,2,Atlanta,33.9869191,-84.0907288
Mexodus,2026-10-16,7:30 PM,"Alliance Theatre - Coca-Cola Stage, Atlanta",,Arts & Theatre,https://www.ticketmaster.com/event/Z7r9jZ1A70yPJ,,ticketmaster: https://www.ticketmaster.com/event/Z7r9jZ1A70yPJ,1,Atlanta,33.797401,-84.386803
Quadeca,2026-10-16,7:00 PM,"The Masquerade - Heaven, Atlanta",,Food & Drink,https://www.ticketmaster.com/quadeca-atlanta-georgia-10-16-2026/event/0E0064F4A60078D2,"We look forward to hosting you at The Masquerade! Doors are at 7:00 PM. The Masquerade is now proud to be serving food. Check our socials for the food window's schedule, pinned at the top of the feed. For more info and our FAQ, visit MASQ.com LIfe 1 VIP Package includes: One (1) GA ticket Early entry to the venue Early access to the merchandise table One (1) signed Life 1 Vinyl (Exclusive VIP Variant) One (1) Life 1 tote bag One (1) commemorative Dark Magic medal One (1) playable keyboard keychain (Exclusive VIP Variant) One (1) USB containing Quadeca sample pack VIP purchasers should plan to ",ticketmaster: https://www.ticketmaster.com/quadeca-atlanta-georgia-10-16-2026/event/0E0064F4A60078D2,1,Atlanta,33.751769,-84.389681
Quadeca with Derby,2026-10-16,7:00 PM,"The Masquerade - Heaven, Atlanta",,Concert / Live Music,https://seatgeek.com/quadeca-tickets/atlanta-georgia-the-masquerade-heaven-2026-10-16-7-pm/concert/18397869,,seatgeek: https://seatgeek.com/quadeca-tickets/atlanta-georgia-the-masquerade-heaven-2026-10-16-7-pm/concert/18397869,1,Atlanta,33.7518,-84.3897
San Holo presents TRUE LOVE IN A MADE UP WORLD,2026-10-16,8:00 PM,"Tabernacle Presented by iTHINK Financial, Atlanta",,Arts & Theatre,https://www.ticketmaster.com/san-holo-presents-true-love-in-atlanta-georgia-10-16-2026/event/0E0064781AC7559A,"This is an all ages event. Doors 7pm Show 8pm This show has two separate General Admission (GA) areas: The GA Floor (standing room) and the GA balconies (seated, first come first served). GA tickets purchased are for either the floor or balcony. You must remain in the section of your purchased ticket. Row A in balcony sections 201-108 are sold as reserved assigned seating. The remainder of the balconies are general admission. Guests who have purchased ADA tickets may request assistance from event staff upon arrival. If all ADA accommodations are sold out, please email the venue at tabernacle@l",ticketmaster: https://www.ticketmaster.com/san-holo-presents-true-love-in-atlanta-georgia-10-16-2026/event/0E0064781AC7559A,1,Atlanta,33.758688,-84.391449
San Holo with Ookay,2026-10-16,8:00 PM,"Tabernacle Presented by iTHINK Financial, Atlanta",,Concert / Live Music,https://seatgeek.com/san-holo-tickets/atlanta-georgia-the-tabernacle-atlanta-2026-10-16-8-pm/concert/18156285,,seatgeek: https://seatgeek.com/san-holo-tickets/atlanta-georgia-the-tabernacle-atlanta-2026-10-16-8-pm/concert/18156285,1,Atlanta,33.7589,-84.3914
Shalamar,2026-10-16,6:00 PM,"City Winery - Atlanta, Atlanta",,Concert / Live Music,https://seatgeek.com/shalamar-tickets/atlanta-georgia-city-winery-atlanta-2026-10-16-6-pm/concert/18622798,,seatgeek: https://seatgeek.com/shalamar-tickets/atlanta-georgia-city-winery-atlanta-2026-10-16-6-pm/concert/18622798 | seatgeek: https://seatgeek.com/shalamar-tickets/atlanta-georgia-city-winery-atlanta-2026-10-16-9-30-pm/concert/18622800,2,Atlanta,33.6651,-84.4107
Syracuse Orange at Georgia Tech Yellow Jackets Womens Volleyball,2026-10-16,7:00 PM,"O'Keefe Gymnasium, Atlanta",,Sports & Fitness,https://seatgeek.com/georgia-tech-yellow-jackets-womens-volleyball-tickets/womens-college-volleyball/2026-10-16-7-pm/18260014,,seatgeek: https://seatgeek.com/georgia-tech-yellow-jackets-womens-volleyball-tickets/womens-college-volleyball/2026-10-16-7-pm/18260014,1,Atlanta,33.81512,-84.474335
Tank and The Bangas,2026-10-16,8:00 PM,"Terminal West, Atlanta",,Concert / Live Music,https://www.ticketmaster.com/event/Z7r9jZ1A7xvZk,,ticketmaster: https://www.ticketmaster.com/event/Z7r9jZ1A7xvZk,1,Atlanta,33.791901,-84.446404
Tank and the Bangas with Ariel J.,2026-10-16,8:00 PM,"Terminal West, Atlanta",,Concert / Live Music,https://seatgeek.com/tank-and-the-bangas-tickets/atlanta-georgia-terminal-west-2026-10-16-8-pm/concert/18157549,,seatgeek: https://seatgeek.com/tank-and-the-bangas-tickets/atlanta-georgia-terminal-west-2026-10-16-8-pm/concert/18157549,1,Atlanta,33.782307,-84.4164
The Christmas Carnival at Selfie Paradise Museum,2026-10-16,1:00 PM,"Selfie Paradise Museum, Douglasville",,Festival,https://www.universe.com/events/the-christmas-carnival-at-selfie-paradise-museum-tickets-7PQG9Y?ref=ticketmaster,,ticketmaster: https://www.universe.com/events/the-christmas-carnival-at-selfie-paradise-museum-tickets-7PQG9Y?ref=ticketmaster | ticketmaster: https://www.universe.com/events/the-christmas-carnival-at-selfie-paradise-museum-tickets-7PQG9Y?ref=ticketmaster | ticketmaster: https://www.universe.com/events/the-christmas-carnival-at-selfie-paradise-museum-tickets-7PQG9Y?ref=ticketmaster | ticketmaster: https://www.universe.com/events/the-christmas-carnival-at-selfie-paradise-museum-tickets-7PQG9Y?ref=ticketmaster | ticketmaster: https://www.universe.com/events/the-christmas-carnival-at-selfie-paradise-museum-tickets-7PQG9Y?ref=ticketmaster | ticketmaster: https://www.universe.com/events/the-christmas-carnival-at-selfie-paradise-museum-tickets-7PQG9Y?ref=ticketmaster,6,Atlanta,33.728206,-84.743421
Tito Nieves,2026-10-16,9:00 PM,"Atlanta Coliseum, Duluth",,Concert / Live Music,https://seatgeek.com/tito-nieves-tickets/duluth-georgia-atlanta-coliseum-2026-10-16-9-pm/concert/18107237,,seatgeek: https://seatgeek.com/tito-nieves-tickets/duluth-georgia-atlanta-coliseum-2026-10-16-9-pm/concert/18107237,1,Atlanta,33.9581,-84.1295
Tito Nieves - 50 Años La Historia Continua,2026-10-16,9:00 PM,"Atlanta Coliseum, Duluth",,Concert / Live Music,https://www.ticketmaster.com/tito-nieves-50-anos-la-historia-duluth-georgia-10-16-2026/event/0E0062EE93F431F9,"Tito Nieves, born Humberto Nieves on June 4, 1958, in Río Piedras, Puerto Rico, is known as the ""Pavarotti of Salsa"" for his clear and powerful voice. Moving to New York City as a child, he grew up in a family of musicians & began his professional career in 1975 with Orquesta Cimarrón. He later worked with Héctor Lavoe, debuted with Johnny Ortiz's Taibori in 1978, and co-founded Conjunto Clásico, recording eight albums with the group before launching his solo career. His solo debut Classic (1988) went gold, followed by Yo Quiero Cantar (1989), which also went gold and featured the groundbreaki",ticketmaster: https://www.ticketmaster.com/tito-nieves-50-anos-la-historia-duluth-georgia-10-16-2026/event/0E0062EE93F431F9,1,Atlanta,33.957853,-84.129752
Trap Karaoke,2026-10-16,7:00 PM,"Coca-Cola Roxy, Atlanta",,Concert / Live Music,https://trapkaraoke.com/events/atlanta-10-16,,ticketmaster: https://trapkaraoke.com/events/atlanta-10-16 | seatgeek: https://seatgeek.com/trap-karaoke-tickets/atlanta-georgia-coca-cola-roxy-theatre-2026-10-16-6-pm/concert/18472678,2,Atlanta,33.89024,-84.469717
Trap Karaoke: Atlanta,2026-10-16,6:00 PM,"Coca-Cola Roxy, Atlanta",,Concert / Live Music,https://www.universe.com/events/trap-karaoke-atlanta-tickets-7XFYSW?ref=ticketmaster,,ticketmaster: https://www.universe.com/events/trap-karaoke-atlanta-tickets-7XFYSW?ref=ticketmaster,1,Atlanta,33.89024,-84.469717
Waylon Wyatt,2026-10-16,8:00 PM,"Variety Playhouse, Atlanta",,Concert / Live Music,https://www.ticketmaster.com/event/Z7r9jZ1A70Saw,,ticketmaster: https://www.ticketmaster.com/event/Z7r9jZ1A70Saw | seatgeek: https://seatgeek.com/waylon-wyatt-tickets/atlanta-georgia-variety-playhouse-2026-10-16-8-pm/concert/18259969,2,Atlanta,33.770199,-84.334602
ivri,2026-10-16,7:00 PM,"The Masquerade - Purgatory, Atlanta",,Food & Drink,https://www.ticketmaster.com/ivri-atlanta-georgia-10-16-2026/event/0E0064CC01422443,"We look forward to hosting you at The Masquerade! Doors are at 7:00 PM. The Masquerade is now proud to be serving food. Check our socials for the food window's schedule, pinned at the top of the feed. For more info and our FAQ, visit MASQ.com",ticketmaster: https://www.ticketmaster.com/ivri-atlanta-georgia-10-16-2026/event/0E0064CC01422443,1,Atlanta,33.75184,-84.389887
Adjust The Sails,2026-10-17,7:00 PM,"The Masquerade - Altar, Atlanta",,Food & Drink,https://www.ticketmaster.com/adjust-the-sails-atlanta-georgia-10-17-2026/event/0E0065118DD84EE7,"We look forward to hosting you at The Masquerade! Doors are at 7:00 PM. The Masquerade is now proud to be serving food. Check our socials for the food window's schedule, pinned at the top of the feed. For more info and our FAQ, visit MASQ.com",ticketmaster: https://www.ticketmaster.com/adjust-the-sails-atlanta-georgia-10-17-2026/event/0E0065118DD84EE7,1,Atlanta,33.75202,-84.38945
After,2026-10-17,8:00 PM,"The Loft, Atlanta",,Concert / Live Music,https://www.ticketmaster.com/after-atlanta-georgia-10-17-2026/event/0E0064EF9E137C8C,"Rival presents: After Fall Asleep in the Sun Tour October 17, 2026 | The Loft | General Admission | All Ages The price you see is the price you pay! All fees are included in the price you see on Ticketmaster (excluding taxes). For ADA Accommodations, email info@rivalentertainment.com. For parking information and an FAQ, visit us at centerstage-atlanta.com.",ticketmaster: https://www.ticketmaster.com/after-atlanta-georgia-10-17-2026/event/0E0064EF9E137C8C,1,Atlanta,33.7918926,-84.3877907
All Smiles - Atlanta,2026-10-17,11:16 AM,"Selig Family Black Box Theatre at Alliance Theatre, Atlanta",,Fair / Popup,https://seatgeek.com/all-smiles-tickets/family/2026-10-17-11-16-am/18275377,,seatgeek: https://seatgeek.com/all-smiles-tickets/family/2026-10-17-11-16-am/18275377,1,Atlanta,33.789246,-84.38541
Allen Yellow Jackets at Clark Atlanta Panthers Football,2026-10-17,1:00 PM,"CAU Panther Stadium, Atlanta",,Sports & Fitness,https://seatgeek.com/clark-atlanta-panthers-football-tickets/ncaa-football/2026-10-17-1-pm/18503836,,seatgeek: https://seatgeek.com/clark-atlanta-panthers-football-tickets/ncaa-football/2026-10-17-1-pm/18503836,1,Atlanta,33.7531,-84.4115
Atlanta Ballet 2 - Cinderella,2026-10-17,1:00 PM,"Fox Theatre - Atlanta, Atlanta",,Arts & Theatre,https://www.ticketmaster.com/event/Z7r9jZ1A7J37U,,ticketmaster: https://www.ticketmaster.com/event/Z7r9jZ1A7J37U | ticketmaster: https://www.ticketmaster.com/event/Z7r9jZ1A7J37M | seatgeek: https://seatgeek.com/atlanta-ballet-ii-tickets/dance/2026-10-17-1-pm/18321615 | seatgeek: https://seatgeek.com/atlanta-ballet-ii-tickets/dance/2026-10-17-5-pm/18321617,4,Atlanta,33.7714,-84.377403
Atlanta Gladiators vs. Norfolk Admirals,2026-10-17,7:00 PM,"Gas South Arena, Duluth",,Sports & Fitness,https://www.ticketmaster.com/atlanta-gladiators-vs-norfolk-admirals-duluth-georgia-10-17-2026/event/0E0064C3DA2F24C5,"Ages 2 and older require a ticket. No Refunds . No Exchanges. Pricing, line up, and production setup may change without notice. Ticket purchases exceeding the posted ticket limit, either within a single order or across multiple orders, may be subject to order(s) being voided without notice. Las edades de 2 años o más requieren un boleto. Sin reembolsos. Sin intercambios. Los precios, la alineación y la configuración de producción pueden cambiar sin previo aviso. Las compras de boletos que excedan el límite de boletos publicados, ya sea dentro de un solo pedido o en múltiples pedidos, pueden es",ticketmaster: https://www.ticketmaster.com/atlanta-gladiators-vs-norfolk-admirals-duluth-georgia-10-17-2026/event/0E0064C3DA2F24C5 | seatgeek: https://seatgeek.com/atlanta-gladiators-tickets/minor-league-hockey/2026-10-17-7-10-pm/18242512,2,Atlanta,33.9869191,-84.0907288
Atlanta United FC vs. Inter Miami CF,2026-10-17,7:30 PM,"Mercedes-Benz Stadium, Atlanta",,Sports & Fitness,https://www.ticketmaster.com/atlanta-united-fc-vs-inter-miami-atlanta-georgia-10-17-2026/event/0E006372B37D9D49,"Please note Everyone needs a ticket for entry, except children shorter than 33 inches do not require a ticket. For quickest entry into the stadium, we strongly recommend that you do not bring a bag on event day. If a bag is necessary, the bag must adhere to our Clear Bag Policy: - Bags must be CLEAR plastic, vinyl or PVC and not exceed 12 x 6 x 12 inches. Bags cannot be tinted with color or include oversized content that prevents visibility into the clear bag. - Only non-clear bags that are smaller than 4.5 x 6.5 in will be permitted into the stadium. - Any type of non-clear bag exceeding 4.5 ",ticketmaster: https://www.ticketmaster.com/atlanta-united-fc-vs-inter-miami-atlanta-georgia-10-17-2026/event/0E006372B37D9D49 | seatgeek: https://seatgeek.com/atlanta-united-fc-tickets/mls/2026-10-17-7-30-pm/17921315,2,Atlanta,33.755389,-84.400823
Atsuko Okatsuka,2026-10-17,7:00 PM,"Tabernacle Presented by iTHINK Financial, Atlanta",,Comedy,https://seatgeek.com/atsuko-okatsuka-tickets/comedy/2026-10-17-7-pm/18236068,,seatgeek: https://seatgeek.com/atsuko-okatsuka-tickets/comedy/2026-10-17-7-pm/18236068,1,Atlanta,33.7589,-84.3914
Atsuko Okatsuka: The Big Bowl Tour,2026-10-17,7:00 PM,"Tabernacle Presented by iTHINK Financial, Atlanta",,Concert / Live Music,https://www.ticketmaster.com/atsuko-okatsuka-the-big-bowl-tour-atlanta-georgia-10-17-2026/event/0E0064A59120A157,"This is a fully reserved seating performance. Ages 18 and over only. Box Office Open at 5pm. Doors at 6pm. Show at 7pm. Please be aware our balconies are not ADA accessible. All accommodations are located on the main floor level. There is no elevator in the building. Please ask event staff for any ADA assistance upon arrival. Guests who have purchased ADA tickets may request assistance from event staff upon arrival. If all ADA accommodations are sold out, please email the venue at tabernacle@livenation.com.",ticketmaster: https://www.ticketmaster.com/atsuko-okatsuka-the-big-bowl-tour-atlanta-georgia-10-17-2026/event/0E0064A59120A157,1,Atlanta,33.758688,-84.391449
Black Orchestral Network (BON) 2026 Summit,2026-10-17,9:00 AM - 5:00 PM,"Atlanta Music Project, 883 Dill Avenue Southwest, Atlanta, GA 30310",,Conference / Expo,https://www.eventbrite.com/e/black-orchestral-network-bon-2026-summit-tickets-1991419411066,,eventbrite: https://www.eventbrite.com/e/black-orchestral-network-bon-2026-summit-tickets-1991419411066,1,Atlanta,33.749,-84.388
Blizzard Of Ozzy,2026-10-17,7:30 PM,"Gas South Theater, Duluth",,Concert / Live Music,https://www.ticketmaster.com/blizzard-of-ozzy-duluth-georgia-10-17-2026/event/0E0064C9CADF2B41,"A Memorial Celebration of Ozzy Osbourne. For one unforgettable night, fans will gather to celebrate the life, music, and legacy of one of rock?s most iconic figures. Final Resurrection is more than a concert. It is a memorial event, a reunion, and a celebration of the music that connected generations of fans around the world. Headlining the evening is the long-awaited return of Blizzard of Ozzy, the legendary production that spent fifteen years setting the standard for Ozzy Osbourne tribute performances across North America. Retired since 2020, the band reunites exclusively for this special ev",ticketmaster: https://www.ticketmaster.com/blizzard-of-ozzy-duluth-georgia-10-17-2026/event/0E0064C9CADF2B41 | seatgeek: https://seatgeek.com/blizzard-of-ozzy-ozzy-osbourne-tribute-band-tickets/duluth-georgia-gas-south-theater-2026-10-17-7-30-pm/concert/18398031,2,Atlanta,33.9869191,-84.0907288
Breaking Benjamin,2026-10-17,6:00 PM,"Ameris Bank Amphitheatre, Alpharetta",,Concert / Live Music,https://www.ticketmaster.com/breaking-benjamin-alpharetta-georgia-10-17-2026/event/0E00644BA2C86686,,ticketmaster: https://www.ticketmaster.com/breaking-benjamin-alpharetta-georgia-10-17-2026/event/0E00644BA2C86686,1,Atlanta,34.0544157,-84.3066793
"Breaking Benjamin with Chevelle, Starset and Kami Kehoe",2026-10-17,6:00 PM,"Ameris Bank Amphitheatre, Alpharetta",,Concert / Live Music,https://seatgeek.com/chevelle-tickets/alpharetta-georgia-ameris-bank-amphitheatre-2026-10-17-6-pm/concert/18077089,,seatgeek: https://seatgeek.com/chevelle-tickets/alpharetta-georgia-ameris-bank-amphitheatre-2026-10-17-6-pm/concert/18077089,1,Atlanta,34.0544,-84.3067
Clint Coley,2026-10-17,7:30 PM,"Helium Comedy Club - Atlanta, Alpharetta",,Comedy,https://seatgeek.com/clint-coley-tickets/comedy/2026-10-17-7-30-pm/18452920,,seatgeek: https://seatgeek.com/clint-coley-tickets/comedy/2026-10-17-7-30-pm/18452920 | seatgeek: https://seatgeek.com/clint-coley-tickets/comedy/2026-10-17-10-pm/18452919,2,Atlanta,34.0754,-84.2941
Club 90s MJ Night (18+),2026-10-17,9:00 PM,"Buckhead Theatre, Atlanta",,Concert / Live Music,https://www.ticketmaster.com/club-90s-mj-night-18-atlanta-georgia-10-17-2026/event/0E0065378D285D3D,"This is an 18 & over event. Doors at 8:30 PM. Show at 9:00 PM. Main floor is general admission standing. If open, balcony is general admission seating. GA floor has a pit area with limited capacity. GA ticketholders who arrive after the pit is full will be directed to other open areas on the floor or to the balcony.",ticketmaster: https://www.ticketmaster.com/club-90s-mj-night-18-atlanta-georgia-10-17-2026/event/0E0065378D285D3D,1,Atlanta,33.8402272,-84.3795437
Combichrist,2026-10-17,7:00 PM,"The Masquerade - Hell, Atlanta",,Food & Drink,https://www.ticketmaster.com/combichrist-atlanta-georgia-10-17-2026/event/0E0064D69FEA6C8C,"We look forward to hosting you at The Masquerade! Doors are at 7:00 PM. The Masquerade is now proud to be serving food. Check our socials for the food window's schedule, pinned at the top of the feed. For more info and our FAQ, visit MASQ.com",ticketmaster: https://www.ticketmaster.com/combichrist-atlanta-georgia-10-17-2026/event/0E0064D69FEA6C8C | seatgeek: https://seatgeek.com/combichrist-tickets/atlanta-georgia-the-masquerade-hell-2026-10-17-7-pm/concert/18325386,2,Atlanta,33.75184,-84.389887
Community Cats Shelter Build Workshop,2026-10-17,1:00 PM - 4:00 PM,"Atlanta Humane Society, 1551 Perry Blvd, Atlanta, GA 30318",,Business / Networking,https://www.eventbrite.com/e/community-cats-shelter-build-workshop-tickets-2001894050996,,eventbrite: https://www.eventbrite.com/e/community-cats-shelter-build-workshop-tickets-2001894050996,1,Atlanta,33.749,-84.388
Cortisa Star,2026-10-17,7:00 PM,"The Masquerade - Purgatory, Atlanta",,Concert / Live Music,https://seatgeek.com/cortisa-star-tickets/atlanta-georgia-the-masquerade-purgatory-2026-10-17-7-pm/concert/18356142,,seatgeek: https://seatgeek.com/cortisa-star-tickets/atlanta-georgia-the-masquerade-purgatory-2026-10-17-7-pm/concert/18356142,1,Atlanta,33.7515,-84.3899
Cortisa Star - For All The Dolls Tour,2026-10-17,7:00 PM,"The Masquerade - Purgatory, Atlanta",,Concert / Live Music,https://www.ticketmaster.com/cortisa-star-for-all-the-dolls-atlanta-georgia-10-17-2026/event/0E0064E6C7DBDF75,"We look forward to hosting you at The Masquerade! Doors are at 7:00 PM. The Masquerade is now proud to be serving food. Check our socials for the food window's schedule, pinned at the top of the feed. For more info and our FAQ, visit MASQ.com",ticketmaster: https://www.ticketmaster.com/cortisa-star-for-all-the-dolls-atlanta-georgia-10-17-2026/event/0E0064E6C7DBDF75,1,Atlanta,33.75184,-84.389887
Dad's Garage: LIVE!,2026-10-17,7:00 PM,"Hudgens Center, Duluth",,Comedy,https://www.ticketmaster.com/dads-garage-live-duluth-georgia-10-17-2026/event/0E006511AB17A27A,"Live theatre! Live improvisers! Live comedy! The Dad's Garage ensemble comes together for a smashing show of short-form improv comedy and revelry - Dad's Garage Live is a phenomenal showcase of our most skilled improvisers performing at their best to bring you an evening of hilarity with talent that can't be cultivated anywhere else. Come laugh yourself silly with the Dad's Garage ensemble as they delight, amaze, and entertain you at this fast-paced, laugh-filled, standout event.",ticketmaster: https://www.ticketmaster.com/dads-garage-live-duluth-georgia-10-17-2026/event/0E006511AB17A27A | ticketmaster: https://www.ticketmaster.com/dads-garage-live-duluth-georgia-10-17-2026/event/0E006511AB19A286,2,Atlanta,33.992322,-84.094396
Damon Darling,2026-10-17,6:30 PM,"City Winery - Atlanta, Atlanta",,Comedy,https://seatgeek.com/damon-darling-tickets/comedy/2026-10-17-6-30-pm/18262108,,seatgeek: https://seatgeek.com/damon-darling-tickets/comedy/2026-10-17-6-30-pm/18262108 | seatgeek: https://seatgeek.com/damon-darling-tickets/comedy/2026-10-17-10-pm/18262110,2,Atlanta,33.6651,-84.4107
Delta Sky360 Club Experience: Don Omar,2026-10-17,8:00 PM,"State Farm Arena, Atlanta",,Concert / Live Music,https://www.ticketmaster.com/delta-sky360-club-experience-don-omar-atlanta-georgia-10-17-2026/event/0E0064B5C94C247E,"Take your concert night to the next level with the Delta Sky360° Club Access Experience. Enjoy a more comfortable, elevated way to experience the show with exclusive entry to the Delta Sky360° Club, a premier space located directly on the event level. By purchasing the Club Access Add-on, you will receive: - Priority entrance at Gate 3 - Dedicated merch stand - Play only Don Omar music in Delta Club - We will NOT be offering coat check for this show - Complimentary Light Snacks and N/A Beverage: popcorn, chips, snack mix, trail mix, assorted candies and NA beverage - Access to a dedicated cash",ticketmaster: https://www.ticketmaster.com/delta-sky360-club-experience-don-omar-atlanta-georgia-10-17-2026/event/0E0064B5C94C247E,1,Atlanta,33.757796,-84.394569
Dennett,2026-10-17,10:00 PM,"Believe Music Hall, Atlanta",,Concert / Live Music,https://seatgeek.com/dennett-tickets/atlanta-georgia-believe-music-hall-2026-10-17-10-pm/concert/18622968,,seatgeek: https://seatgeek.com/dennett-tickets/atlanta-georgia-believe-music-hall-2026-10-17-10-pm/concert/18622968,1,Atlanta,33.737,-84.3938
Dombresky,2026-10-17,10:00 PM,"District Atlanta, Atlanta",,Concert / Live Music,https://seatgeek.com/dombresky-tickets/atlanta-georgia-district-atlanta-2026-10-17-10-pm/concert/18622961,,seatgeek: https://seatgeek.com/dombresky-tickets/atlanta-georgia-district-atlanta-2026-10-17-10-pm/concert/18622961,1,Atlanta,33.812,-84.3786
Don Omar,2026-10-17,8:00 PM,"State Farm Arena, Atlanta",,Concert / Live Music,https://seatgeek.com/don-omar-tickets/atlanta-georgia-state-farm-arena-1-2026-10-17-8-pm/concert/18250862,,seatgeek: https://seatgeek.com/don-omar-tickets/atlanta-georgia-state-farm-arena-1-2026-10-17-8-pm/concert/18250862,1,Atlanta,33.7566,-84.3969
"Don Omar ""The Last King World Tour""",2026-10-17,8:00 PM,"State Farm Arena, Atlanta",,Concert / Live Music,https://www.ticketmaster.com/don-omar-the-last-king-world-atlanta-georgia-10-17-2026/event/0E0064ADAA09F167,,ticketmaster: https://www.ticketmaster.com/don-omar-the-last-king-world-atlanta-georgia-10-17-2026/event/0E0064ADAA09F167,1,Atlanta,33.757796,-84.394569
Garage - 1180 Peachtree St: Guster,2026-10-17,7:30 PM,"Atlanta Symphony Hall, Atlanta",,General,https://www.ticketmaster.com/garage-1180-peachtree-st-guster-atlanta-georgia-10-17-2026/event/0E006473AB7AAF0A,Garage: 1180 Peachtree Street NE (Peachtree NE & 14th Street),ticketmaster: https://www.ticketmaster.com/garage-1180-peachtree-st-guster-atlanta-georgia-10-17-2026/event/0E006473AB7AAF0A,1,Atlanta,33.790098,-84.385493
Guster With The Atlanta Symphony Orchestra,2026-10-17,7:30 PM,"Atlanta Symphony Hall, Atlanta",,Concert / Live Music,https://www.ticketmaster.com/guster-with-the-atlanta-symphony-orchestra-atlanta-georgia-10-17-2026/event/0E006471D1C6B420,$1 per ticket will be donated to REVERB (reverb.org),ticketmaster: https://www.ticketmaster.com/guster-with-the-atlanta-symphony-orchestra-atlanta-georgia-10-17-2026/event/0E006471D1C6B420 | seatgeek: https://seatgeek.com/atlanta-symphony-orchestra-tickets/classical/2026-10-17-7-30-pm/18139072,2,Atlanta,33.790098,-84.385493
Hairspray - Lawrenceville,2026-10-17,2:00 PM,"Clyde and Sandra Strickland Grand Stage at Aurora Theatre, Lawrenceville",,Arts & Theatre,https://seatgeek.com/hairspray-tickets/theater/2026-10-17-2-pm/18622902,,seatgeek: https://seatgeek.com/hairspray-tickets/theater/2026-10-17-2-pm/18622902,1,Atlanta,33.957127,-83.98724
Holiday Portraits: Capture the Magic at Selfie Paradise Museum,2026-10-17,12:30 PM,"Selfie Paradise Museum, Douglasville",,General,https://www.universe.com/events/holiday-portraits-capture-the-magic-at-selfie-paradise-museum-tickets-6HVT5N?ref=ticketmaster,,ticketmaster: https://www.universe.com/events/holiday-portraits-capture-the-magic-at-selfie-paradise-museum-tickets-6HVT5N?ref=ticketmaster | ticketmaster: https://www.universe.com/events/holiday-portraits-capture-the-magic-at-selfie-paradise-museum-tickets-6HVT5N?ref=ticketmaster | ticketmaster: https://www.universe.com/events/holiday-portraits-capture-the-magic-at-selfie-paradise-museum-tickets-6HVT5N?ref=ticketmaster | ticketmaster: https://www.universe.com/events/holiday-portraits-capture-the-magic-at-selfie-paradise-museum-tickets-6HVT5N?ref=ticketmaster | ticketmaster: https://www.universe.com/events/holiday-portraits-capture-the-magic-at-selfie-paradise-museum-tickets-6HVT5N?ref=ticketmaster | ticketmaster: https://www.universe.com/events/holiday-portraits-capture-the-magic-at-selfie-paradise-museum-tickets-6HVT5N?ref=ticketmaster | ticketmaster: https://www.universe.com/events/holiday-portraits-capture-the-magic-at-selfie-paradise-museum-tickets-6HVT5N?ref=ticketmaster | ticketmaster: https://www.universe.com/events/holiday-portraits-capture-the-magic-at-selfie-paradise-museum-tickets-6HVT5N?ref=ticketmaster | ticketmaster: https://www.universe.com/events/holiday-portraits-capture-the-magic-at-selfie-paradise-museum-tickets-6HVT5N?ref=ticketmaster | ticketmaster: https://www.universe.com/events/holiday-portraits-capture-the-magic-at-selfie-paradise-museum-tickets-6HVT5N?ref=ticketmaster | ticketmaster: https://www.universe.com/events/holiday-portraits-capture-the-magic-at-selfie-paradise-museum-tickets-6HVT5N?ref=ticketmaster | ticketmaster: https://www.universe.com/events/holiday-portraits-capture-the-magic-at-selfie-paradise-museum-tickets-6HVT5N?ref=ticketmaster | ticketmaster: https://www.universe.com/events/holiday-portraits-capture-the-magic-at-selfie-paradise-museum-tickets-6HVT5N?ref=ticketmaster | ticketmaster: https://www.universe.com/events/holiday-portraits-capture-the-magic-at-selfie-paradise-museum-tickets-6HVT5N?ref=ticketmaster | ticketmaster: https://www.universe.com/events/holiday-portraits-capture-the-magic-at-selfie-paradise-museum-tickets-6HVT5N?ref=ticketmaster,15,Atlanta,33.728206,-84.743421
Jake Worthington,2026-10-17,7:00 PM,"Eddie's Attic, Decatur",,Concert / Live Music,https://link.dice.fm/K817e274b834,,ticketmaster: https://link.dice.fm/K817e274b834 | ticketmaster: https://www.ticketmaster.com/event/Z7r9jZ1A70tra | seatgeek: https://seatgeek.com/jake-worthington-tickets/decatur-georgia-eddie-s-attic-decatur-2026-10-17-7-pm/concert/18331692 | ticketmaster: https://link.dice.fm/Kf6422a6a646,4,Atlanta,33.773975,-84.296271
Joe Crookston,2026-10-17,8:00 PM,"Red Clay Music Foundry, Duluth",,Concert / Live Music,https://seatgeek.com/joe-crookston-tickets/duluth-georgia-red-clay-music-foundry-2026-10-17-8-pm/concert/18540726,,seatgeek: https://seatgeek.com/joe-crookston-tickets/duluth-georgia-red-clay-music-foundry-2026-10-17-8-pm/concert/18540726,1,Atlanta,34.002457,-84.145
Kelsey Cook,2026-10-17,7:00 PM,"Helium Comedy Club - Atlanta, Alpharetta",,Comedy,https://seatgeek.com/kelsey-cook-tickets/comedy/2026-10-17-7-pm/18453234,,seatgeek: https://seatgeek.com/kelsey-cook-tickets/comedy/2026-10-17-7-pm/18453234 | seatgeek: https://seatgeek.com/kelsey-cook-tickets/comedy/2026-10-17-9-30-pm/18453235,2,Atlanta,34.0754,-84.2941
Like Father,2026-10-17,2:00 PM,"Alliance Theatre, Atlanta",,General,https://www.ticketmaster.com/event/Z7r9jZ1A70M_I,,ticketmaster: https://www.ticketmaster.com/event/Z7r9jZ1A70M_I | ticketmaster: https://www.ticketmaster.com/event/Z7r9jZ1A70M_E,2,Atlanta,33.797401,-84.386803
Like Father - Atlanta,2026-10-17,2:00 PM,"Hertz Stage at Alliance Theatre, Atlanta",,Arts & Theatre,https://seatgeek.com/like-father-1-tickets/theater/2026-10-17-2-pm/18275299,,seatgeek: https://seatgeek.com/like-father-1-tickets/theater/2026-10-17-2-pm/18275299 | seatgeek: https://seatgeek.com/like-father-1-tickets/theater/2026-10-17-7-30-pm/18275303,2,Atlanta,33.7896,-84.3844
Mel Mitchell,2026-10-17,10:00 PM,"Atlanta Comedy Theater, Norcross",,Comedy,https://seatgeek.com/mel-mitchell-tickets/comedy/2026-10-17-10-pm/18622874,,seatgeek: https://seatgeek.com/mel-mitchell-tickets/comedy/2026-10-17-10-pm/18622874,1,Atlanta,33.8855,-84.1923
NINE VICIOUS - SEDITION,2026-10-17,8:00 PM,"Coca-Cola Roxy, Atlanta",,Concert / Live Music,https://www.ticketmaster.com/nine-vicious-sedition-atlanta-georgia-10-17-2026/event/0E0065300C883822,"This is an all-ages show. Doors: 7:00PM Show: 8:00PM Floor is general admission, standing room only with no access to the balcony. Balcony is general admission except for rows AA and BB. The balcony has no floor access.",ticketmaster: https://www.ticketmaster.com/nine-vicious-sedition-atlanta-georgia-10-17-2026/event/0E0065300C883822,1,Atlanta,33.89024,-84.469717
Nine Vicious,2026-10-17,8:00 PM,"Coca-Cola Roxy Theatre, Atlanta",,Concert / Live Music,https://seatgeek.com/nine-vicious-tickets/atlanta-georgia-coca-cola-roxy-theatre-2026-10-17-8-pm/concert/18602981,,seatgeek: https://seatgeek.com/nine-vicious-tickets/atlanta-georgia-coca-cola-roxy-theatre-2026-10-17-8-pm/concert/18602981,1,Atlanta,33.8903,-84.4697
Poetry N Paint,2026-10-17,4:00 PM - 10:00 PM,"Lakewood Heights, Lakewood Heights, Atlanta, GA 30315",,Arts & Theatre,https://www.eventbrite.com/e/poetry-n-paint-tickets-1996669201330,,eventbrite: https://www.eventbrite.com/e/poetry-n-paint-tickets-1996669201330,1,Atlanta,33.749,-84.388
Richie O'Farrill,2026-10-17,4:30 PM,"Helium Comedy Club - Atlanta, Alpharetta",,Comedy,https://seatgeek.com/richie-ofarrill-tickets/comedy/2026-10-17-4-30-pm/18453481,,seatgeek: https://seatgeek.com/richie-ofarrill-tickets/comedy/2026-10-17-4-30-pm/18453481,1,Atlanta,34.0754,-84.2941
Silverada,2026-10-17,8:00 PM,"Terminal West, Atlanta",,Concert / Live Music,https://www.ticketmaster.com/event/Z7r9jZ1A7xaFM,,ticketmaster: https://www.ticketmaster.com/event/Z7r9jZ1A7xaFM | seatgeek: https://seatgeek.com/silverada-tickets/atlanta-georgia-terminal-west-2026-10-17-8-pm/concert/18591037,2,Atlanta,33.791901,-84.446404
Stars and Stripes Festival,2026-10-17,8:00 PM,"The Loft at Center Stage, Atlanta",,Festival,https://seatgeek.com/stars-and-stripes-festival-tickets/atlanta-georgia-the-loft-at-center-stage-2026-10-17-8-pm/music-festival/18390455,,seatgeek: https://seatgeek.com/stars-and-stripes-festival-tickets/atlanta-georgia-the-loft-at-center-stage-2026-10-17-8-pm/music-festival/18390455,1,Atlanta,33.792,-84.3879
TIP THE SCALE - ALL BLACK BAR CRAWL @ Rock Steady/Blu Seafood House,2026-10-17,4:00 PM - 10:00 PM,"Rock Steady - Atlanta, 907 Marietta Street NorthWest, Atlanta, GA 30318",,Food & Drink,https://www.eventbrite.com/e/tip-the-scale-all-black-bar-crawl-rock-steadyblu-seafood-house-tickets-1998386804728,,eventbrite: https://www.eventbrite.com/e/tip-the-scale-all-black-bar-crawl-rock-steadyblu-seafood-house-tickets-1998386804728,1,Atlanta,33.749,-84.388
The Christmas Carnival at Selfie Paradise Museum,2026-10-17,1:00 PM,"Selfie Paradise Museum, Douglasville",,Festival,https://www.universe.com/events/the-christmas-carnival-at-selfie-paradise-museum-tickets-7PQG9Y?ref=ticketmaster,,ticketmaster: https://www.universe.com/events/the-christmas-carnival-at-selfie-paradise-museum-tickets-7PQG9Y?ref=ticketmaster | ticketmaster: https://www.universe.com/events/the-christmas-carnival-at-selfie-paradise-museum-tickets-7PQG9Y?ref=ticketmaster | ticketmaster: https://www.universe.com/events/the-christmas-carnival-at-selfie-paradise-museum-tickets-7PQG9Y?ref=ticketmaster | ticketmaster: https://www.universe.com/events/the-christmas-carnival-at-selfie-paradise-museum-tickets-7PQG9Y?ref=ticketmaster | ticketmaster: https://www.universe.com/events/the-christmas-carnival-at-selfie-paradise-museum-tickets-7PQG9Y?ref=ticketmaster | ticketmaster: https://www.universe.com/events/the-christmas-carnival-at-selfie-paradise-museum-tickets-7PQG9Y?ref=ticketmaster | ticketmaster: https://www.universe.com/events/the-christmas-carnival-at-selfie-paradise-museum-tickets-7PQG9Y?ref=ticketmaster,7,Atlanta,33.728206,-84.743421
The Palm's 100th Anniversary Wine Dinner - Atlanta,2026-10-17,6:00 PM - 9:00 PM,"The Palm - Atlanta, 3391 Peachtree Road Northeast, Atlanta, GA 30326",,Food & Drink,https://www.eventbrite.com/e/the-palms-100th-anniversary-wine-dinner-atlanta-tickets-1997187515622,,eventbrite: https://www.eventbrite.com/e/the-palms-100th-anniversary-wine-dinner-atlanta-tickets-1997187515622,1,Atlanta,33.749,-84.388
The Rock and Roll Playhouse,2026-10-17,11:30 AM,"Smiths Olde Bar, Atlanta",,Concert / Live Music,https://seatgeek.com/the-rock-and-roll-playhouse-tickets/atlanta-georgia-smiths-olde-bar-3-2026-10-17-11-30-am/concert/18622919,,seatgeek: https://seatgeek.com/the-rock-and-roll-playhouse-tickets/atlanta-georgia-smiths-olde-bar-3-2026-10-17-11-30-am/concert/18622919,1,Atlanta,33.7976,-84.3688
The Young Turnt Barbi Land Show w/ TRIM,2026-10-17,8:00 PM,"Vinyl, Atlanta",,Concert / Live Music,https://www.ticketmaster.com/the-young-turnt-barbi-land-show-atlanta-georgia-10-17-2026/event/0E00651BC6D34AFF,"The Young Turnt Barbi Land Show w/ TRIM October 17, 2026 | Vinyl | General Admission | All Ages The price you see is the price you pay! All fees are included in the price you see on Ticketmaster (excluding taxes). For ADA Accommodations, email info@rivalentertainment.com. For parking information and an FAQ, visit us at centerstage-atlanta.com.",ticketmaster: https://www.ticketmaster.com/the-young-turnt-barbi-land-show-atlanta-georgia-10-17-2026/event/0E00651BC6D34AFF,1,Atlanta,33.7918926,-84.3877907
Tours: Truist Park,2026-10-17,2:00 PM,"Truist Park, Atlanta",,Concert / Live Music,https://www.ticketmaster.com/tours-truist-park-atlanta-georgia-10-17-2026/event/0E00651194CD619A,"Tours begin based on the following schedule: In-Season (April-September/Playoffs) Monday - Saturday : 10:00am, 11:00am, Noon, 1:00pm, 2:00pm Sundays: 1:00pm, 3:00pm Off-Season (Oct-Mar) Mon-Sat: 10:00am, 12:00pm, 2:00pm Tours are 90 minutes in length. No Tours are given if a day game is being played. Please be sure to not only select the correct number and types of tickets, but also the time you want to attend.",ticketmaster: https://www.ticketmaster.com/tours-truist-park-atlanta-georgia-10-17-2026/event/0E00651194CD619A,1,Atlanta,33.890304,-84.468127
WELCOME TO ATLANTA CHICAGO DAY PARTY (DJ PHARRIS-LIL BANKHEAD) (SAT OCT 17),2026-10-17,3:00 PM - 10:00 PM,"375 Luckie St NW, 375 Luckie Street Northwest, Atlanta, GA 30313",,Nightlife / Party,https://www.eventbrite.com/e/welcome-to-atlanta-chicago-day-party-dj-pharris-lil-bankhead-sat-oct-17-tickets-2001395754578,,eventbrite: https://www.eventbrite.com/e/welcome-to-atlanta-chicago-day-party-dj-pharris-lil-bankhead-sat-oct-17-tickets-2001395754578,1,Atlanta,33.749,-84.388
Whethan,2026-10-17,8:00 PM,"The Eastern-GA, Atlanta",,Concert / Live Music,https://www.ticketmaster.com/event/Z7r9jZ1A7Pvu3,,ticketmaster: https://www.ticketmaster.com/event/Z7r9jZ1A7Pvu3 | seatgeek: https://seatgeek.com/whethan-tickets/atlanta-georgia-the-eastern-atlanta-2026-10-17-8-pm/concert/18277235 | seatgeek: https://seatgeek.com/whethan-tickets/atlanta-georgia-the-eastern-atlanta-2026-10-17-8-pm/concert/18276740,3,Atlanta,33.7136,-84.332802
Worst Party Ever,2026-10-17,7:00 PM,"The Masquerade - Altar, Atlanta",,Concert / Live Music,https://seatgeek.com/worst-party-ever-tickets/atlanta-georgia-the-masquerade-altar-2026-10-17-7-pm/concert/18507905,,seatgeek: https://seatgeek.com/worst-party-ever-tickets/atlanta-georgia-the-masquerade-altar-2026-10-17-7-pm/concert/18507905,1,Atlanta,33.752,-84.3895
[L7: The Last Hurrah Tour 2026],2026-10-17,7:00 PM,"The Masquerade - Heaven, Atlanta",,Concert / Live Music,https://www.ticketmaster.com/l7-the-last-hurrah-tour-2026-atlanta-georgia-10-17-2026/event/0E0064A6ED79D03B,"We look forward to hosting you at The Masquerade! Doors are at 7:00 PM. The Masquerade is now proud to be serving food. Check our socials for the food window's schedule, pinned at the top of the feed. For more info and our FAQ, visit MASQ.com",ticketmaster: https://www.ticketmaster.com/l7-the-last-hurrah-tour-2026-atlanta-georgia-10-17-2026/event/0E0064A6ED79D03B,1,Atlanta,33.751769,-84.389681
Abbie Gamboa,2026-10-18,7:30 PM,"Center Stage Theater, Atlanta",,Concert / Live Music,https://www.ticketmaster.com/abbie-gamboa-atlanta-georgia-10-18-2026/event/0E0064FEA96491CD,"Rival presents: Abbie Gamboa Have You Ever Looked Around Tour October 18, 2026 | CENTER STAGE THEATER | General Admission | All Ages The price you see is the price you pay! All fees are included in the price you see on Ticketmaster (excluding taxes). For ADA Accommodations, email info@rivalentertainment.com. For parking information and an FAQ, visit us at centerstage-atlanta.com.",ticketmaster: https://www.ticketmaster.com/abbie-gamboa-atlanta-georgia-10-18-2026/event/0E0064FEA96491CD | seatgeek: https://seatgeek.com/abbie-gamboa-tickets/atlanta-georgia-center-stage-theater-atlanta-2026-10-18-7-30-pm/concert/18420049,2,Atlanta,33.7918926,-84.3877907
Afterlife,2026-10-18,8:30 PM,"Smith's Olde Bar, Atlanta",$26.74,Concert / Live Music,https://www.ticketweb.com/event/afterlife-smiths-olde-bar-tickets/14231764,ALL SALES FINALNO REFUNDS/EXCHANGES,ticketmaster: https://www.ticketweb.com/event/afterlife-smiths-olde-bar-tickets/14231764 | seatgeek: https://seatgeek.com/afterlife-tickets/atlanta-georgia-smiths-olde-bar-3-2026-10-18-3-pm/concert/18622920,2,Atlanta,33.797612,-84.368852
Atlanta Gladiators vs. Norfolk Admirals,2026-10-18,3:00 PM,"Gas South Arena, Duluth",,Sports & Fitness,https://www.ticketmaster.com/atlanta-gladiators-vs-norfolk-admirals-duluth-georgia-10-18-2026/event/0E0064C3DA3224D1,"Ages 2 and older require a ticket. No Refunds . No Exchanges. Pricing, line up, and production setup may change without notice. Ticket purchases exceeding the posted ticket limit, either within a single order or across multiple orders, may be subject to order(s) being voided without notice. Las edades de 2 años o más requieren un boleto. Sin reembolsos. Sin intercambios. Los precios, la alineación y la configuración de producción pueden cambiar sin previo aviso. Las compras de boletos que excedan el límite de boletos publicados, ya sea dentro de un solo pedido o en múltiples pedidos, pueden es",ticketmaster: https://www.ticketmaster.com/atlanta-gladiators-vs-norfolk-admirals-duluth-georgia-10-18-2026/event/0E0064C3DA3224D1 | seatgeek: https://seatgeek.com/atlanta-gladiators-tickets/minor-league-hockey/2026-10-18-3-10-pm/18242511,2,Atlanta,33.9869191,-84.0907288
BEAR DOWN ATL | Chicago Bears Watch Party,2026-10-18,12:00 PM - 4:00 PM,"Handlebar ATL, 476 Edgewood Avenue Southeast, Atlanta, GA 30312",,Nightlife / Party,https://www.eventbrite.com/e/bear-down-atl-chicago-bears-watch-party-tickets-1992675745797,,eventbrite: https://www.eventbrite.com/e/bear-down-atl-chicago-bears-watch-party-tickets-1992675745797,1,Atlanta,33.749,-84.388
Bob Schneider,2026-10-18,8:00 PM,"City Winery - Atlanta, Atlanta",,Concert / Live Music,https://seatgeek.com/bob-schneider-tickets/atlanta-georgia-city-winery-atlanta-2026-10-18-8-pm/concert/18530259,,seatgeek: https://seatgeek.com/bob-schneider-tickets/atlanta-georgia-city-winery-atlanta-2026-10-18-8-pm/concert/18530259,1,Atlanta,33.6651,-84.4107
Brett Cooper,2026-10-18,4:00 PM,"Helium Comedy Club - Atlanta, Alpharetta",,Comedy,https://seatgeek.com/brett-cooper-tickets/comedy/2026-10-18-4-pm/18567464,,seatgeek: https://seatgeek.com/brett-cooper-tickets/comedy/2026-10-18-4-pm/18567464,1,Atlanta,34.0754,-84.2941
Cavetown - Running With Scissors Tour,2026-10-18,8:00 PM,"Tabernacle Presented by iTHINK Financial, Atlanta",,Concert / Live Music,https://www.ticketmaster.com/cavetown-running-with-scissors-tour-atlanta-georgia-10-18-2026/event/0E00648795336E91,"This is an all ages event. Doors 7pm Show 8pm Cavetown has partnered with PLUS1 so that $1 from every ticket sold will go to local organizations working to support and empower the health and wellbeing of LGBTQ+ communities. This show has two separate General Admission (GA) areas: The GA Floor (standing room) and the GA balconies (seated, first come first served). GA tickets purchased are for either the floor or balcony. You must remain in the section of your purchased ticket. Row A in balcony sections 201-108 are sold as reserved assigned seating. The remainder of the balconies are general adm",ticketmaster: https://www.ticketmaster.com/cavetown-running-with-scissors-tour-atlanta-georgia-10-18-2026/event/0E00648795336E91,1,Atlanta,33.758688,-84.391449
Cavetown with Chloe Moriondo,2026-10-18,8:00 PM,"Tabernacle Presented by iTHINK Financial, Atlanta",,Concert / Live Music,https://seatgeek.com/cavetown-tickets/atlanta-georgia-the-tabernacle-atlanta-2026-10-18-8-pm/concert/18186202,,seatgeek: https://seatgeek.com/cavetown-tickets/atlanta-georgia-the-tabernacle-atlanta-2026-10-18-8-pm/concert/18186202,1,Atlanta,33.7589,-84.3914
Charles McBee,2026-10-18,7:00 PM,"Helium Comedy Club - Atlanta, Alpharetta",,Comedy,https://seatgeek.com/charles-mcbee-tickets/comedy/2026-10-18-7-pm/18452872,,seatgeek: https://seatgeek.com/charles-mcbee-tickets/comedy/2026-10-18-7-pm/18452872,1,Atlanta,34.0754,-84.2941
Chicago Bears at Atlanta Falcons,2026-10-18,1:00 PM,"Mercedes-Benz Stadium, Atlanta",,Sports & Fitness,https://www.ticketmaster.com/atlanta-falcons-v-chicago-bears-atlanta-georgia-10-18-2026/event/0E00647F8E156D63,"Express Entry: Avoid lines and get in the game faster. Its free and takes less than a minute to connect your ticket account https://www.mercedesbenzstadium.com/labs/delta-fly-through-lanes CLEAR BAG POLICY IN EFFECT for entry into the stadium: visit https://www.mercedesbenzstadium.com/guidelines#bag-policy - must be CLEAR plastic, vinyl or PVC and not exceed 12""x 6""x 12"". Cannot be tinted with color or include oversized content that prevents visibility into the bag. - Only non-clear bags that are smaller than 4.5"" x 6.5"" will be permitted into the venue. - Any type of NON-CLEAR bag exceeding 4",ticketmaster: https://www.ticketmaster.com/atlanta-falcons-v-chicago-bears-atlanta-georgia-10-18-2026/event/0E00647F8E156D63 | seatgeek: https://seatgeek.com/atlanta-falcons-tickets/10-18-2026-atlanta-georgia-mercedes-benz-stadium/nfl/18016665,2,Atlanta,33.755389,-84.400823
Clint Coley,2026-10-18,7:30 PM,"Helium Comedy Club - Atlanta, Alpharetta",,Comedy,https://seatgeek.com/clint-coley-tickets/comedy/2026-10-18-7-30-pm/18452922,,seatgeek: https://seatgeek.com/clint-coley-tickets/comedy/2026-10-18-7-30-pm/18452922,1,Atlanta,34.0754,-84.2941
Garage - 1180 Peachtree St: The Rocky Horror Picture Show,2026-10-18,7:00 PM,"Atlanta Symphony Hall, Atlanta",,General,https://www.ticketmaster.com/garage-1180-peachtree-st-the-rocky-atlanta-georgia-10-18-2026/event/0E006488DCA52B08,Garage: 1180 Peachtree Street NE (Peachtree NE & 14th Street),ticketmaster: https://www.ticketmaster.com/garage-1180-peachtree-st-the-rocky-atlanta-georgia-10-18-2026/event/0E006488DCA52B08,1,Atlanta,33.790098,-84.385493
Georgia Tech Yellow Jackets Womens Volleyball vs. Boston College Eagles Womens Volleyball,2026-10-18,1:00 PM,"O'Keefe Gymnasium, Atlanta",,Sports & Fitness,https://www.ticketmaster.com/event/Z7r9jZ1A70z-U,,ticketmaster: https://www.ticketmaster.com/event/Z7r9jZ1A70z-U | seatgeek: https://seatgeek.com/georgia-tech-yellow-jackets-womens-volleyball-tickets/womens-college-volleyball/2026-10-18-1-pm/18260015,2,Atlanta,33.758301,-84.398201
Georgian Chamber Players,2026-10-18,8:00 PM,"Eddie's Attic, Decatur",,Arts & Theatre,https://link.dice.fm/pa962b8f6de9,,ticketmaster: https://link.dice.fm/pa962b8f6de9,1,Atlanta,33.773975,-84.296271
Hairspray - Lawrenceville,2026-10-18,2:00 PM,"Clyde and Sandra Strickland Grand Stage at Aurora Theatre, Lawrenceville",,Arts & Theatre,https://seatgeek.com/hairspray-tickets/theater/2026-10-18-2-pm/18622903,,seatgeek: https://seatgeek.com/hairspray-tickets/theater/2026-10-18-2-pm/18622903,1,Atlanta,33.957127,-83.98724
Hiss Golden Messenger,2026-10-18,8:00 PM,"Terminal West, Atlanta",,Concert / Live Music,https://www.ticketmaster.com/event/Z7r9jZ1A7-ff3,,ticketmaster: https://www.ticketmaster.com/event/Z7r9jZ1A7-ff3 | seatgeek: https://seatgeek.com/hiss-golden-messenger-tickets/atlanta-georgia-terminal-west-2026-10-18-8-pm/concert/18345056,2,Atlanta,33.791901,-84.446404
Holiday Portraits: Capture the Magic at Selfie Paradise Museum,2026-10-18,2:00 PM,"Selfie Paradise Museum, Douglasville",,General,https://www.universe.com/events/holiday-portraits-capture-the-magic-at-selfie-paradise-museum-tickets-6HVT5N?ref=ticketmaster,,ticketmaster: https://www.universe.com/events/holiday-portraits-capture-the-magic-at-selfie-paradise-museum-tickets-6HVT5N?ref=ticketmaster | ticketmaster: https://www.universe.com/events/holiday-portraits-capture-the-magic-at-selfie-paradise-museum-tickets-6HVT5N?ref=ticketmaster | ticketmaster: https://www.universe.com/events/holiday-portraits-capture-the-magic-at-selfie-paradise-museum-tickets-6HVT5N?ref=ticketmaster | ticketmaster: https://www.universe.com/events/holiday-portraits-capture-the-magic-at-selfie-paradise-museum-tickets-6HVT5N?ref=ticketmaster | ticketmaster: https://www.universe.com/events/holiday-portraits-capture-the-magic-at-selfie-paradise-museum-tickets-6HVT5N?ref=ticketmaster | ticketmaster: https://www.universe.com/events/holiday-portraits-capture-the-magic-at-selfie-paradise-museum-tickets-6HVT5N?ref=ticketmaster,6,Atlanta,33.728206,-84.743421
In Her Own Words with Every Avenue,2026-10-18,6:30 PM,"The Masquerade - Purgatory, Atlanta",,Food & Drink,https://www.ticketmaster.com/in-her-own-words-every-avenue-atlanta-georgia-10-18-2026/event/0E0064AFC8D356DD,"We look forward to hosting you at The Masquerade! Doors are at 6:30 PM. The Masquerade is now proud to be serving food. Check our socials for the food window's schedule, pinned at the top of the feed. For more info and our FAQ, visit MASQ.com",ticketmaster: https://www.ticketmaster.com/in-her-own-words-every-avenue-atlanta-georgia-10-18-2026/event/0E0064AFC8D356DD | seatgeek: https://seatgeek.com/in-her-own-words-tickets/atlanta-georgia-the-masquerade-purgatory-2026-10-18-6-30-pm/concert/18252361,2,Atlanta,33.75184,-84.389887
Kathy Griffin,2026-10-18,7:00 PM,"Buckhead Theatre, Atlanta",,Comedy,https://seatgeek.com/kathy-griffin-tickets/comedy/2026-10-18-7-pm/18139049,,seatgeek: https://seatgeek.com/kathy-griffin-tickets/comedy/2026-10-18-7-pm/18139049,1,Atlanta,33.8403,-84.3797
"Kathy Griffin: New Face, New Tour (18+)",2026-10-18,7:00 PM,"Buckhead Theatre, Atlanta",,Concert / Live Music,https://www.ticketmaster.com/kathy-griffin-new-face-new-tour-atlanta-georgia-10-18-2026/event/0E00647018415C7C,This is an 18 & over event. Doors at 6:00 PM. Show at 7:00 PM. Main floor is reserved seating. Balcony is reserved seating.,ticketmaster: https://www.ticketmaster.com/kathy-griffin-new-face-new-tour-atlanta-georgia-10-18-2026/event/0E00647018415C7C,1,Atlanta,33.8402272,-84.3795437
LaMP,2026-10-18,8:00 PM,"Vinyl, Atlanta",,Concert / Live Music,https://www.ticketmaster.com/lamp-atlanta-georgia-10-18-2026/event/0E0064CCEA4FC718,"Rival presents: LaMP October 18, 2026 | VINYL | General Admission| All Ages The price you see is the price you pay! All fees are included in the price you see on Ticketmaster (excluding taxes). For ADA Accommodations, email info@rivalentertainment.com. For parking information and an FAQ, visit us at centerstage-atlanta.com.",ticketmaster: https://www.ticketmaster.com/lamp-atlanta-georgia-10-18-2026/event/0E0064CCEA4FC718 | seatgeek: https://seatgeek.com/lamp-3-tickets/atlanta-georgia-vinyl-at-center-stage-2026-10-18-8-pm/concert/18317559,2,Atlanta,33.7918926,-84.3877907
Like Father,2026-10-18,2:00 PM,"Alliance Theatre, Atlanta",,General,https://www.ticketmaster.com/event/Z7r9jZ1A70M_t,,ticketmaster: https://www.ticketmaster.com/event/Z7r9jZ1A70M_t | ticketmaster: https://www.ticketmaster.com/event/Z7r9jZ1A70M_Y,2,Atlanta,33.797401,-84.386803
Like Father - Atlanta,2026-10-18,2:00 PM,"Hertz Stage at Alliance Theatre, Atlanta",,Arts & Theatre,https://seatgeek.com/like-father-1-tickets/theater/2026-10-18-2-pm/18275304,,seatgeek: https://seatgeek.com/like-father-1-tickets/theater/2026-10-18-2-pm/18275304,1,Atlanta,33.7896,-84.3844
Maya De Vitry,2026-10-18,5:30 PM,"Eddie's Attic, Decatur",,General,https://www.ticketmaster.com/event/Z7r9jZ1A7PfvJ,,ticketmaster: https://www.ticketmaster.com/event/Z7r9jZ1A7PfvJ,1,Atlanta,33.7715,-84.292397
Nevertel,2026-10-18,6:00 PM,"The Masquerade - Hell, Atlanta",,Food & Drink,https://www.ticketmaster.com/nevertel-atlanta-georgia-10-18-2026/event/0E0064C1AD1290CA,"We look forward to hosting you at The Masquerade! Doors are at 6:00 PM. The Masquerade is now proud to be serving food. Check our socials for the food window's schedule, pinned at the top of the feed. For more info and our FAQ, visit MASQ.com",ticketmaster: https://www.ticketmaster.com/nevertel-atlanta-georgia-10-18-2026/event/0E0064C1AD1290CA | seatgeek: https://seatgeek.com/nevertel-tickets/atlanta-georgia-the-masquerade-hell-2026-10-18-6-pm/concert/18282569,2,Atlanta,33.75184,-84.389887
Outlander in Concert,2026-10-18,4:00 PM,"Fox Theatre - Atlanta, Atlanta",,Concert / Live Music,https://www.ticketmaster.com/event/Z7r9jZ1A7P78A,,ticketmaster: https://www.ticketmaster.com/event/Z7r9jZ1A7P78A | seatgeek: https://seatgeek.com/outlander-in-concert-tickets/atlanta-georgia-fox-theatre-atlanta-2026-10-18-4-pm/concert/18151207,2,Atlanta,33.7714,-84.377403
Rachel Bochner,2026-10-18,7:00 PM,"The Masquerade - Altar, Atlanta",,Concert / Live Music,https://seatgeek.com/rachel-bochner-tickets/atlanta-georgia-the-masquerade-altar-2026-10-18-7-pm/concert/18332867,,seatgeek: https://seatgeek.com/rachel-bochner-tickets/atlanta-georgia-the-masquerade-altar-2026-10-18-7-pm/concert/18332867,1,Atlanta,33.752,-84.3895
"Rachel Bochner | The ""Sorry If It's Selfish"" Tour",2026-10-18,7:00 PM,"The Masquerade - Altar, Atlanta",,Concert / Live Music,https://www.ticketmaster.com/rachel-bochner-the-sorry-if-its-atlanta-georgia-10-18-2026/event/0E0064D7C7A1D1B6,"We look forward to hosting you at The Masquerade! Doors are at 7:00 PM. The Masquerade is now proud to be serving food. Check our socials for the food window's schedule, pinned at the top of the feed. For more info and our FAQ, visit MASQ.com",ticketmaster: https://www.ticketmaster.com/rachel-bochner-the-sorry-if-its-atlanta-georgia-10-18-2026/event/0E0064D7C7A1D1B6,1,Atlanta,33.75202,-84.38945
The Christmas Carnival at Selfie Paradise Museum,2026-10-18,3:30 PM,"Selfie Paradise Museum, Douglasville",,Festival,https://www.universe.com/events/the-christmas-carnival-at-selfie-paradise-museum-tickets-7PQG9Y?ref=ticketmaster,,ticketmaster: https://www.universe.com/events/the-christmas-carnival-at-selfie-paradise-museum-tickets-7PQG9Y?ref=ticketmaster | ticketmaster: https://www.universe.com/events/the-christmas-carnival-at-selfie-paradise-museum-tickets-7PQG9Y?ref=ticketmaster,2,Atlanta,33.728206,-84.743421
The Rocky Horror Picture Show - Atlanta,2026-10-18,7:00 PM,"Atlanta Symphony Hall at Woodruff Arts Center, Atlanta",,Arts & Theatre,https://seatgeek.com/the-rocky-horror-picture-show-tickets/theater/2026-10-18-7-pm/18176371,,seatgeek: https://seatgeek.com/the-rocky-horror-picture-show-tickets/theater/2026-10-18-7-pm/18176371,1,Atlanta,33.7893,-84.3847
The Rocky Horror Picture Show with Barry Bostwick and Nell Campbell,2026-10-18,7:00 PM,"Atlanta Symphony Hall, Atlanta",,General,https://www.ticketmaster.com/the-rocky-horror-picture-show-with-atlanta-georgia-10-18-2026/event/0E006488DA0B24BF,"The event will include a very special tribute to the late star of The Rocky Horror Picture Show, the beloved Tim Curry.",ticketmaster: https://www.ticketmaster.com/the-rocky-horror-picture-show-with-atlanta-georgia-10-18-2026/event/0E006488DA0B24BF,1,Atlanta,33.790098,-84.385493
Bassvictim with Thoom,2026-10-19,8:00 PM,"Variety Playhouse, Atlanta",,Arts & Theatre,https://www.ticketmaster.com/event/Z7r9jZ1AAZg0_,,ticketmaster: https://www.ticketmaster.com/event/Z7r9jZ1AAZg0_ | seatgeek: https://seatgeek.com/bassvictim-tickets/atlanta-georgia-variety-playhouse-2026-10-19-8-pm/concert/18508230,2,Atlanta,33.770199,-84.334602
Black Violin - Atlanta,2026-10-19,7:00 PM,"Atlanta Symphony Hall at Woodruff Arts Center, Atlanta",,Arts & Theatre,https://seatgeek.com/black-violin-tickets/classical/2026-10-19-7-pm/18331714,,seatgeek: https://seatgeek.com/black-violin-tickets/classical/2026-10-19-7-pm/18331714,1,Atlanta,33.7893,-84.3847
Black Violin: The Be Free Tour,2026-10-19,7:00 PM,"Atlanta Symphony Hall, Atlanta",,Concert / Live Music,https://www.ticketmaster.com/black-violin-the-be-free-tour-atlanta-georgia-10-19-2026/event/0E0064CACC3C481A,,ticketmaster: https://www.ticketmaster.com/black-violin-the-be-free-tour-atlanta-georgia-10-19-2026/event/0E0064CACC3C481A,1,Atlanta,33.790098,-84.385493
Chad Gray: 30 Years of Madnesss,2026-10-19,7:00 PM,"Buckhead Theatre, Atlanta",,Concert / Live Music,https://www.ticketmaster.com/chad-gray-30-years-of-madnesss-atlanta-georgia-10-19-2026/event/0E0064C3FC6E9E22,Main floor is general admission standing. Balcony is reserved seating. GA floor has a pit area with limited capacity. GA ticketholders who arrive after the pit is full will be directed to other open areas on the floor. All ages welcome. Doors at 6 PM. Show at 7 PM.,ticketmaster: https://www.ticketmaster.com/chad-gray-30-years-of-madnesss-atlanta-georgia-10-19-2026/event/0E0064C3FC6E9E22,1,Atlanta,33.8402272,-84.3795437
Chad Gray: Voice of Mudvayne & Hellyeah,2026-10-19,7:00 PM,"Buckhead Theatre, Atlanta",,Concert / Live Music,https://seatgeek.com/chad-gray-voice-of-mudvayne-and-hellyeah-tickets/atlanta-georgia-buckhead-theatre-2026-10-19-7-pm/concert/18296545,,seatgeek: https://seatgeek.com/chad-gray-voice-of-mudvayne-and-hellyeah-tickets/atlanta-georgia-buckhead-theatre-2026-10-19-7-pm/concert/18296545,1,Atlanta,33.8403,-84.3797
Garage - 1180 Peachtree St: Black Violin,2026-10-19,7:00 PM,"Atlanta Symphony Hall, Atlanta",,General,https://www.ticketmaster.com/garage-1180-peachtree-st-black-violin-atlanta-georgia-10-19-2026/event/0E0064CACFD753F7,Garage: 1180 Peachtree Street NE (Peachtree NE & 14th Street),ticketmaster: https://www.ticketmaster.com/garage-1180-peachtree-st-black-violin-atlanta-georgia-10-19-2026/event/0E0064CACFD753F7,1,Atlanta,33.790098,-84.385493
HALLOWEEN CONCEPT MIXOLOGY CLASS,2026-10-19,7:00 PM - 9:00 PM,"SEBASTIAN PINTXOS BAR, 818 JUNIPER ST NE, ATLANTA, GA 30308",,Food & Drink,https://www.eventbrite.com/e/halloween-concept-mixology-class-tickets-2002182645189,,eventbrite: https://www.eventbrite.com/e/halloween-concept-mixology-class-tickets-2002182645189,1,Atlanta,33.749,-84.388
Holiday Portraits: Capture the Magic at Selfie Paradise Museum,2026-10-19,12:00 PM,"Selfie Paradise Museum, Douglasville",,General,https://www.universe.com/events/holiday-portraits-capture-the-magic-at-selfie-paradise-museum-tickets-6HVT5N?ref=ticketmaster,,ticketmaster: https://www.universe.com/events/holiday-portraits-capture-the-magic-at-selfie-paradise-museum-tickets-6HVT5N?ref=ticketmaster | ticketmaster: https://www.universe.com/events/holiday-portraits-capture-the-magic-at-selfie-paradise-museum-tickets-6HVT5N?ref=ticketmaster | ticketmaster: https://www.universe.com/events/holiday-portraits-capture-the-magic-at-selfie-paradise-museum-tickets-6HVT5N?ref=ticketmaster | ticketmaster: https://www.universe.com/events/holiday-portraits-capture-the-magic-at-selfie-paradise-museum-tickets-6HVT5N?ref=ticketmaster | ticketmaster: https://www.universe.com/events/holiday-portraits-capture-the-magic-at-selfie-paradise-museum-tickets-6HVT5N?ref=ticketmaster | ticketmaster: https://www.universe.com/events/holiday-portraits-capture-the-magic-at-selfie-paradise-museum-tickets-6HVT5N?ref=ticketmaster | ticketmaster: https://www.universe.com/events/holiday-portraits-capture-the-magic-at-selfie-paradise-museum-tickets-6HVT5N?ref=ticketmaster | ticketmaster: https://www.universe.com/events/holiday-portraits-capture-the-magic-at-selfie-paradise-museum-tickets-6HVT5N?ref=ticketmaster | ticketmaster: https://www.universe.com/events/holiday-portraits-capture-the-magic-at-selfie-paradise-museum-tickets-6HVT5N?ref=ticketmaster | ticketmaster: https://www.universe.com/events/holiday-portraits-capture-the-magic-at-selfie-paradise-museum-tickets-6HVT5N?ref=ticketmaster | ticketmaster: https://www.universe.com/events/holiday-portraits-capture-the-magic-at-selfie-paradise-museum-tickets-6HVT5N?ref=ticketmaster | ticketmaster: https://www.universe.com/events/holiday-portraits-capture-the-magic-at-selfie-paradise-museum-tickets-6HVT5N?ref=ticketmaster | ticketmaster: https://www.universe.com/events/holiday-portraits-capture-the-magic-at-selfie-paradise-museum-tickets-6HVT5N?ref=ticketmaster | ticketmaster: https://www.universe.com/events/holiday-portraits-capture-the-magic-at-selfie-paradise-museum-tickets-6HVT5N?ref=ticketmaster | ticketmaster: https://www.universe.com/events/holiday-portraits-capture-the-magic-at-selfie-paradise-museum-tickets-6HVT5N?ref=ticketmaster,15,Atlanta,33.728206,-84.743421
JOURNEY - Final Frontier Tour (An Evening With),2026-10-19,7:30 PM,"State Farm Arena, Atlanta",,Concert / Live Music,https://www.ticketmaster.com/journey-final-frontier-tour-an-evening-atlanta-georgia-10-19-2026/event/0E0064A599B6B9EB,,ticketmaster: https://www.ticketmaster.com/journey-final-frontier-tour-an-evening-atlanta-georgia-10-19-2026/event/0E0064A599B6B9EB,1,Atlanta,33.757796,-84.394569
Journey,2026-10-19,7:30 PM,"State Farm Arena, Atlanta",,Concert / Live Music,https://seatgeek.com/journey-tickets/atlanta-georgia-state-farm-arena-1-2026-10-19-7-30-pm/concert/18237108,,seatgeek: https://seatgeek.com/journey-tickets/atlanta-georgia-state-farm-arena-1-2026-10-19-7-30-pm/concert/18237108,1,Atlanta,33.7566,-84.3969
Live Music,2026-10-19,7:00 PM,"Eddie's Attic - Decatur, Decatur",,Concert / Live Music,https://seatgeek.com/live-music-tickets/decatur-georgia-eddie-s-attic-decatur-2026-10-19-7-pm/concert/18578740,,seatgeek: https://seatgeek.com/live-music-tickets/decatur-georgia-eddie-s-attic-decatur-2026-10-19-7-pm/concert/18578740,1,Atlanta,33.7739,-84.2964
Maddie Zahm,2026-10-19,8:00 PM,"Vinyl, Atlanta",,Sports & Fitness,https://www.ticketmaster.com/maddie-zahm-atlanta-georgia-10-19-2026/event/0E0064C39A9F8CF3,"Zero Mile & AEG presents: Maddie Zahm w/ Molly Grace October 19, 2026 | VINYL | General Admission | All Ages The price you see is the price you pay! All fees are included in the price you see on Ticketmaster (excluding taxes). For ADA Accommodations, email info@rivalentertainment.com. For parking information and an FAQ, visit us at centerstage-atlanta.com.",ticketmaster: https://www.ticketmaster.com/maddie-zahm-atlanta-georgia-10-19-2026/event/0E0064C39A9F8CF3,1,Atlanta,33.7918926,-84.3877907
Maddie Zahm with Molly Grace,2026-10-19,8:00 PM,"Vinyl at Center Stage, Atlanta",,Concert / Live Music,https://seatgeek.com/maddie-zahm-tickets/atlanta-georgia-vinyl-at-center-stage-2026-10-19-8-pm/concert/18298004,,seatgeek: https://seatgeek.com/maddie-zahm-tickets/atlanta-georgia-vinyl-at-center-stage-2026-10-19-8-pm/concert/18298004,1,Atlanta,33.7922,-84.3883
Neoni - HOW TO KILL A FAIRYTALE TOUR - CHAPTER 2,2026-10-19,7:00 PM,"The Masquerade - Purgatory, Atlanta",,Concert / Live Music,https://www.ticketmaster.com/neoni-how-to-kill-a-fairytale-atlanta-georgia-10-19-2026/event/0E0064FBF783C53A,"We look forward to hosting you at The Masquerade! Doors are at 7:00 PM. The Masquerade is now proud to be serving food. Check our socials for the food window's schedule, pinned at the top of the feed. For more info and our FAQ, visit MASQ.com",ticketmaster: https://www.ticketmaster.com/neoni-how-to-kill-a-fairytale-atlanta-georgia-10-19-2026/event/0E0064FBF783C53A,1,Atlanta,33.75184,-84.389887
Neoni with Marielle Kraft,2026-10-19,7:00 PM,"The Masquerade - Purgatory, Atlanta",,Concert / Live Music,https://seatgeek.com/neoni-tickets/atlanta-georgia-the-masquerade-purgatory-2026-10-19-7-pm/concert/18420560,,seatgeek: https://seatgeek.com/neoni-tickets/atlanta-georgia-the-masquerade-purgatory-2026-10-19-7-pm/concert/18420560,1,Atlanta,33.7515,-84.3899
Sorry Ghost,2026-10-19,7:00 PM,"The Masquerade - Altar, Atlanta",,Concert / Live Music,https://seatgeek.com/sorry-ghost-tickets/atlanta-georgia-the-masquerade-altar-2026-10-19-7-pm/concert/18400027,,seatgeek: https://seatgeek.com/sorry-ghost-tickets/atlanta-georgia-the-masquerade-altar-2026-10-19-7-pm/concert/18400027,1,Atlanta,33.752,-84.3895
Sorry Ghost: The Insufferably Indie Tour,2026-10-19,7:00 PM,"The Masquerade - Altar, Atlanta",,Concert / Live Music,https://www.ticketmaster.com/sorry-ghost-the-insufferably-indie-tour-atlanta-georgia-10-19-2026/event/0E0064F7EB9D5A49,"We look forward to hosting you at The Masquerade! Doors are at 7:00 PM. The Masquerade is now proud to be serving food. Check our socials for the food window's schedule, pinned at the top of the feed. For more info and our FAQ, visit MASQ.com",ticketmaster: https://www.ticketmaster.com/sorry-ghost-the-insufferably-indie-tour-atlanta-georgia-10-19-2026/event/0E0064F7EB9D5A49,1,Atlanta,33.75202,-84.38945
Unhinged & Immoral Podcast Live at Eddie's Attic,2026-10-19,7:00 PM,"Eddie's Attic, Decatur",,Concert / Live Music,https://www.ticketmaster.com/unhinged-immoral-podcast-live-at-eddies-decatur-georgia-10-19-2026/event/0E006528F70BA2FB,Unhinged & Immoral Podcast Live at Eddie's Attic!,ticketmaster: https://www.ticketmaster.com/unhinged-immoral-podcast-live-at-eddies-decatur-georgia-10-19-2026/event/0E006528F70BA2FB,1,Atlanta,33.773975,-84.296271
Vince Staples,2026-10-19,8:00 PM,"Tabernacle Presented by iTHINK Financial, Atlanta",,Concert / Live Music,https://seatgeek.com/vince-staples-tickets/atlanta-georgia-the-tabernacle-atlanta-2026-10-19-8-pm/concert/18314031,,seatgeek: https://seatgeek.com/vince-staples-tickets/atlanta-georgia-the-tabernacle-atlanta-2026-10-19-8-pm/concert/18314031,1,Atlanta,33.7589,-84.3914
Vince Staples - Cry Baby Tour,2026-10-19,8:00 PM,"Tabernacle Presented by iTHINK Financial, Atlanta",,Concert / Live Music,https://www.ticketmaster.com/vince-staples-cry-baby-tour-atlanta-georgia-10-19-2026/event/0E0064C903B4BCBB,"This is a show has a general admission standing room floor with fully reserved assigned seating balconies. All ages welcome. Box Office Open at 6pm. Doors at 7pm. Show at 8pm. Please be aware our balconies are not ADA accessible. All accommodations are located on the main floor level. There is no elevator in the building. Please ask event staff for any ADA assistance upon arrival. Guests who have purchased ADA tickets may request assistance from event staff upon arrival. If all ADA accommodations are sold out, please email the venue at tabernacle@livenation.com.",ticketmaster: https://www.ticketmaster.com/vince-staples-cry-baby-tour-atlanta-georgia-10-19-2026/event/0E0064C903B4BCBB,1,Atlanta,33.758688,-84.391449
YHWH Nailgun,2026-10-19,8:00 PM,"Aisle 5, Atlanta",,Concert / Live Music,https://eventim.us/a5yhwhnailgun2026,,ticketmaster: https://eventim.us/a5yhwhnailgun2026 | ticketmaster: https://www.ticketmaster.com/event/Z7r9jZ1A7PPap,2,Atlanta,33.764272,-84.350224
YHWH Nailgun with KeiyaA,2026-10-19,8:00 PM,"Aisle 5, Atlanta",,Concert / Live Music,https://seatgeek.com/yhwh-nailgun-tickets/atlanta-georgia-aisle-5-2026-10-19-8-pm/concert/18316909,,seatgeek: https://seatgeek.com/yhwh-nailgun-tickets/atlanta-georgia-aisle-5-2026-10-19-8-pm/concert/18316909,1,Atlanta,33.7643,-84.3502
bunii,2026-10-19,8:00 PM,"Terminal West, Atlanta",,Concert / Live Music,https://www.ticketmaster.com/event/Z7r9jZ1AAvKay,,ticketmaster: https://www.ticketmaster.com/event/Z7r9jZ1AAvKay | seatgeek: https://seatgeek.com/bunii-tickets/atlanta-georgia-terminal-west-2026-10-19-8-pm/concert/18552421,2,Atlanta,33.791901,-84.446404
Arch Enemy and The Black Dahlia Murder,2026-10-20,5:00 PM,"The Masquerade - Heaven, Atlanta",,Concert / Live Music,https://seatgeek.com/arch-enemy-tickets/atlanta-georgia-the-masquerade-heaven-2026-10-20-5-pm/concert/18253696,,seatgeek: https://seatgeek.com/arch-enemy-tickets/atlanta-georgia-the-masquerade-heaven-2026-10-20-5-pm/concert/18253696,1,Atlanta,33.7518,-84.3897
Arch Enemy/The Black Dahlia Murder: Wrath Across North America 2026,2026-10-20,5:00 PM,"The Masquerade - Heaven, Atlanta",,Food & Drink,https://www.ticketmaster.com/arch-enemythe-black-dahlia-murder-wrath-atlanta-georgia-10-20-2026/event/0E0064B2D985EDD2,"We look forward to hosting you at The Masquerade! Doors are at 5:00 PM. The Masquerade is now proud to be serving food. Check our socials for the food window's schedule, pinned at the top of the feed. For more info and our FAQ, visit MASQ.com",ticketmaster: https://www.ticketmaster.com/arch-enemythe-black-dahlia-murder-wrath-atlanta-georgia-10-20-2026/event/0E0064B2D985EDD2,1,Atlanta,33.751769,-84.389681
Bulwark LIVE: The Good Fight Tour,2026-10-20,8:00 PM,"The Eastern-GA, Atlanta",,Concert / Live Music,https://www.ticketmaster.com/event/Z7r9jZ1AAZyQa,,ticketmaster: https://www.ticketmaster.com/event/Z7r9jZ1AAZyQa,1,Atlanta,33.7136,-84.332802
Dr. Jekyll and Mr. Hyde (1920) with Ken Double,2026-10-20,8:00 PM,"Fox Theatre - Atlanta, Atlanta",,Concert / Live Music,https://www.ticketmaster.com/event/Z7r9jZ1AAZw_O,,ticketmaster: https://www.ticketmaster.com/event/Z7r9jZ1AAZw_O,1,Atlanta,33.7714,-84.377403
Dr. Jekyll and Mr. Hyde - Film,2026-10-20,8:00 PM,"Fox Theatre Atlanta, Atlanta",,Sports & Fitness,https://seatgeek.com/dr-jekyll-and-mr-hyde-film-tickets/film/2026-10-20-8-pm/18411939,,seatgeek: https://seatgeek.com/dr-jekyll-and-mr-hyde-film-tickets/film/2026-10-20-8-pm/18411939,1,Atlanta,33.7726,-84.3855
Holiday Portraits: Capture the Magic at Selfie Paradise Museum,2026-10-20,12:00 PM,"Selfie Paradise Museum, Douglasville",,General,https://www.universe.com/events/holiday-portraits-capture-the-magic-at-selfie-paradise-museum-tickets-6HVT5N?ref=ticketmaster,,ticketmaster: https://www.universe.com/events/holiday-portraits-capture-the-magic-at-selfie-paradise-museum-tickets-6HVT5N?ref=ticketmaster | ticketmaster: https://www.universe.com/events/holiday-portraits-capture-the-magic-at-selfie-paradise-museum-tickets-6HVT5N?ref=ticketmaster | ticketmaster: https://www.universe.com/events/holiday-portraits-capture-the-magic-at-selfie-paradise-museum-tickets-6HVT5N?ref=ticketmaster | ticketmaster: https://www.universe.com/events/holiday-portraits-capture-the-magic-at-selfie-paradise-museum-tickets-6HVT5N?ref=ticketmaster | ticketmaster: https://www.universe.com/events/holiday-portraits-capture-the-magic-at-selfie-paradise-museum-tickets-6HVT5N?ref=ticketmaster | ticketmaster: https://www.universe.com/events/holiday-portraits-capture-the-magic-at-selfie-paradise-museum-tickets-6HVT5N?ref=ticketmaster | ticketmaster: https://www.universe.com/events/holiday-portraits-capture-the-magic-at-selfie-paradise-museum-tickets-6HVT5N?ref=ticketmaster | ticketmaster: https://www.universe.com/events/holiday-portraits-capture-the-magic-at-selfie-paradise-museum-tickets-6HVT5N?ref=ticketmaster | ticketmaster: https://www.universe.com/events/holiday-portraits-capture-the-magic-at-selfie-paradise-museum-tickets-6HVT5N?ref=ticketmaster | ticketmaster: https://www.universe.com/events/holiday-portraits-capture-the-magic-at-selfie-paradise-museum-tickets-6HVT5N?ref=ticketmaster | ticketmaster: https://www.universe.com/events/holiday-portraits-capture-the-magic-at-selfie-paradise-museum-tickets-6HVT5N?ref=ticketmaster | ticketmaster: https://www.universe.com/events/holiday-portraits-capture-the-magic-at-selfie-paradise-museum-tickets-6HVT5N?ref=ticketmaster | ticketmaster: https://www.universe.com/events/holiday-portraits-capture-the-magic-at-selfie-paradise-museum-tickets-6HVT5N?ref=ticketmaster | ticketmaster: https://www.universe.com/events/holiday-portraits-capture-the-magic-at-selfie-paradise-museum-tickets-6HVT5N?ref=ticketmaster | ticketmaster: https://www.universe.com/events/holiday-portraits-capture-the-magic-at-selfie-paradise-museum-tickets-6HVT5N?ref=ticketmaster | ticketmaster: https://www.universe.com/events/holiday-portraits-capture-the-magic-at-selfie-paradise-museum-tickets-6HVT5N?ref=ticketmaster | ticketmaster: https://www.universe.com/events/holiday-portraits-capture-the-magic-at-selfie-paradise-museum-tickets-6HVT5N?ref=ticketmaster | ticketmaster: https://www.universe.com/events/holiday-portraits-capture-the-magic-at-selfie-paradise-museum-tickets-6HVT5N?ref=ticketmaster | ticketmaster: https://www.universe.com/events/holiday-portraits-capture-the-magic-at-selfie-paradise-museum-tickets-6HVT5N?ref=ticketmaster | ticketmaster: https://www.universe.com/events/holiday-portraits-capture-the-magic-at-selfie-paradise-museum-tickets-6HVT5N?ref=ticketmaster | ticketmaster: https://www.universe.com/events/holiday-portraits-capture-the-magic-at-selfie-paradise-museum-tickets-6HVT5N?ref=ticketmaster,21,Atlanta,33.728206,-84.743421
LOLO,2026-10-20,7:00 PM,"The Masquerade - Hell, Atlanta",,Concert / Live Music,https://seatgeek.com/lolo-tickets/atlanta-georgia-the-masquerade-hell-2026-10-20-7-pm/concert/18247115,,seatgeek: https://seatgeek.com/lolo-tickets/atlanta-georgia-the-masquerade-hell-2026-10-20-7-pm/concert/18247115,1,Atlanta,33.7522,-84.3901
Lilyisthatyou,2026-10-20,7:00 PM,"The Masquerade - Purgatory, Atlanta",,Concert / Live Music,https://seatgeek.com/lilyisthatyou-tickets/atlanta-georgia-the-masquerade-purgatory-2026-10-20-7-pm/concert/18209720,,seatgeek: https://seatgeek.com/lilyisthatyou-tickets/atlanta-georgia-the-masquerade-purgatory-2026-10-20-7-pm/concert/18209720,1,Atlanta,33.7515,-84.3899
Lilyisthatyou - The Flowers Have Feelings Tour,2026-10-20,7:00 PM,"The Masquerade - Purgatory, Atlanta",,Concert / Live Music,https://www.ticketmaster.com/lilyisthatyou-the-flowers-have-feelings-tour-atlanta-georgia-10-20-2026/event/0E006495EFC61F08,"We look forward to hosting you at The Masquerade! Doors are at 7:00 PM. The Masquerade is now proud to be serving food. Check our socials for the food window's schedule, pinned at the top of the feed. For more info and our FAQ, visit MASQ.com Mobile tickets will be available after 8/21 at 7pm",ticketmaster: https://www.ticketmaster.com/lilyisthatyou-the-flowers-have-feelings-tour-atlanta-georgia-10-20-2026/event/0E006495EFC61F08,1,Atlanta,33.75184,-84.389887
LØLØ - God Forbid a Girl Goes on Tour,2026-10-20,7:00 PM,"The Masquerade - Hell, Atlanta",,Concert / Live Music,https://www.ticketmaster.com/ll-god-forbid-a-girl-goes-atlanta-georgia-10-20-2026/event/0E0064ADA0E9D1C1,"We look forward to hosting you at The Masquerade! Doors are at 7:00 PM. The Masquerade is now proud to be serving food. Check our socials for the food window's schedule, pinned at the top of the feed. For more info and our FAQ, visit MASQ.com VIP INCLUDES: One (1) GA Ticket To The Show One (1) Picture with LØLØ (taken by a professional photographer and shared) Access to LØLØ's pre-show q+a and acoustic performance Early Entry to the venue One (1) VIP exclusive merch item One (1) VIP Laminate and Lanyard, Autographed by LØLØ Early Access to merchandise table Meet & Greet purchasers should plan ",ticketmaster: https://www.ticketmaster.com/ll-god-forbid-a-girl-goes-atlanta-georgia-10-20-2026/event/0E0064ADA0E9D1C1,1,Atlanta,33.75184,-84.389887
Music Discovery Series Performance,2026-10-20,10:00 AM,"Woodruff Arts Center, Atlanta",,Concert / Live Music,https://www.ticketmaster.com/music-discovery-series-performance-atlanta-georgia-10-20-2026/event/0E00649CC9509612,"School Day Event | Goizueta Stage for Youth and Families | Grades 3 to 12 Up-close performances by ASO and community musicians in an intimate setting, paired with Q&A opportunities that give students a behind-the-scenes look at the art of music-making. Select dates include the addition of a Behind the Scenes Tour. Programs are tailored to fit each group's age and level of musical experience, designed especially for instrumental students from late elementary through high school.",ticketmaster: https://www.ticketmaster.com/music-discovery-series-performance-atlanta-georgia-10-20-2026/event/0E00649CC9509612 | ticketmaster: https://www.ticketmaster.com/music-discovery-series-performance-atlanta-georgia-10-20-2026/event/0E0064A6C36741C0,2,Atlanta,33.7971137,-84.3804888
Mya,2026-10-20,5:30 PM,"City Winery - Atlanta, Atlanta",,Concert / Live Music,https://seatgeek.com/mya-tickets/atlanta-georgia-city-winery-atlanta-2026-10-20-5-30-pm/concert/18622804,,seatgeek: https://seatgeek.com/mya-tickets/atlanta-georgia-city-winery-atlanta-2026-10-20-5-30-pm/concert/18622804 | seatgeek: https://seatgeek.com/mya-tickets/atlanta-georgia-city-winery-atlanta-2026-10-20-9-pm/concert/18622806,2,Atlanta,33.6651,-84.4107
Rapsody,2026-10-20,8:00 PM,"Vinyl, Atlanta",,Concert / Live Music,https://www.ticketmaster.com/rapsody-atlanta-georgia-10-20-2026/event/0E00652AAE86B729,"Rival presents: Rapsody October 20, 2026 | VINYL | General Admission| All Ages The price you see is the price you pay! All fees are included in the price you see on Ticketmaster (excluding taxes). For ADA Accommodations, email info@rivalentertainment.com. For parking information and an FAQ, visit us at centerstage-atlanta.com.",ticketmaster: https://www.ticketmaster.com/rapsody-atlanta-georgia-10-20-2026/event/0E00652AAE86B729 | seatgeek: https://seatgeek.com/rapsody-tickets/atlanta-georgia-vinyl-at-center-stage-2026-10-20-8-pm/concert/18586048,2,Atlanta,33.7918926,-84.3877907
School of Rock West Cobb,2026-10-20,7:30 PM,"Madlife Stage & Studios, Woodstock",,Concert / Live Music,https://seatgeek.com/school-of-rock-west-cobb-tickets/woodstock-georgia-madlife-stage-studios-2026-10-20-7-30-pm/concert/18622887,,seatgeek: https://seatgeek.com/school-of-rock-west-cobb-tickets/woodstock-georgia-madlife-stage-studios-2026-10-20-7-30-pm/concert/18622887,1,Atlanta,34.0991,-84.5206
Teddy Swims with Freak Freely,2026-10-20,7:00 PM,"State Farm Arena, Atlanta",,Concert / Live Music,https://seatgeek.com/teddy-swims-tickets/atlanta-georgia-state-farm-arena-1-2026-10-20-7-pm/concert/18185155,,seatgeek: https://seatgeek.com/teddy-swims-tickets/atlanta-georgia-state-farm-arena-1-2026-10-20-7-pm/concert/18185155,1,Atlanta,33.7566,-84.3969
Teddy Swims: The UGLY Tour,2026-10-20,7:00 PM,"State Farm Arena, Atlanta",,Concert / Live Music,https://www.ticketmaster.com/teddy-swims-the-ugly-tour-atlanta-georgia-10-20-2026/event/0E00648DBD4AA7DF,,ticketmaster: https://www.ticketmaster.com/teddy-swims-the-ugly-tour-atlanta-georgia-10-20-2026/event/0E00648DBD4AA7DF,1,Atlanta,33.757796,-84.394569
The Bulwark,2026-10-20,8:00 PM,"The Eastern - Atlanta, Atlanta",,Concert / Live Music,https://seatgeek.com/the-bulwark-tickets/atlanta-georgia-the-eastern-atlanta-2026-10-20-8-pm/concert/18623036,,seatgeek: https://seatgeek.com/the-bulwark-tickets/atlanta-georgia-the-eastern-atlanta-2026-10-20-8-pm/concert/18623036,1,Atlanta,33.7454,-84.3606
The Christmas Carnival at Selfie Paradise Museum,2026-10-20,1:00 PM,"Selfie Paradise Museum, Douglasville",,Festival,https://www.universe.com/events/the-christmas-carnival-at-selfie-paradise-museum-tickets-7PQG9Y?ref=ticketmaster,,ticketmaster: https://www.universe.com/events/the-christmas-carnival-at-selfie-paradise-museum-tickets-7PQG9Y?ref=ticketmaster | ticketmaster: https://www.universe.com/events/the-christmas-carnival-at-selfie-paradise-museum-tickets-7PQG9Y?ref=ticketmaster | ticketmaster: https://www.universe.com/events/the-christmas-carnival-at-selfie-paradise-museum-tickets-7PQG9Y?ref=ticketmaster | ticketmaster: https://www.universe.com/events/the-christmas-carnival-at-selfie-paradise-museum-tickets-7PQG9Y?ref=ticketmaster | ticketmaster: https://www.universe.com/events/the-christmas-carnival-at-selfie-paradise-museum-tickets-7PQG9Y?ref=ticketmaster | ticketmaster: https://www.universe.com/events/the-christmas-carnival-at-selfie-paradise-museum-tickets-7PQG9Y?ref=ticketmaster,6,Atlanta,33.728206,-84.743421
The Linda Lindas with Grace Bowers,2026-10-20,8:00 PM,"Terminal West, Atlanta",,Sports & Fitness,https://www.ticketmaster.com/event/Z7r9jZ1AAZAu8,,ticketmaster: https://www.ticketmaster.com/event/Z7r9jZ1AAZAu8 | seatgeek: https://seatgeek.com/the-linda-lindas-tickets/atlanta-georgia-terminal-west-2026-10-20-8-pm/concert/18371290,2,Atlanta,33.791901,-84.446404
The Residents,2026-10-20,8:00 PM,"Buckhead Theatre, Atlanta",,Concert / Live Music,https://seatgeek.com/the-residents-tickets/atlanta-georgia-buckhead-theatre-2026-10-20-8-pm/concert/18374966,,seatgeek: https://seatgeek.com/the-residents-tickets/atlanta-georgia-buckhead-theatre-2026-10-20-8-pm/concert/18374966,1,Atlanta,33.8403,-84.3797
"The Residents ""ESKIMO LIVE""",2026-10-20,8:00 PM,"Buckhead Theatre, Atlanta",,Concert / Live Music,https://www.ticketmaster.com/the-residents-eskimo-live-atlanta-georgia-10-20-2026/event/0E0064EAC788D352,"This is a fully reserved, seated event. All ages welcome. Doors at 7 PM. Show at 8 PM.",ticketmaster: https://www.ticketmaster.com/the-residents-eskimo-live-atlanta-georgia-10-20-2026/event/0E0064EAC788D352,1,Atlanta,33.8402272,-84.3795437
Tours: Truist Park,2026-10-20,2:00 PM,"Truist Park, Atlanta",,Concert / Live Music,https://www.ticketmaster.com/tours-truist-park-atlanta-georgia-10-20-2026/event/0E00651194D661FA,"Tours begin based on the following schedule: In-Season (April-September/Playoffs) Monday - Saturday : 10:00am, 11:00am, Noon, 1:00pm, 2:00pm Sundays: 1:00pm, 3:00pm Off-Season (Oct-Mar) Mon-Sat: 10:00am, 12:00pm, 2:00pm Tours are 90 minutes in length. No Tours are given if a day game is being played. Please be sure to not only select the correct number and types of tickets, but also the time you want to attend.",ticketmaster: https://www.ticketmaster.com/tours-truist-park-atlanta-georgia-10-20-2026/event/0E00651194D661FA,1,Atlanta,33.890304,-84.468127
moony,2026-10-20,8:00 PM,"Smiths Olde Bar, Atlanta",,Concert / Live Music,https://seatgeek.com/moony-tickets/atlanta-georgia-smiths-olde-bar-3-2026-10-20-8-pm/concert/18645836,,seatgeek: https://seatgeek.com/moony-tickets/atlanta-georgia-smiths-olde-bar-3-2026-10-20-8-pm/concert/18645836,1,Atlanta,33.7976,-84.3688
Brendan Donegan,2026-10-21,8:00 PM,"Helium Comedy Club - Atlanta, Alpharetta",,Comedy,https://seatgeek.com/brendan-donegan-tickets/comedy/2026-10-21-8-pm/18452823,,seatgeek: https://seatgeek.com/brendan-donegan-tickets/comedy/2026-10-21-8-pm/18452823,1,Atlanta,34.0754,-84.2941
Chanpan,2026-10-21,8:00 PM,"Vinyl at Center Stage, Atlanta",,Concert / Live Music,https://seatgeek.com/chanpan-tickets/atlanta-georgia-vinyl-at-center-stage-2026-10-21-8-pm/concert/18318712,,seatgeek: https://seatgeek.com/chanpan-tickets/atlanta-georgia-vinyl-at-center-stage-2026-10-21-8-pm/concert/18318712,1,Atlanta,33.7922,-84.3883
Chanpan - autogratis North American Tour,2026-10-21,8:00 PM,"Vinyl, Atlanta",,Concert / Live Music,https://www.ticketmaster.com/chanpan-autogratis-north-american-tour-atlanta-georgia-10-21-2026/event/0E0064C2DD85760A,"Zero Mile & AEG presents: Chanpan October 21, 2026 | VINYL | General Admission | All Ages The price you see is the price you pay! All fees are included in the price you see on Ticketmaster (excluding taxes). For ADA Accommodations, email info@rivalentertainment.com. For parking information and an FAQ, visit us at centerstage-atlanta.com.",ticketmaster: https://www.ticketmaster.com/chanpan-autogratis-north-american-tour-atlanta-georgia-10-21-2026/event/0E0064C2DD85760A,1,Atlanta,33.7918926,-84.3877907
Close Your Eyes,2026-10-21,6:30 PM,"Variety Playhouse, Atlanta",,Concert / Live Music,https://www.ticketmaster.com/event/Z7r9jZ1A70yAv,,ticketmaster: https://www.ticketmaster.com/event/Z7r9jZ1A70yAv | seatgeek: https://seatgeek.com/close-your-eyes-tickets/atlanta-georgia-variety-playhouse-2026-10-21-6-30-pm/concert/18622216,2,Atlanta,33.770199,-84.334602
Dope Lemon,2026-10-21,8:00 PM,"Buckhead Theatre, Atlanta",,Concert / Live Music,https://www.ticketmaster.com/dope-lemon-atlanta-georgia-10-21-2026/event/0E006504BE6FA69A,All ages welcome. Doors at 7:00 PM. Show at 8:00 PM. Main floor is general admission standing. Balcony is reserved seating. GA floor has a pit area with limited capacity. GA ticketholders who arrive after the pit is full will be directed to other open areas on the floor.,ticketmaster: https://www.ticketmaster.com/dope-lemon-atlanta-georgia-10-21-2026/event/0E006504BE6FA69A | seatgeek: https://seatgeek.com/dope-lemon-tickets/atlanta-georgia-buckhead-theatre-2026-10-21-8-pm/concert/18472498,2,Atlanta,33.8402272,-84.3795437
Dying Fetus with Sanguisugabogg,2026-10-21,5:30 PM,"The Masquerade - Heaven, Atlanta",,Concert / Live Music,https://www.ticketmaster.com/dying-fetus-sanguisugabogg-atlanta-georgia-10-21-2026/event/0E006496AEE0CDCC,,ticketmaster: https://www.ticketmaster.com/dying-fetus-sanguisugabogg-atlanta-georgia-10-21-2026/event/0E006496AEE0CDCC | seatgeek: https://seatgeek.com/dying-fetus-tickets/atlanta-georgia-the-masquerade-heaven-2026-10-21-5-30-pm/concert/18209932,2,Atlanta,33.751769,-84.389681
Goodbye June with Danny Wood,2026-10-21,6:30 PM,"The Masquerade - Altar, Atlanta",,Concert / Live Music,https://seatgeek.com/goodbye-june-tickets/atlanta-georgia-the-masquerade-altar-2026-10-21-6-30-pm/concert/18356552,,seatgeek: https://seatgeek.com/goodbye-june-tickets/atlanta-georgia-the-masquerade-altar-2026-10-21-6-30-pm/concert/18356552,1,Atlanta,33.752,-84.3895
Goodbye June | TROUBLE FOR ALL 2026 TOUR,2026-10-21,6:30 PM,"The Masquerade - Altar, Atlanta",,Concert / Live Music,https://www.ticketmaster.com/goodbye-june-trouble-for-all-2026-atlanta-georgia-10-21-2026/event/0E0064DDBBCBA205,"We look forward to hosting you at The Masquerade! Doors are at 6:30 PM. The Masquerade is now proud to be serving food. Check our socials for the food window's schedule, pinned at the top of the feed. For more info and our FAQ, visit MASQ.com",ticketmaster: https://www.ticketmaster.com/goodbye-june-trouble-for-all-2026-atlanta-georgia-10-21-2026/event/0E0064DDBBCBA205,1,Atlanta,33.75202,-84.38945
Grace Helbig,2026-10-21,8:00 PM,"City Winery - Atlanta, Atlanta",,Comedy,https://seatgeek.com/grace-helbig-tickets/comedy/2026-10-21-8-pm/18622808,,seatgeek: https://seatgeek.com/grace-helbig-tickets/comedy/2026-10-21-8-pm/18622808,1,Atlanta,33.6651,-84.4107
Holiday Portraits: Capture the Magic at Selfie Paradise Museum,2026-10-21,12:00 PM,"Selfie Paradise Museum, Douglasville",,General,https://www.universe.com/events/holiday-portraits-capture-the-magic-at-selfie-paradise-museum-tickets-6HVT5N?ref=ticketmaster,,ticketmaster: https://www.universe.com/events/holiday-portraits-capture-the-magic-at-selfie-paradise-museum-tickets-6HVT5N?ref=ticketmaster | ticketmaster: https://www.universe.com/events/holiday-portraits-capture-the-magic-at-selfie-paradise-museum-tickets-6HVT5N?ref=ticketmaster | ticketmaster: https://www.universe.com/events/holiday-portraits-capture-the-magic-at-selfie-paradise-museum-tickets-6HVT5N?ref=ticketmaster | ticketmaster: https://www.universe.com/events/holiday-portraits-capture-the-magic-at-selfie-paradise-museum-tickets-6HVT5N?ref=ticketmaster | ticketmaster: https://www.universe.com/events/holiday-portraits-capture-the-magic-at-selfie-paradise-museum-tickets-6HVT5N?ref=ticketmaster | ticketmaster: https://www.universe.com/events/holiday-portraits-capture-the-magic-at-selfie-paradise-museum-tickets-6HVT5N?ref=ticketmaster | ticketmaster: https://www.universe.com/events/holiday-portraits-capture-the-magic-at-selfie-paradise-museum-tickets-6HVT5N?ref=ticketmaster | ticketmaster: https://www.universe.com/events/holiday-portraits-capture-the-magic-at-selfie-paradise-museum-tickets-6HVT5N?ref=ticketmaster | ticketmaster: https://www.universe.com/events/holiday-portraits-capture-the-magic-at-selfie-paradise-museum-tickets-6HVT5N?ref=ticketmaster | ticketmaster: https://www.universe.com/events/holiday-portraits-capture-the-magic-at-selfie-paradise-museum-tickets-6HVT5N?ref=ticketmaster | ticketmaster: https://www.universe.com/events/holiday-portraits-capture-the-magic-at-selfie-paradise-museum-tickets-6HVT5N?ref=ticketmaster | ticketmaster: https://www.universe.com/events/holiday-portraits-capture-the-magic-at-selfie-paradise-museum-tickets-6HVT5N?ref=ticketmaster | ticketmaster: https://www.universe.com/events/holiday-portraits-capture-the-magic-at-selfie-paradise-museum-tickets-6HVT5N?ref=ticketmaster | ticketmaster: https://www.universe.com/events/holiday-portraits-capture-the-magic-at-selfie-paradise-museum-tickets-6HVT5N?ref=ticketmaster | ticketmaster: https://www.universe.com/events/holiday-portraits-capture-the-magic-at-selfie-paradise-museum-tickets-6HVT5N?ref=ticketmaster | ticketmaster: https://www.universe.com/events/holiday-portraits-capture-the-magic-at-selfie-paradise-museum-tickets-6HVT5N?ref=ticketmaster | ticketmaster: https://www.universe.com/events/holiday-portraits-capture-the-magic-at-selfie-paradise-museum-tickets-6HVT5N?ref=ticketmaster | ticketmaster: https://www.universe.com/events/holiday-portraits-capture-the-magic-at-selfie-paradise-museum-tickets-6HVT5N?ref=ticketmaster | ticketmaster: https://www.universe.com/events/holiday-portraits-capture-the-magic-at-selfie-paradise-museum-tickets-6HVT5N?ref=ticketmaster | ticketmaster: https://www.universe.com/events/holiday-portraits-capture-the-magic-at-selfie-paradise-museum-tickets-6HVT5N?ref=ticketmaster | ticketmaster: https://www.universe.com/events/holiday-portraits-capture-the-magic-at-selfie-paradise-museum-tickets-6HVT5N?ref=ticketmaster,21,Atlanta,33.728206,-84.743421
Karina Rykman,2026-10-21,8:00 PM,"Aisle 5, Atlanta",,Concert / Live Music,https://eventim.us/a5karinarykman2026,,ticketmaster: https://eventim.us/a5karinarykman2026 | ticketmaster: https://www.ticketmaster.com/event/Z7r9jZ1A7PPaO | seatgeek: https://seatgeek.com/karina-rykman-tickets/atlanta-georgia-aisle-5-2026-10-21-8-pm/concert/18328505,3,Atlanta,33.764272,-84.350224
Kennesaw State Owls Football vs. Liberty University Flames Football,2026-10-21,,"Fifth Third Bank Stadium, Kennesaw",,Sports & Fitness,https://www.ticketmaster.com/event/Z7r9jZ1A7-Ixd,,ticketmaster: https://www.ticketmaster.com/event/Z7r9jZ1A7-Ixd,1,Atlanta,34.037399,-84.592201
Like Father,2026-10-21,7:30 PM,"Alliance Theatre, Atlanta",,General,https://www.ticketmaster.com/event/Z7r9jZ1A70M_s,,ticketmaster: https://www.ticketmaster.com/event/Z7r9jZ1A70M_s,1,Atlanta,33.797401,-84.386803
Like Father - Atlanta,2026-10-21,7:30 PM,"Hertz Stage at Alliance Theatre, Atlanta",,Arts & Theatre,https://seatgeek.com/like-father-1-tickets/theater/2026-10-21-7-30-pm/18275309,,seatgeek: https://seatgeek.com/like-father-1-tickets/theater/2026-10-21-7-30-pm/18275309,1,Atlanta,33.7896,-84.3844
OCTOBER Black Queer & Trans Artist Club - Portrait in Paper,2026-10-21,7:00 PM - 9:00 PM,"The MURPH, 561 West Whitehall Street Southwest, Atlanta, GA 30310",,Concert / Live Music,https://www.eventbrite.com/e/october-black-queer-trans-artist-club-portrait-in-paper-tickets-2002301615031,,eventbrite: https://www.eventbrite.com/e/october-black-queer-trans-artist-club-portrait-in-paper-tickets-2002301615031,1,Atlanta,33.749,-84.388
Oliver Wood,2026-10-21,7:00 PM,"Eddie's Attic, Decatur",,Concert / Live Music,https://www.ticketmaster.com/event/Z7r9jZ1A7PVO7,,ticketmaster: https://www.ticketmaster.com/event/Z7r9jZ1A7PVO7 | seatgeek: https://seatgeek.com/oliver-wood-tickets/decatur-georgia-eddie-s-attic-decatur-2026-10-21-7-pm/concert/18344445,2,Atlanta,33.7715,-84.292397
Oso Oso,2026-10-21,6:30 PM,"The Masquerade - Purgatory, Atlanta",,Food & Drink,https://www.ticketmaster.com/oso-oso-atlanta-georgia-10-21-2026/event/0E006512AF2B9E47,"We look forward to hosting you at The Masquerade! Doors are at 6:30 PM. The Masquerade is now proud to be serving food. Check our socials for the food window's schedule, pinned at the top of the feed. For more info and our FAQ, visit MASQ.com",ticketmaster: https://www.ticketmaster.com/oso-oso-atlanta-georgia-10-21-2026/event/0E006512AF2B9E47,1,Atlanta,33.75184,-84.389887
"Oso Oso with Leisure Hour, Bad Luck",2026-10-21,6:30 PM,"The Masquerade - Purgatory, Atlanta",,Concert / Live Music,https://seatgeek.com/oso-oso-tickets/atlanta-georgia-the-masquerade-purgatory-2026-10-21-6-30-pm/concert/18515196,,seatgeek: https://seatgeek.com/oso-oso-tickets/atlanta-georgia-the-masquerade-purgatory-2026-10-21-6-30-pm/concert/18515196,1,Atlanta,33.7515,-84.3899
Slow Accordion,2026-10-21,7:00 PM,"Eddie's Attic, Decatur",,Concert / Live Music,https://www.ticketmaster.com/slow-accordion-decatur-georgia-10-21-2026/event/0E0064DDD4B7C781,"SLOW ACCORDION Groove, exchange, and tone. Slow Accordion is a brand new instrumental, improvised quartet from Nashville composed of acclaimed guitarist Oliver Wood of The Wood Brothers, far out, grooving bass player, Ted Pecchio (Colonel Bruce Hampton, Doyle Bramhall), magically versatile drummer Mark Raudabaugh (Sierra Hull, Jim Lauderdale, Fred Wesley) and Matt Glassmeyer of New York and Nashville improvised scenes on his own strange Wurlitzer (Meadownoise, Lambchop, Billy Martin, Aqua Teen Hunger Force.) Their first album will be released on Royal Potato Family Records on July 16. The seve",ticketmaster: https://www.ticketmaster.com/slow-accordion-decatur-georgia-10-21-2026/event/0E0064DDD4B7C781,1,Atlanta,33.773975,-84.296271
The Christmas Carnival at Selfie Paradise Museum,2026-10-21,1:00 PM,"Selfie Paradise Museum, Douglasville",,Festival,https://www.universe.com/events/the-christmas-carnival-at-selfie-paradise-museum-tickets-7PQG9Y?ref=ticketmaster,,ticketmaster: https://www.universe.com/events/the-christmas-carnival-at-selfie-paradise-museum-tickets-7PQG9Y?ref=ticketmaster | ticketmaster: https://www.universe.com/events/the-christmas-carnival-at-selfie-paradise-museum-tickets-7PQG9Y?ref=ticketmaster | ticketmaster: https://www.universe.com/events/the-christmas-carnival-at-selfie-paradise-museum-tickets-7PQG9Y?ref=ticketmaster | ticketmaster: https://www.universe.com/events/the-christmas-carnival-at-selfie-paradise-museum-tickets-7PQG9Y?ref=ticketmaster | ticketmaster: https://www.universe.com/events/the-christmas-carnival-at-selfie-paradise-museum-tickets-7PQG9Y?ref=ticketmaster | ticketmaster: https://www.universe.com/events/the-christmas-carnival-at-selfie-paradise-museum-tickets-7PQG9Y?ref=ticketmaster,6,Atlanta,33.728206,-84.743421
The Hip Abduction,2026-10-21,7:00 PM,"Terminal West, Atlanta",,Concert / Live Music,https://seatgeek.com/the-hip-abduction-tickets/atlanta-georgia-terminal-west-2026-10-21-7-pm/concert/18156189,,seatgeek: https://seatgeek.com/the-hip-abduction-tickets/atlanta-georgia-terminal-west-2026-10-21-7-pm/concert/18156189,1,Atlanta,33.782307,-84.4164
The Ring in Concert with Georgia Symphony Orchestra,2026-10-21,8:00 PM,"Fox Theatre - Atlanta, Atlanta",,Concert / Live Music,https://www.ticketmaster.com/event/Z7r9jZ1AAZw_-,,ticketmaster: https://www.ticketmaster.com/event/Z7r9jZ1AAZw_- | seatgeek: https://seatgeek.com/the-ring-in-concert-tickets/film/2026-10-21-8-pm/18411941,2,Atlanta,33.7714,-84.377403
Tours: Truist Park,2026-10-21,2:00 PM,"Truist Park, Atlanta",,Concert / Live Music,https://www.ticketmaster.com/tours-truist-park-atlanta-georgia-10-21-2026/event/0E00651194DB620F,"Tours begin based on the following schedule: In-Season (April-September/Playoffs) Monday - Saturday : 10:00am, 11:00am, Noon, 1:00pm, 2:00pm Sundays: 1:00pm, 3:00pm Off-Season (Oct-Mar) Mon-Sat: 10:00am, 12:00pm, 2:00pm Tours are 90 minutes in length. No Tours are given if a day game is being played. Please be sure to not only select the correct number and types of tickets, but also the time you want to attend.",ticketmaster: https://www.ticketmaster.com/tours-truist-park-atlanta-georgia-10-21-2026/event/0E00651194DB620F,1,Atlanta,33.890304,-84.468127
Vidura Bandara Rajapaksa,2026-10-21,7:00 PM,"Helium Comedy Club - Atlanta, Alpharetta",,Comedy,https://seatgeek.com/vidura-bandara-rajapaksa-tickets/comedy/2026-10-21-7-pm/18588852,,seatgeek: https://seatgeek.com/vidura-bandara-rajapaksa-tickets/comedy/2026-10-21-7-pm/18588852,1,Atlanta,34.0754,-84.2941
Wishy (21+),2026-10-21,8:00 PM,"The Earl, Atlanta",,Concert / Live Music,https://seatgeek.com/wishy-tickets/atlanta-georgia-the-earl-2026-10-21-8-pm/concert/18622164,,seatgeek: https://seatgeek.com/wishy-tickets/atlanta-georgia-the-earl-2026-10-21-8-pm/concert/18622164,1,Atlanta,33.741,-84.3459
horsegiirL,2026-10-21,8:00 PM,"The Eastern-GA, Atlanta",,Concert / Live Music,https://www.ticketmaster.com/event/Z7r9jZ1A70UaO,,ticketmaster: https://www.ticketmaster.com/event/Z7r9jZ1A70UaO | seatgeek: https://seatgeek.com/horsegiirl-tickets/atlanta-georgia-the-eastern-atlanta-2026-10-21-8-pm/concert/18584509,2,Atlanta,33.7136,-84.332802
Atlanta Symphony Orchestra: America @ 250 - Rhapsody In Blue,2026-10-22,8:00 PM,"Atlanta Symphony Hall at Woodruff Arts Center, Atlanta",,Arts & Theatre,https://seatgeek.com/atlanta-symphony-orchestra-tickets/classical/2026-10-22-8-pm/18171970,,seatgeek: https://seatgeek.com/atlanta-symphony-orchestra-tickets/classical/2026-10-22-8-pm/18171970,1,Atlanta,33.7893,-84.3847
Benjamin Tod,2026-10-22,8:00 PM,"Variety Playhouse, Atlanta",,Concert / Live Music,https://www.ticketmaster.com/event/Z7r9jZ1A7rkuU,,ticketmaster: https://www.ticketmaster.com/event/Z7r9jZ1A7rkuU | seatgeek: https://seatgeek.com/benjamin-tod-tickets/atlanta-georgia-variety-playhouse-2026-10-22-8-pm/concert/17935006,2,Atlanta,33.770199,-84.334602
Brand New,2026-10-22,8:00 PM,"Fox Theatre - Atlanta, Atlanta",,Concert / Live Music,https://www.ticketmaster.com/event/Z7r9jZ1A7PYrK,,ticketmaster: https://www.ticketmaster.com/event/Z7r9jZ1A7PYrK | seatgeek: https://seatgeek.com/brand-new-tickets/atlanta-georgia-fox-theatre-atlanta-2026-10-22-8-pm/concert/18319842,2,Atlanta,33.7714,-84.377403
Buddha Trixie,2026-10-22,7:00 PM,"The Masquerade - Purgatory, Atlanta",,Food & Drink,https://www.ticketmaster.com/buddha-trixie-atlanta-georgia-10-22-2026/event/0E0064DED301BF60,"We look forward to hosting you at The Masquerade! Doors are at 7:00 PM. The Masquerade is now proud to be serving food. Check our socials for the food window's schedule, pinned at the top of the feed. For more info and our FAQ, visit MASQ.com",ticketmaster: https://www.ticketmaster.com/buddha-trixie-atlanta-georgia-10-22-2026/event/0E0064DED301BF60 | seatgeek: https://seatgeek.com/buddha-trixie-tickets/atlanta-georgia-the-masquerade-purgatory-2026-10-22-7-pm/concert/18347359,2,Atlanta,33.75184,-84.389887
Cheshire Cat Cafe,2026-10-22,7:00 PM,"Black Box Theater, Atlanta",$5.90,Arts & Theatre,https://www.ticketweb.com/event/cheshire-cat-cafe-black-box-theater-tickets/15013173,Black Box Theater. Coffeehouse.,ticketmaster: https://www.ticketweb.com/event/cheshire-cat-cafe-black-box-theater-tickets/15013173,1,Atlanta,33.780891643,-84.37088829999
Coming Together for Multilingual Children with DLD,2026-10-22,6:00 PM - 7:30 PM,,,Arts & Theatre,https://www.eventbrite.co.uk/e/coming-together-for-multilingual-children-with-dld-tickets-2002231587577,,eventbrite: https://www.eventbrite.co.uk/e/coming-together-for-multilingual-children-with-dld-tickets-2002231587577,1,Atlanta,33.749,-84.388
Corduroy Cadets w/ Wyatt Pike,2026-10-22,9:00 PM,"Eddie's Attic, Decatur",,Regatta / Maritime,https://www.ticketmaster.com/corduroy-cadets-w-wyatt-pike-decatur-georgia-10-22-2026/event/0E006511CD54ECA7,"Corduroy Cadets live at Eddie's Attic w/ Wyatt Pike! Corduroy Cadets are a Nashville-based band blending folk, bluegrass, and country into a rich, harmony-driven sound. Known for their tight vocal harmonies and inventive arrangements, the band reimagines beloved classics while showcasing original songs that highlight their musicianship and storytelling. Each member is a multi-instrumentalist and artist in their own right, creating a dynamic and versatile live performance that moves seamlessly between intimate and electrifying moments. - Joined by Wyatt Pike, an indie-folk singer/songwriter who",ticketmaster: https://www.ticketmaster.com/corduroy-cadets-w-wyatt-pike-decatur-georgia-10-22-2026/event/0E006511CD54ECA7,1,Atlanta,33.773975,-84.296271
Danny Gonzalez,2026-10-22,9:00 PM,"Helium Comedy Club - Atlanta, Alpharetta",,Concert / Live Music,https://seatgeek.com/danny-gonzalez-tickets/alpharetta-georgia-helium-comedy-club-atlanta-2026-10-22-9-pm/concert/18567461,,seatgeek: https://seatgeek.com/danny-gonzalez-tickets/alpharetta-georgia-helium-comedy-club-atlanta-2026-10-22-9-pm/concert/18567461,1,Atlanta,34.0754,-84.2941
Dent May,2026-10-22,8:00 PM,"The Drunken Unicorn, Atlanta",,Concert / Live Music,https://seatgeek.com/dent-may-tickets/atlanta-georgia-the-drunken-unicorn-2026-10-22-8-pm/concert/18622145,,seatgeek: https://seatgeek.com/dent-may-tickets/atlanta-georgia-the-drunken-unicorn-2026-10-22-8-pm/concert/18622145,1,Atlanta,33.7747,-84.3641
Georgia Ballet - Marietta,2026-10-22,7:00 PM,"Jennie T. Anderson Theatre, Marietta",,Arts & Theatre,https://seatgeek.com/georgia-ballet-tickets/dance/2026-10-22-7-pm/18622299,,seatgeek: https://seatgeek.com/georgia-ballet-tickets/dance/2026-10-22-7-pm/18622299,1,Atlanta,33.9429,-84.5374
Golden Girls: The Laughs Continue,2026-10-22,7:00 PM,"Byers Theatre - Sandy Springs Performing Arts, Sandy Springs",,Comedy,https://seatgeek.com/golden-girls-tickets/comedy/2026-10-22-7-pm/18622966,,seatgeek: https://seatgeek.com/golden-girls-tickets/comedy/2026-10-22-7-pm/18622966,1,Atlanta,33.9245,-84.3807
Holiday Portraits: Capture the Magic at Selfie Paradise Museum,2026-10-22,12:00 PM,"Selfie Paradise Museum, Douglasville",,General,https://www.universe.com/events/holiday-portraits-capture-the-magic-at-selfie-paradise-museum-tickets-6HVT5N?ref=ticketmaster,,ticketmaster: https://www.universe.com/events/holiday-portraits-capture-the-magic-at-selfie-paradise-museum-tickets-6HVT5N?ref=ticketmaster | ticketmaster: https://www.universe.com/events/holiday-portraits-capture-the-magic-at-selfie-paradise-museum-tickets-6HVT5N?ref=ticketmaster | ticketmaster: https://www.universe.com/events/holiday-portraits-capture-the-magic-at-selfie-paradise-museum-tickets-6HVT5N?ref=ticketmaster | ticketmaster: https://www.universe.com/events/holiday-portraits-capture-the-magic-at-selfie-paradise-museum-tickets-6HVT5N?ref=ticketmaster | ticketmaster: https://www.universe.com/events/holiday-portraits-capture-the-magic-at-selfie-paradise-museum-tickets-6HVT5N?ref=ticketmaster | ticketmaster: https://www.universe.com/events/holiday-portraits-capture-the-magic-at-selfie-paradise-museum-tickets-6HVT5N?ref=ticketmaster | ticketmaster: https://www.universe.com/events/holiday-portraits-capture-the-magic-at-selfie-paradise-museum-tickets-6HVT5N?ref=ticketmaster | ticketmaster: https://www.universe.com/events/holiday-portraits-capture-the-magic-at-selfie-paradise-museum-tickets-6HVT5N?ref=ticketmaster | ticketmaster: https://www.universe.com/events/holiday-portraits-capture-the-magic-at-selfie-paradise-museum-tickets-6HVT5N?ref=ticketmaster | ticketmaster: https://www.universe.com/events/holiday-portraits-capture-the-magic-at-selfie-paradise-museum-tickets-6HVT5N?ref=ticketmaster | ticketmaster: https://www.universe.com/events/holiday-portraits-capture-the-magic-at-selfie-paradise-museum-tickets-6HVT5N?ref=ticketmaster | ticketmaster: https://www.universe.com/events/holiday-portraits-capture-the-magic-at-selfie-paradise-museum-tickets-6HVT5N?ref=ticketmaster | ticketmaster: https://www.universe.com/events/holiday-portraits-capture-the-magic-at-selfie-paradise-museum-tickets-6HVT5N?ref=ticketmaster | ticketmaster: https://www.universe.com/events/holiday-portraits-capture-the-magic-at-selfie-paradise-museum-tickets-6HVT5N?ref=ticketmaster | ticketmaster: https://www.universe.com/events/holiday-portraits-capture-the-magic-at-selfie-paradise-museum-tickets-6HVT5N?ref=ticketmaster | ticketmaster: https://www.universe.com/events/holiday-portraits-capture-the-magic-at-selfie-paradise-museum-tickets-6HVT5N?ref=ticketmaster | ticketmaster: https://www.universe.com/events/holiday-portraits-capture-the-magic-at-selfie-paradise-museum-tickets-6HVT5N?ref=ticketmaster | ticketmaster: https://www.universe.com/events/holiday-portraits-capture-the-magic-at-selfie-paradise-museum-tickets-6HVT5N?ref=ticketmaster | ticketmaster: https://www.universe.com/events/holiday-portraits-capture-the-magic-at-selfie-paradise-museum-tickets-6HVT5N?ref=ticketmaster | ticketmaster: https://www.universe.com/events/holiday-portraits-capture-the-magic-at-selfie-paradise-museum-tickets-6HVT5N?ref=ticketmaster | ticketmaster: https://www.universe.com/events/holiday-portraits-capture-the-magic-at-selfie-paradise-museum-tickets-6HVT5N?ref=ticketmaster,21,Atlanta,33.728206,-84.743421
Home Front,2026-10-22,8:00 PM,"Aisle 5, Atlanta",,Concert / Live Music,https://seatgeek.com/home-front-tickets/atlanta-georgia-aisle-5-2026-10-22-8-pm/concert/18622317,,seatgeek: https://seatgeek.com/home-front-tickets/atlanta-georgia-aisle-5-2026-10-22-8-pm/concert/18622317,1,Atlanta,33.7643,-84.3502
Julia Leahy,2026-10-22,7:30 PM,"Helium Comedy Club - Atlanta, Alpharetta",,Comedy,https://seatgeek.com/julia-leahy-tickets/comedy/2026-10-22-7-30-pm/18453224,,seatgeek: https://seatgeek.com/julia-leahy-tickets/comedy/2026-10-22-7-30-pm/18453224,1,Atlanta,34.0754,-84.2941
Katt Williams - On Book Tour,2026-10-22,8:00 PM,"Tabernacle Presented by iTHINK Financial, Atlanta",,Concert / Live Music,https://www.ticketmaster.com/katt-williams-on-book-tour-atlanta-georgia-10-22-2026/event/0E006519ACF5AA41,"For anyone who's ever been told their dreams were too loud, join Emmy-winning comedian Katt Williams for a conversation on resilience and faith, filled with the unapologetic humor that has defined his iconic career. In celebration of his raw and unfiltered memoir, NINE LIVES, NO WIVES, AND 69 CONCUBINES, Katt will take fans along on his wild ride from homelessness to Hollywood, reflecting on his refusal to fail. In conversation with special guests, Katt reveals the grit and unwavering self-belief that transformed him into the five-foot-five giant of comedy while simultaneously exposing the tho",ticketmaster: https://www.ticketmaster.com/katt-williams-on-book-tour-atlanta-georgia-10-22-2026/event/0E006519ACF5AA41 | seatgeek: https://seatgeek.com/katt-williams-tickets/comedy/2026-10-22-8-pm/18577961,2,Atlanta,33.758688,-84.391449
Liberty Flames at Kennesaw State Owls Football,2026-10-22,7:00 PM,"Fifth Third Stadium, Kennesaw",,Sports & Fitness,https://seatgeek.com/kennesaw-state-owls-football-tickets/ncaa-football/2026-10-22-7-pm/18169306,,seatgeek: https://seatgeek.com/kennesaw-state-owls-football-tickets/ncaa-football/2026-10-22-7-pm/18169306,1,Atlanta,34.0289,-84.5676
Like Father,2026-10-22,7:30 PM,"Alliance Theatre, Atlanta",,General,https://www.ticketmaster.com/event/Z7r9jZ1A70M_w,,ticketmaster: https://www.ticketmaster.com/event/Z7r9jZ1A70M_w,1,Atlanta,33.797401,-84.386803
Like Father - Atlanta,2026-10-22,7:30 PM,"Hertz Stage at Alliance Theatre, Atlanta",,Arts & Theatre,https://seatgeek.com/like-father-1-tickets/theater/2026-10-22-7-30-pm/18275310,,seatgeek: https://seatgeek.com/like-father-1-tickets/theater/2026-10-22-7-30-pm/18275310,1,Atlanta,33.7896,-84.3844
Live Music,2026-10-22,7:00 PM,"Eddie's Attic - Decatur, Decatur",,Concert / Live Music,https://seatgeek.com/live-music-tickets/decatur-georgia-eddie-s-attic-decatur-2026-10-22-7-pm/concert/18555248,,seatgeek: https://seatgeek.com/live-music-tickets/decatur-georgia-eddie-s-attic-decatur-2026-10-22-7-pm/concert/18555248,1,Atlanta,33.7739,-84.2964
"Live Music with Folk Music, Folk Tales",2026-10-22,9:00 PM,"Eddie's Attic - Decatur, Decatur",,Concert / Live Music,https://seatgeek.com/live-music-tickets/decatur-georgia-eddie-s-attic-decatur-2026-10-22-9-pm/concert/18511962,,seatgeek: https://seatgeek.com/live-music-tickets/decatur-georgia-eddie-s-attic-decatur-2026-10-22-9-pm/concert/18511962,1,Atlanta,33.7739,-84.2964
Mastodon w/ Deafheaven,2026-10-22,7:00 PM,"The Eastern-GA, Atlanta",,Concert / Live Music,https://www.ticketmaster.com/event/Z7r9jZ1A7Pd4J,,ticketmaster: https://www.ticketmaster.com/event/Z7r9jZ1A7Pd4J,1,Atlanta,33.7136,-84.332802
Mastodon with Defheaven and Alcest,2026-10-22,7:00 PM,"The Eastern - Atlanta, Atlanta",,Concert / Live Music,https://seatgeek.com/mastodon-tickets/atlanta-georgia-the-eastern-atlanta-2026-10-22-7-pm/concert/18281981,,seatgeek: https://seatgeek.com/mastodon-tickets/atlanta-georgia-the-eastern-atlanta-2026-10-22-7-pm/concert/18281981,1,Atlanta,33.7454,-84.3606
PeelingFlesh,2026-10-22,6:00 PM,"The Masquerade - Heaven, Atlanta",,Food & Drink,https://www.ticketmaster.com/peelingflesh-atlanta-georgia-10-22-2026/event/0E0064F8D832E154,"We look forward to hosting you at The Masquerade! Doors are at 6:00 PM. The Masquerade is now proud to be serving food. Check our socials for the food window's schedule, pinned at the top of the feed. For more info and our FAQ, visit MASQ.com",ticketmaster: https://www.ticketmaster.com/peelingflesh-atlanta-georgia-10-22-2026/event/0E0064F8D832E154,1,Atlanta,33.751769,-84.389681
PeelingFlesh with Gridiron,2026-10-22,6:00 PM,"The Masquerade - Heaven, Atlanta",,Concert / Live Music,https://seatgeek.com/peelingflesh-tickets/atlanta-georgia-the-masquerade-heaven-2026-10-22-6-pm/concert/18414293,,seatgeek: https://seatgeek.com/peelingflesh-tickets/atlanta-georgia-the-masquerade-heaven-2026-10-22-6-pm/concert/18414293,1,Atlanta,33.7518,-84.3897
Peter Bjorn and John,2026-10-22,8:00 PM,"Vinyl, Atlanta",,Concert / Live Music,https://www.ticketmaster.com/peter-bjorn-and-john-atlanta-georgia-10-22-2026/event/0E0064C8998E7B4A,"Rival presents: Peter Bjorn and John Writer's Block 20th Anniversary Tour October 22, 2026 | Vinyl | General Admission | All Ages The price you see is the price you pay! All fees are included in the price you see on Ticketmaster (excluding taxes). For ADA Accommodations, email info@rivalentertainment.com. For parking information and an FAQ, visit us at centerstage-atlanta.com.",ticketmaster: https://www.ticketmaster.com/peter-bjorn-and-john-atlanta-georgia-10-22-2026/event/0E0064C8998E7B4A | seatgeek: https://seatgeek.com/peter-bjorn-and-john-tickets/atlanta-georgia-the-loft-at-center-stage-2026-10-22-8-pm/concert/18296873,2,Atlanta,33.7918926,-84.3877907
Rhapsody in Blue with the ASO,2026-10-22,8:00 PM,"Atlanta Symphony Hall, Atlanta",,Concert / Live Music,https://www.ticketmaster.com/rhapsody-in-blue-with-the-aso-atlanta-georgia-10-22-2026/event/0E0064D7CFA2DDB9,"It's known as ""the great American opera."" Since 1935, Porgy and Bess has rippled through American culture in the hands of artists such as Maya Angelou, Miles Davis, Janis Joplin, and Sublime. And it's no surprise. No one could write a tune like George Gershwin. Not quite jazz and not quite classical, the beguiling sounds of Porgy, plus the watershed Rhapsody in Blue, render the spirit of New York City into irresistible, toe-tapping fun. After intermission, the orchestra drops into overdrive for Carl Nielsen's indomitable Fourth Symphony, nicknamed The Inextinguishable. The Orchestra welcomes t",ticketmaster: https://www.ticketmaster.com/rhapsody-in-blue-with-the-aso-atlanta-georgia-10-22-2026/event/0E0064D7CFA2DDB9,1,Atlanta,33.790098,-84.385493
Ryan Devlin Quartet,2026-10-22,7:00 PM,"Eddie's Attic, Decatur",,Concert / Live Music,https://www.ticketmaster.com/ryan-devlin-quartet-decatur-georgia-10-22-2026/event/0E006522CE7B1A2E,"Ryan Devlin Quartet live at Eddie's Attic! This straight-ahead jazz quartet brings a fiery and energetic set of music inspired by artists such as David Liebman, Jerry Bergonzi, McCoy Tyner, John Coltrane, Steve Grossman, and more. Joined by Marc Payne on piano, Ian Ashby on bass, and Caleb Montague on drums. Ryan Devlin is a saxophonist and woodwind educator from Orlando, Florida who earned his Master of Music in Jazz Performance from the New England Conservatory, where he studied with renowned saxophonist Jerry Bergonzi. A member of the Dave Weckl-Tom Kennedy Project and featured soloist with",ticketmaster: https://www.ticketmaster.com/ryan-devlin-quartet-decatur-georgia-10-22-2026/event/0E006522CE7B1A2E,1,Atlanta,33.773975,-84.296271
SOMBR - You Are The Reason Tour,2026-10-22,7:00 PM,"State Farm Arena, Atlanta",,Concert / Live Music,https://www.ticketmaster.com/sombr-you-are-the-reason-tour-atlanta-georgia-10-22-2026/event/0E006488A7A4A5DF,,ticketmaster: https://www.ticketmaster.com/sombr-you-are-the-reason-tour-atlanta-georgia-10-22-2026/event/0E006488A7A4A5DF,1,Atlanta,33.757796,-84.394569
Stryper,2026-10-22,8:00 PM,"Center Stage Theater, Atlanta",,Concert / Live Music,https://www.ticketmaster.com/stryper-atlanta-georgia-10-22-2026/event/0E00648E451ABD54,"Masquerade presents: Stryper October 22, 2026 | CENTER STAGE | General Admission | All Ages The price you see is the price you pay! All fees are included in the price you see on Ticketmaster (excluding taxes). For ADA Accommodations, email info@rivalentertainment.com. For parking information and an FAQ, visit us at centerstage-atlanta.com.",ticketmaster: https://www.ticketmaster.com/stryper-atlanta-georgia-10-22-2026/event/0E00648E451ABD54 | seatgeek: https://seatgeek.com/stryper-tickets/atlanta-georgia-center-stage-theater-atlanta-2026-10-22-8-pm/concert/18180253,2,Atlanta,33.7918926,-84.3877907
"TBD at Atlanta Dream - WNBA Finals (Game 3, Home Game 1)",2026-10-22,,"State Farm Arena, Atlanta",,Sports & Fitness,https://seatgeek.com/atlanta-dream-tickets/wnba/2026-10-22-3-30-am/18471098,,seatgeek: https://seatgeek.com/atlanta-dream-tickets/wnba/2026-10-22-3-30-am/18471098,1,Atlanta,33.7566,-84.3969
Texas Is the Reason,2026-10-22,6:30 PM,"The Masquerade - Hell, Atlanta",,Food & Drink,https://www.ticketmaster.com/texas-is-the-reason-atlanta-georgia-10-22-2026/event/0E006518A88EA4C4,"We look forward to hosting you at The Masquerade! Doors are at 6:30 PM. The Masquerade is now proud to be serving food. Check our socials for the food window's schedule, pinned at the top of the feed. For more info and our FAQ, visit MASQ.com",ticketmaster: https://www.ticketmaster.com/texas-is-the-reason-atlanta-georgia-10-22-2026/event/0E006518A88EA4C4 | seatgeek: https://seatgeek.com/texas-is-the-reason-tickets/atlanta-georgia-the-masquerade-hell-2026-10-22-6-30-pm/concert/18622107,2,Atlanta,33.75184,-84.389887
The Christmas Carnival at Selfie Paradise Museum,2026-10-22,1:00 PM,"Selfie Paradise Museum, Douglasville",,Festival,https://www.universe.com/events/the-christmas-carnival-at-selfie-paradise-museum-tickets-7PQG9Y?ref=ticketmaster,,ticketmaster: https://www.universe.com/events/the-christmas-carnival-at-selfie-paradise-museum-tickets-7PQG9Y?ref=ticketmaster | ticketmaster: https://www.universe.com/events/the-christmas-carnival-at-selfie-paradise-museum-tickets-7PQG9Y?ref=ticketmaster | ticketmaster: https://www.universe.com/events/the-christmas-carnival-at-selfie-paradise-museum-tickets-7PQG9Y?ref=ticketmaster | ticketmaster: https://www.universe.com/events/the-christmas-carnival-at-selfie-paradise-museum-tickets-7PQG9Y?ref=ticketmaster | ticketmaster: https://www.universe.com/events/the-christmas-carnival-at-selfie-paradise-museum-tickets-7PQG9Y?ref=ticketmaster | ticketmaster: https://www.universe.com/events/the-christmas-carnival-at-selfie-paradise-museum-tickets-7PQG9Y?ref=ticketmaster,6,Atlanta,33.728206,-84.743421
The Hip Abduction,2026-10-22,7:00 PM,"Terminal West, Atlanta",,Concert / Live Music,https://seatgeek.com/the-hip-abduction-tickets/atlanta-georgia-terminal-west-2026-10-22-7-pm/concert/18167770,,seatgeek: https://seatgeek.com/the-hip-abduction-tickets/atlanta-georgia-terminal-west-2026-10-22-7-pm/concert/18167770,1,Atlanta,33.782307,-84.4164
The Hip Abduction w/ SensaMotion,2026-10-22,7:00 PM,"Terminal West, Atlanta",,Concert / Live Music,https://www.ticketmaster.com/event/Z7r9jZ1A7-gu4,,ticketmaster: https://www.ticketmaster.com/event/Z7r9jZ1A7-gu4,1,Atlanta,33.791901,-84.446404
Tours: Truist Park,2026-10-22,2:00 PM,"Truist Park, Atlanta",,Concert / Live Music,https://www.ticketmaster.com/tours-truist-park-atlanta-georgia-10-22-2026/event/0E00651194E1623B,"Tours begin based on the following schedule: In-Season (April-September/Playoffs) Monday - Saturday : 10:00am, 11:00am, Noon, 1:00pm, 2:00pm Sundays: 1:00pm, 3:00pm Off-Season (Oct-Mar) Mon-Sat: 10:00am, 12:00pm, 2:00pm Tours are 90 minutes in length. No Tours are given if a day game is being played. Please be sure to not only select the correct number and types of tickets, but also the time you want to attend.",ticketmaster: https://www.ticketmaster.com/tours-truist-park-atlanta-georgia-10-22-2026/event/0E00651194E1623B,1,Atlanta,33.890304,-84.468127
Up Tempo Teen Night - America @ 250: Rhapsody in Blue,2026-10-22,6:45 PM,"Woodruff Arts Center, Atlanta",,Concert / Live Music,https://www.ticketmaster.com/up-tempo-teen-night-america-250-atlanta-georgia-10-22-2026/event/0E00649CC3458073,"Weekend or Evening Event | Goizueta Stage for Youth and Families | Grades 6 to 12 An enhanced concert experience with a pre-concert chat introducing the music, plus guest artist insights, a teen performance, and an interactive Q&A, all led by an UpTempo host. Guests then attend the evening's concert with their peers, creating a memorable experience with the Atlanta Symphony Orchestra.",ticketmaster: https://www.ticketmaster.com/up-tempo-teen-night-america-250-atlanta-georgia-10-22-2026/event/0E00649CC3458073,1,Atlanta,33.7971137,-84.3804888
Vivian Green,2026-10-22,8:00 PM,"City Winery - Atlanta, Atlanta",,Concert / Live Music,https://seatgeek.com/vivian-green-tickets/atlanta-georgia-city-winery-atlanta-2026-10-22-8-pm/concert/18622810,,seatgeek: https://seatgeek.com/vivian-green-tickets/atlanta-georgia-city-winery-atlanta-2026-10-22-8-pm/concert/18622810,1,Atlanta,33.6651,-84.4107
kwn,2026-10-22,8:00 PM,"Coca-Cola Roxy Theatre, Atlanta",,Concert / Live Music,https://seatgeek.com/kwn-tickets/atlanta-georgia-coca-cola-roxy-theatre-2026-10-22-8-pm/concert/18572274,,seatgeek: https://seatgeek.com/kwn-tickets/atlanta-georgia-coca-cola-roxy-theatre-2026-10-22-8-pm/concert/18572274,1,Atlanta,33.8903,-84.4697
kwn: wn night only,2026-10-22,8:00 PM,"Coca-Cola Roxy, Atlanta",,Concert / Live Music,https://www.ticketmaster.com/kwn-wn-night-only-atlanta-georgia-10-22-2026/event/0E00652311F8657D,"All ages welcome. Doors: 7:00pm Show: 8:00pm The main floor is general admission, standing room only. The balcony is reserved, assigned seating.",ticketmaster: https://www.ticketmaster.com/kwn-wn-night-only-atlanta-georgia-10-22-2026/event/0E00652311F8657D,1,Atlanta,33.89024,-84.469717
sombr with The Last Dinner Party and The Hellp,2026-10-22,7:00 PM,"State Farm Arena, Atlanta",,Concert / Live Music,https://seatgeek.com/sombr-tickets/atlanta-georgia-state-farm-arena-1-2026-10-22-7-pm/concert/18175579,,seatgeek: https://seatgeek.com/sombr-tickets/atlanta-georgia-state-farm-arena-1-2026-10-22-7-pm/concert/18175579,1,Atlanta,33.7566,-84.3969
8 Rooms of Terror Experience,2026-10-23,5:00 PM,"Selfie Paradise Museum, Douglasville",,General,https://www.universe.com/events/8-rooms-of-terror-experience-tickets-BND7L9?ref=ticketmaster,,ticketmaster: https://www.universe.com/events/8-rooms-of-terror-experience-tickets-BND7L9?ref=ticketmaster | ticketmaster: https://www.universe.com/events/8-rooms-of-terror-experience-tickets-BND7L9?ref=ticketmaster | ticketmaster: https://www.universe.com/events/8-rooms-of-terror-experience-tickets-BND7L9?ref=ticketmaster | ticketmaster: https://www.universe.com/events/8-rooms-of-terror-experience-tickets-BND7L9?ref=ticketmaster,4,Atlanta,33.728206,-84.743421
Alana Springsteen,2026-10-23,8:00 PM,"Vinyl, Atlanta",,Concert / Live Music,https://www.ticketmaster.com/alana-springsteen-atlanta-georgia-10-23-2026/event/0E00649CAF4F2ACF,"Rival presents: Alana Springsteen Hope this Helps Tour October 23, 2026 | Vinyl | General Admission | All Ages The price you see is the price you pay! All fees are included in the price you see on Ticketmaster (excluding taxes). For ADA Accommodations, email info@rivalentertainment.com. For parking information and an FAQ, visit us at centerstage-atlanta.com.",ticketmaster: https://www.ticketmaster.com/alana-springsteen-atlanta-georgia-10-23-2026/event/0E00649CAF4F2ACF | seatgeek: https://seatgeek.com/alana-springsteen-tickets/atlanta-georgia-vinyl-at-center-stage-2026-10-23-8-pm/concert/18222769,2,Atlanta,33.7918926,-84.3877907
Alice Smith,2026-10-23,6:00 PM,"City Winery - Atlanta, Atlanta",,Concert / Live Music,https://seatgeek.com/alice-smith-tickets/atlanta-georgia-city-winery-atlanta-2026-10-23-6-pm/concert/18622812,,seatgeek: https://seatgeek.com/alice-smith-tickets/atlanta-georgia-city-winery-atlanta-2026-10-23-6-pm/concert/18622812 | seatgeek: https://seatgeek.com/alice-smith-tickets/atlanta-georgia-city-winery-atlanta-2026-10-23-10-pm/concert/18622814,2,Atlanta,33.6651,-84.4107
All Smiles - Atlanta,2026-10-23,11:16 AM,"Selig Family Black Box Theatre at Alliance Theatre, Atlanta",,Fair / Popup,https://seatgeek.com/all-smiles-tickets/family/2026-10-23-11-16-am/18275378,,seatgeek: https://seatgeek.com/all-smiles-tickets/family/2026-10-23-11-16-am/18275378,1,Atlanta,33.789246,-84.38541
American Patchwork Quartet,2026-10-23,7:00 PM,"Roswell Cultural Arts Center, Roswell",,Concert / Live Music,https://seatgeek.com/american-patchwork-quartet-tickets/roswell-georgia-roswell-cultural-arts-center-2026-10-23-7-pm/concert/18622366,,seatgeek: https://seatgeek.com/american-patchwork-quartet-tickets/roswell-georgia-roswell-cultural-arts-center-2026-10-23-7-pm/concert/18622366,1,Atlanta,34.0236,-84.358
CeCe Winans - COME WORSHIP! Tour,2026-10-23,7:00 PM,"Gas South Arena, Duluth",,Concert / Live Music,https://www.ticketmaster.com/cece-winans-come-worship-tour-duluth-georgia-10-23-2026/event/0E006454A758C390,"The ""COME WORSHIP! Tour"" is an invitation from CeCe Winans to bring together audiences of every generation, ethnicity, and denomination while worshipping Jesus as a unified congregation. Winans is excited to bring along some of the biggest worship leaders for an evening designed to be unlike anything audiences have experienced before. Joined by special guest Charity Gayle, whose anthems including ""Thank You Jesus for the Blood"" and ""I Speak Jesus"" have become modern worship staples, the tour creates a sacred space marked by faith, expectancy, and unity. Rounding out the night will be Red Worsh",ticketmaster: https://www.ticketmaster.com/cece-winans-come-worship-tour-duluth-georgia-10-23-2026/event/0E006454A758C390,1,Atlanta,33.9869191,-84.0907288
CeCe Winans with Charity Gayle,2026-10-23,7:00 PM,"Gas South Arena, Duluth",,Concert / Live Music,https://seatgeek.com/cece-winans-tickets/duluth-georgia-gas-south-arena-2026-10-23-7-pm/concert/18089916,,seatgeek: https://seatgeek.com/cece-winans-tickets/duluth-georgia-gas-south-arena-2026-10-23-7-pm/concert/18089916,1,Atlanta,33.9896,-84.0942
Dan and Phil,2026-10-23,7:30 PM,"Cobb Energy Performing Arts Centre, Atlanta",,Comedy,https://seatgeek.com/dan-and-phil-tickets/comedy/2026-10-23-7-30-pm/18281376,,seatgeek: https://seatgeek.com/dan-and-phil-tickets/comedy/2026-10-23-7-30-pm/18281376,1,Atlanta,33.9122,-84.5571
Dan and Phil: Hard Launch World Tour,2026-10-23,7:30 PM,"Cobb Energy Performing Arts Centre, Atlanta",,Concert / Live Music,https://www.ticketmaster.com/dan-and-phil-hard-launch-world-atlanta-georgia-10-23-2026/event/0E0064C196FF6D20,"Seats in the mezzanine and grand tier are not ADA accessible. If you need accessible seats, you should only buy seats designated as wheelchair accessible and their companion tickets in the orchestra. Please note: Anyone attending a performance at the Cobb Energy Performing Arts Centre requires a ticket, regardless of age.",ticketmaster: https://www.ticketmaster.com/dan-and-phil-hard-launch-world-atlanta-georgia-10-23-2026/event/0E0064C196FF6D20,1,Atlanta,33.8844269,-84.4583631
Dev Lemons,2026-10-23,8:00 PM,"The Loft, Atlanta",,Concert / Live Music,https://www.ticketmaster.com/dev-lemons-atlanta-georgia-10-23-2026/event/0E0064E9936C8376,"Rival presents: Dev Lemons October 23, 2026 | The Loft | General Admission | All Ages The price you see is the price you pay! All fees are included in the price you see on Ticketmaster (excluding taxes). For ADA Accommodations, email info@rivalentertainment.com. For parking information and an FAQ, visit us at centerstage-atlanta.com.",ticketmaster: https://www.ticketmaster.com/dev-lemons-atlanta-georgia-10-23-2026/event/0E0064E9936C8376 | seatgeek: https://seatgeek.com/dev-lemons-tickets/atlanta-georgia-the-loft-at-center-stage-2026-10-23-8-pm/concert/18372001,2,Atlanta,33.7918926,-84.3877907
Dev Lemons Special Stuff Package,2026-10-23,8:00 PM,"Vinyl, Atlanta",,General,https://www.ticketmaster.com/dev-lemons-special-stuff-package-atlanta-georgia-10-23-2026/event/0E006534F678116D,,ticketmaster: https://www.ticketmaster.com/dev-lemons-special-stuff-package-atlanta-georgia-10-23-2026/event/0E006534F678116D,1,Atlanta,33.7918926,-84.3877907
Donnell Rawlings,2026-10-23,7:00 PM,"Helium Comedy Club - Atlanta, Alpharetta",,Comedy,https://seatgeek.com/donnell-rawlings-tickets/comedy/2026-10-23-7-pm/18453022,,seatgeek: https://seatgeek.com/donnell-rawlings-tickets/comedy/2026-10-23-7-pm/18453022 | seatgeek: https://seatgeek.com/donnell-rawlings-tickets/comedy/2026-10-23-9-15-pm/18453025,2,Atlanta,34.0754,-84.2941
Dracula: A Ballet to Die For - (Gwinnett Ballet Theatre),2026-10-23,7:00 PM,"Gas South Theater, Duluth",,Sports & Fitness,https://www.ticketmaster.com/dracula-a-ballet-to-die-for-duluth-georgia-10-23-2026/event/0E0064D6D0B6BB2A,"Sink your teeth into a haunting weekend of passion, seduction, and suspense as Gwinnett Ballet Theatre presents Dracula...A Ballet to Die For at the Gas South District Theater. This visually stunning production brings Bram Stoker's gothic classic to life through breathtaking choreography, lavish costumes, cinematic scenery, and gripping theatrical effects. A Halloween favorite known for its immersive atmosphere, Dracula has developed a loyal following of audience members who arrive in gothic, Victorian, and vampire-inspired attire to fully embrace the experience. Set to Philip Feeney's powerfu",ticketmaster: https://www.ticketmaster.com/dracula-a-ballet-to-die-for-duluth-georgia-10-23-2026/event/0E0064D6D0B6BB2A,1,Atlanta,33.9869191,-84.0907288
Dracula: Prelude Dinner at 5:30 PM Add- On,2026-10-23,7:00 PM,"Gas South Theater, Duluth",,Arts & Theatre,https://www.ticketmaster.com/dracula-prelude-dinner-at-530-pm-duluth-georgia-10-23-2026/event/0E0064E19ABA69F8,"Kick off the evening with a three-course pre-performance dinner at the on-property Westin Atlanta-Gwinnett's Sweetsong Kitchen & Bar. Curated menu includes salad, entrée (fish, chicken or vegetarian), dessert and assorted soft drinks. Alcoholic beverages available for purchase. Seating starts at 5:30PM - reservations will be placed under the ticket purchaser's name. One meal per package ticket. Inclusive of applicable taxes and service charges. Admission ticket required for Ballet performance.",ticketmaster: https://www.ticketmaster.com/dracula-prelude-dinner-at-530-pm-duluth-georgia-10-23-2026/event/0E0064E19ABA69F8,1,Atlanta,33.9869191,-84.0907288
Flwr Chyld & Friends,2026-10-23,7:00 PM,"The Masquerade - Hell, Atlanta",,Food & Drink,https://www.ticketmaster.com/flwr-chyld-friends-atlanta-georgia-10-23-2026/event/0E006512F07A2F01,"We look forward to hosting you at The Masquerade! Doors are at 7:00 PM. The Masquerade is now proud to be serving food. Check our socials for the food window's schedule, pinned at the top of the feed. For more info and our FAQ, visit MASQ.com",ticketmaster: https://www.ticketmaster.com/flwr-chyld-friends-atlanta-georgia-10-23-2026/event/0E006512F07A2F01,1,Atlanta,33.75184,-84.389887
Garage - 1180 Peachtree St: Matt McCusker,2026-10-23,8:00 PM,"Atlanta Symphony Hall, Atlanta",,General,https://www.ticketmaster.com/garage-1180-peachtree-st-matt-mccusker-atlanta-georgia-10-23-2026/event/0E0064D0DF22F07F,Garage: 1180 Peachtree Street NE (Peachtree NE & 14th Street),ticketmaster: https://www.ticketmaster.com/garage-1180-peachtree-st-matt-mccusker-atlanta-georgia-10-23-2026/event/0E0064D0DF22F07F,1,Atlanta,33.790098,-84.385493
Georgia Ballet - Marietta,2026-10-23,7:30 PM,"Jennie T. Anderson Theatre, Marietta",,Arts & Theatre,https://seatgeek.com/georgia-ballet-tickets/dance/2026-10-23-7-30-pm/18622300,,seatgeek: https://seatgeek.com/georgia-ballet-tickets/dance/2026-10-23-7-30-pm/18622300,1,Atlanta,33.9429,-84.5374
Georgia Tech Yellow Jackets Womens Volleyball vs. Pittsburgh Panthers Womens Volleyball,2026-10-23,7:00 PM,"McCamish Pavilion, Atlanta",,Sports & Fitness,https://www.ticketmaster.com/event/Z7r9jZ1A70z-M,,ticketmaster: https://www.ticketmaster.com/event/Z7r9jZ1A70z-M | seatgeek: https://seatgeek.com/georgia-tech-yellow-jackets-womens-volleyball-tickets/womens-college-volleyball/2026-10-23-7-pm/18260016,2,Atlanta,33.775902,-84.3927
Gwinnett Ballet Theatre - Duluth,2026-10-23,7:00 PM,"Gas South Theater, Duluth",,Arts & Theatre,https://seatgeek.com/gwinnett-ballet-theatre-tickets/dance/2026-10-23-7-pm/18411775,,seatgeek: https://seatgeek.com/gwinnett-ballet-theatre-tickets/dance/2026-10-23-7-pm/18411775,1,Atlanta,33.9913,-84.0941
Holiday Portraits: Capture the Magic at Selfie Paradise Museum,2026-10-23,12:00 PM,"Selfie Paradise Museum, Douglasville",,General,https://www.universe.com/events/holiday-portraits-capture-the-magic-at-selfie-paradise-museum-tickets-6HVT5N?ref=ticketmaster,,ticketmaster: https://www.universe.com/events/holiday-portraits-capture-the-magic-at-selfie-paradise-museum-tickets-6HVT5N?ref=ticketmaster | ticketmaster: https://www.universe.com/events/holiday-portraits-capture-the-magic-at-selfie-paradise-museum-tickets-6HVT5N?ref=ticketmaster | ticketmaster: https://www.universe.com/events/holiday-portraits-capture-the-magic-at-selfie-paradise-museum-tickets-6HVT5N?ref=ticketmaster | ticketmaster: https://www.universe.com/events/holiday-portraits-capture-the-magic-at-selfie-paradise-museum-tickets-6HVT5N?ref=ticketmaster | ticketmaster: https://www.universe.com/events/holiday-portraits-capture-the-magic-at-selfie-paradise-museum-tickets-6HVT5N?ref=ticketmaster | ticketmaster: https://www.universe.com/events/holiday-portraits-capture-the-magic-at-selfie-paradise-museum-tickets-6HVT5N?ref=ticketmaster | ticketmaster: https://www.universe.com/events/holiday-portraits-capture-the-magic-at-selfie-paradise-museum-tickets-6HVT5N?ref=ticketmaster | ticketmaster: https://www.universe.com/events/holiday-portraits-capture-the-magic-at-selfie-paradise-museum-tickets-6HVT5N?ref=ticketmaster | ticketmaster: https://www.universe.com/events/holiday-portraits-capture-the-magic-at-selfie-paradise-museum-tickets-6HVT5N?ref=ticketmaster | ticketmaster: https://www.universe.com/events/holiday-portraits-capture-the-magic-at-selfie-paradise-museum-tickets-6HVT5N?ref=ticketmaster | ticketmaster: https://www.universe.com/events/holiday-portraits-capture-the-magic-at-selfie-paradise-museum-tickets-6HVT5N?ref=ticketmaster | ticketmaster: https://www.universe.com/events/holiday-portraits-capture-the-magic-at-selfie-paradise-museum-tickets-6HVT5N?ref=ticketmaster | ticketmaster: https://www.universe.com/events/holiday-portraits-capture-the-magic-at-selfie-paradise-museum-tickets-6HVT5N?ref=ticketmaster | ticketmaster: https://www.universe.com/events/holiday-portraits-capture-the-magic-at-selfie-paradise-museum-tickets-6HVT5N?ref=ticketmaster | ticketmaster: https://www.universe.com/events/holiday-portraits-capture-the-magic-at-selfie-paradise-museum-tickets-6HVT5N?ref=ticketmaster | ticketmaster: https://www.universe.com/events/holiday-portraits-capture-the-magic-at-selfie-paradise-museum-tickets-6HVT5N?ref=ticketmaster | ticketmaster: https://www.universe.com/events/holiday-portraits-capture-the-magic-at-selfie-paradise-museum-tickets-6HVT5N?ref=ticketmaster | ticketmaster: https://www.universe.com/events/holiday-portraits-capture-the-magic-at-selfie-paradise-museum-tickets-6HVT5N?ref=ticketmaster | ticketmaster: https://www.universe.com/events/holiday-portraits-capture-the-magic-at-selfie-paradise-museum-tickets-6HVT5N?ref=ticketmaster | ticketmaster: https://www.universe.com/events/holiday-portraits-capture-the-magic-at-selfie-paradise-museum-tickets-6HVT5N?ref=ticketmaster | ticketmaster: https://www.universe.com/events/holiday-portraits-capture-the-magic-at-selfie-paradise-museum-tickets-6HVT5N?ref=ticketmaster,21,Atlanta,33.728206,-84.743421
"JOSH THOMAS: JIGGLE, JIGGLE",2026-10-23,7:30 PM,"Buckhead Theatre, Atlanta",,Comedy,https://www.ticketmaster.com/josh-thomas-jiggle-jiggle-atlanta-georgia-10-23-2026/event/0E006456E48DCD6E,"This is a fully reserved, seated event. All ages welcome. Doors at 6:30 PM. Show at 7:30 PM.",ticketmaster: https://www.ticketmaster.com/josh-thomas-jiggle-jiggle-atlanta-georgia-10-23-2026/event/0E006456E48DCD6E,1,Atlanta,33.8402272,-84.3795437
Josh Thomas,2026-10-23,7:30 PM,"Buckhead Theatre, Atlanta",,Comedy,https://seatgeek.com/josh-thomas-tickets/comedy/2026-10-23-7-30-pm/18115587,,seatgeek: https://seatgeek.com/josh-thomas-tickets/comedy/2026-10-23-7-30-pm/18115587,1,Atlanta,33.8403,-84.3797
Letdown,2026-10-23,7:00 PM,"Smiths Olde Bar, Atlanta",,Concert / Live Music,https://seatgeek.com/letdown-tickets/atlanta-georgia-smiths-olde-bar-3-2026-10-23-7-pm/concert/18622921,,seatgeek: https://seatgeek.com/letdown-tickets/atlanta-georgia-smiths-olde-bar-3-2026-10-23-7-pm/concert/18622921,1,Atlanta,33.7976,-84.3688
Like Father,2026-10-23,7:30 PM,"Alliance Theatre, Atlanta",,General,https://www.ticketmaster.com/event/Z7r9jZ1A70M_S,,ticketmaster: https://www.ticketmaster.com/event/Z7r9jZ1A70M_S,1,Atlanta,33.797401,-84.386803
Like Father - Atlanta,2026-10-23,7:30 PM,"Hertz Stage at Alliance Theatre, Atlanta",,Arts & Theatre,https://seatgeek.com/like-father-1-tickets/theater/2026-10-23-7-30-pm/18275311,,seatgeek: https://seatgeek.com/like-father-1-tickets/theater/2026-10-23-7-30-pm/18275311,1,Atlanta,33.7896,-84.3844
Matt McCusker,2026-10-23,8:00 PM,"Atlanta Symphony Hall at Woodruff Arts Center, Atlanta",,Comedy,https://seatgeek.com/matt-mccusker-tickets/comedy/2026-10-23-8-pm/18328415,,seatgeek: https://seatgeek.com/matt-mccusker-tickets/comedy/2026-10-23-8-pm/18328415,1,Atlanta,33.7893,-84.3847
Matt McCusker: The Healing Frequency Tour,2026-10-23,8:00 PM,"Atlanta Symphony Hall, Atlanta",,Concert / Live Music,https://www.ticketmaster.com/matt-mccusker-the-healing-frequency-tour-atlanta-georgia-10-23-2026/event/0E0064D0DE76EF11,,ticketmaster: https://www.ticketmaster.com/matt-mccusker-the-healing-frequency-tour-atlanta-georgia-10-23-2026/event/0E0064D0DE76EF11,1,Atlanta,33.790098,-84.385493
Meduza,2026-10-23,10:00 PM,"District Atlanta, Atlanta",,Concert / Live Music,https://seatgeek.com/meduza-tickets/atlanta-georgia-district-atlanta-2026-10-23-10-pm/concert/18622962,,seatgeek: https://seatgeek.com/meduza-tickets/atlanta-georgia-district-atlanta-2026-10-23-10-pm/concert/18622962,1,Atlanta,33.812,-84.3786
Music Discovery Series Performance - Atlanta,2026-10-23,10:00 AM,"Woodruff Arts Center, Atlanta",,Concert / Live Music,https://www.ticketmaster.com/music-discovery-series-performance-atlanta-georgia-10-23-2026/event/0E00649CC954963A,"School Day Event | Goizueta Stage for Youth and Families | Grades 3 to 12 Up-close performances by ASO and community musicians in an intimate setting, paired with Q&A opportunities that give students a behind-the-scenes look at the art of music-making. Select dates include the addition of a Behind the Scenes Tour. Programs are tailored to fit each group's age and level of musical experience, designed especially for instrumental students from late elementary through high school.",ticketmaster: https://www.ticketmaster.com/music-discovery-series-performance-atlanta-georgia-10-23-2026/event/0E00649CC954963A | ticketmaster: https://www.ticketmaster.com/music-discovery-series-performance-atlanta-georgia-10-23-2026/event/0E0064A6C36A41C5 | seatgeek: https://seatgeek.com/music-discovery-series-tickets/atlanta-georgia-goizueta-stage-at-alliance-theatre-2026-10-23-10-am/concert/18275201 | seatgeek: https://seatgeek.com/music-discovery-series-tickets/atlanta-georgia-goizueta-stage-at-alliance-theatre-2026-10-23-11-15-am/concert/18275200,4,Atlanta,33.7971137,-84.3804888
Nick Shoulders,2026-10-23,8:00 PM,"Center Stage Theater, Atlanta",,Arts & Theatre,https://www.ticketmaster.com/nick-shoulders-atlanta-georgia-10-23-2026/event/0E00647FD8123C33,"Rival presents: Nick Shoulders w/ The Tennessee Stifflegs October 23, 2026 | CENTER STAGE THEATER | General Admission | All Ages The price you see is the price you pay! All fees are included in the price you see on Ticketmaster (excluding taxes). For ADA Accommodations, email info@rivalentertainment.com. For parking information and an FAQ, visit us at centerstage-atlanta.com.",ticketmaster: https://www.ticketmaster.com/nick-shoulders-atlanta-georgia-10-23-2026/event/0E00647FD8123C33 | seatgeek: https://seatgeek.com/nick-shoulders-tickets/atlanta-georgia-center-stage-theater-atlanta-2026-10-23-8-pm/concert/18165807,2,Atlanta,33.7918926,-84.3877907
Olivia Rodrigo Night - Tribute,2026-10-23,8:30 PM,"The Masquerade - Heaven, Atlanta",,Concert / Live Music,https://seatgeek.com/stan-society-tickets/atlanta-georgia-the-masquerade-heaven-2026-10-23-8-30-pm/concert/18586219,,seatgeek: https://seatgeek.com/stan-society-tickets/atlanta-georgia-the-masquerade-heaven-2026-10-23-8-30-pm/concert/18586219,1,Atlanta,33.7518,-84.3897
RAWAYANA - ¿Dónde es el after? World Tour,2026-10-23,8:00 PM,"Synovus Bank Amphitheater at Chastain Park, Atlanta",,Concert / Live Music,https://www.ticketmaster.com/rawayana-donde-es-el-after-world-atlanta-georgia-10-23-2026/event/0E00646CA45D7B23,This is a no table setup. Coolers and Carry-Ins are NOT allowed. All shows are rain or shine. Everyone must have a ticket,ticketmaster: https://www.ticketmaster.com/rawayana-donde-es-el-after-world-atlanta-georgia-10-23-2026/event/0E00646CA45D7B23,1,Atlanta,33.8768817,-84.3972168
Rawayana,2026-10-23,8:00 PM,"Synovus Bank Amphitheatre at Chastain Park, Atlanta",,Concert / Live Music,https://seatgeek.com/rawayana-tickets/atlanta-georgia-synovus-bank-amphitheatre-at-chastain-park-2026-10-23-8-pm/concert/18126466,,seatgeek: https://seatgeek.com/rawayana-tickets/atlanta-georgia-synovus-bank-amphitheatre-at-chastain-park-2026-10-23-8-pm/concert/18126466,1,Atlanta,33.8766,-84.396
Skyline Lounge - Dan and Phil,2026-10-23,7:30 PM,"Cobb Energy Performing Arts Centre, Atlanta",,Concert / Live Music,https://www.ticketmaster.com/skyline-lounge-dan-and-phil-atlanta-georgia-10-23-2026/event/0E0064C197056D32,"THIS EVENT SPACE IS FOR AGES 21 AND OLDER. Add to your experience at Cobb Energy Centre with inclusive $55.00 price at the Skyline Lounge. This premium lounge features a custom bar and ample seating. Enhance your concert experience at the Skyline Lounge at Cobb Energy Centre. Located on the Grand Tier, this exclusive space offers an airy and inviting atmosphere with a stylish and comfortable bar area. For one inclusive price, your admission includes exclusive use of the lounge starting 90 minutes prior to showtime and during intermission (when applicable), access to a dedicated bar featuring e",ticketmaster: https://www.ticketmaster.com/skyline-lounge-dan-and-phil-atlanta-georgia-10-23-2026/event/0E0064C197056D32,1,Atlanta,33.8844269,-84.4583631
Sophie Buddle,2026-10-23,7:30 PM,"Helium Comedy Club - Atlanta, Alpharetta",,Comedy,https://seatgeek.com/sophie-buddle-tickets/comedy/2026-10-23-7-30-pm/18453530,,seatgeek: https://seatgeek.com/sophie-buddle-tickets/comedy/2026-10-23-7-30-pm/18453530 | seatgeek: https://seatgeek.com/sophie-buddle-tickets/comedy/2026-10-23-9-45-pm/18453533,2,Atlanta,34.0754,-84.2941
Stan Society Presents: Olivia Rodrigo Night | 18+,2026-10-23,8:30 PM,"The Masquerade - Heaven, Atlanta",,Food & Drink,https://www.ticketmaster.com/stan-society-presents-olivia-rodrigo-night-atlanta-georgia-10-23-2026/event/0E00652AF3215AEA,"We look forward to hosting you at The Masquerade! Doors are at 8:30 PM. This event is 18+/ The Masquerade is now proud to be serving food. Check our socials for the food window's schedule, pinned at the top of the feed. For more info and our FAQ, visit MASQ.com Event time has changed from 9:00pm to 8:30pm.",ticketmaster: https://www.ticketmaster.com/stan-society-presents-olivia-rodrigo-night-atlanta-georgia-10-23-2026/event/0E00652AF3215AEA,1,Atlanta,33.751769,-84.389681
Stephen Day,2026-10-23,8:00 PM,"Terminal West, Atlanta",,Concert / Live Music,https://www.ticketmaster.com/event/Z7r9jZ1A7Px_Z,,ticketmaster: https://www.ticketmaster.com/event/Z7r9jZ1A7Px_Z | seatgeek: https://seatgeek.com/stephen-day-tickets/atlanta-georgia-terminal-west-2026-10-23-8-pm/concert/18316941,2,Atlanta,33.791901,-84.446404
Sugar,2026-10-23,8:00 PM,"The Eastern - Atlanta, Atlanta",,Concert / Live Music,https://seatgeek.com/sugar-tickets/atlanta-georgia-the-eastern-atlanta-2026-10-23-8-pm/concert/18024428,,seatgeek: https://seatgeek.com/sugar-tickets/atlanta-georgia-the-eastern-atlanta-2026-10-23-8-pm/concert/18024428,1,Atlanta,33.7454,-84.3606
Sugar w/ J. Robbins,2026-10-23,8:00 PM,"The Eastern-GA, Atlanta",,Concert / Live Music,https://www.ticketmaster.com/event/Z7r9jZ1A7OSuU,,ticketmaster: https://www.ticketmaster.com/event/Z7r9jZ1A7OSuU,1,Atlanta,33.7136,-84.332802
The Christmas Carnival at Selfie Paradise Museum,2026-10-23,1:00 PM,"Selfie Paradise Museum, Douglasville",,Festival,https://www.universe.com/events/the-christmas-carnival-at-selfie-paradise-museum-tickets-7PQG9Y?ref=ticketmaster,,ticketmaster: https://www.universe.com/events/the-christmas-carnival-at-selfie-paradise-museum-tickets-7PQG9Y?ref=ticketmaster | ticketmaster: https://www.universe.com/events/the-christmas-carnival-at-selfie-paradise-museum-tickets-7PQG9Y?ref=ticketmaster | ticketmaster: https://www.universe.com/events/the-christmas-carnival-at-selfie-paradise-museum-tickets-7PQG9Y?ref=ticketmaster | ticketmaster: https://www.universe.com/events/the-christmas-carnival-at-selfie-paradise-museum-tickets-7PQG9Y?ref=ticketmaster | ticketmaster: https://www.universe.com/events/the-christmas-carnival-at-selfie-paradise-museum-tickets-7PQG9Y?ref=ticketmaster | ticketmaster: https://www.universe.com/events/the-christmas-carnival-at-selfie-paradise-museum-tickets-7PQG9Y?ref=ticketmaster,6,Atlanta,33.728206,-84.743421
The Inhuman Condition,2026-10-23,7:00 PM,"The Masquerade - Purgatory, Atlanta",,Food & Drink,https://www.ticketmaster.com/inhuman-condition-atlanta-georgia-10-23-2026/event/0E006545F05484D5,"We look forward to hosting you at The Masquerade! Doors are at 7:00 PM. The Masquerade is now proud to be serving food. Check our socials for the food window's schedule, pinned at the top of the feed. For more info and our FAQ, visit MASQ.com",ticketmaster: https://www.ticketmaster.com/inhuman-condition-atlanta-georgia-10-23-2026/event/0E006545F05484D5 | seatgeek: https://seatgeek.com/the-inhuman-condition-tickets/atlanta-georgia-the-masquerade-purgatory-2026-10-23-7-pm/concert/18653639,2,Atlanta,33.75184,-84.389887
The Rat Utopia Experiment,2026-10-23,7:00 PM,"The Masquerade - Altar, Atlanta",,Food & Drink,https://www.ticketmaster.com/the-rat-utopia-experiment-atlanta-georgia-10-23-2026/event/0E006504D836CD0E,"We look forward to hosting you at The Masquerade! Doors are at 7:00 PM. The Masquerade is now proud to be serving food. Check our socials for the food window's schedule, pinned at the top of the feed. For more info and our FAQ, visit MASQ.com",ticketmaster: https://www.ticketmaster.com/the-rat-utopia-experiment-atlanta-georgia-10-23-2026/event/0E006504D836CD0E | seatgeek: https://seatgeek.com/the-rat-utopia-experiment-tickets/atlanta-georgia-the-masquerade-altar-2026-10-23-7-pm/concert/18473062,2,Atlanta,33.75202,-84.38945
The Troubadour Project - 70s Rock,2026-10-23,7:00 PM,"Madlife Stage & Studios, Woodstock",,Concert / Live Music,https://seatgeek.com/the-troubadour-project-70s-rock-tickets/woodstock-georgia-madlife-stage-studios-2026-10-23-7-pm/concert/18622888,,seatgeek: https://seatgeek.com/the-troubadour-project-70s-rock-tickets/woodstock-georgia-madlife-stage-studios-2026-10-23-7-pm/concert/18622888 | seatgeek: https://seatgeek.com/the-troubadour-project-70s-rock-tickets/woodstock-georgia-madlife-stage-studios-2026-10-23-9-30-pm/concert/18622889,2,Atlanta,34.0991,-84.5206
Will Varley,2026-10-23,7:00 PM,"Eddie's Attic, Decatur",,Concert / Live Music,https://www.ticketmaster.com/event/Z7r9jZ1A7PY_I,,ticketmaster: https://www.ticketmaster.com/event/Z7r9jZ1A7PY_I | seatgeek: https://seatgeek.com/will-varley-tickets/decatur-georgia-eddie-s-attic-decatur-2026-10-23-7-pm/concert/18331677,2,Atlanta,33.7715,-84.292397
Will Varley w/ Beans on Toast,2026-10-23,7:00 PM,"Eddie's Attic, Decatur",,Concert / Live Music,https://link.dice.fm/S84d47c936cd,,ticketmaster: https://link.dice.fm/S84d47c936cd,1,Atlanta,33.773975,-84.296271
kwn,2026-10-23,8:00 PM,"Coca-Cola Roxy Theatre, Atlanta",,Concert / Live Music,https://seatgeek.com/kwn-tickets/atlanta-georgia-coca-cola-roxy-theatre-2026-10-23-8-pm/concert/18653848,,seatgeek: https://seatgeek.com/kwn-tickets/atlanta-georgia-coca-cola-roxy-theatre-2026-10-23-8-pm/concert/18653848,1,Atlanta,33.8903,-84.4697
kwn: wn night only,2026-10-23,8:00 PM,"Coca-Cola Roxy, Atlanta",,Concert / Live Music,https://www.ticketmaster.com/kwn-wn-night-only-atlanta-georgia-10-23-2026/event/0E006531F4DAB722,"All ages welcome. Doors: 7:00pm Show: 8:00pm The main floor is general admission, standing room only. The balcony is reserved, assigned seating.",ticketmaster: https://www.ticketmaster.com/kwn-wn-night-only-atlanta-georgia-10-23-2026/event/0E006531F4DAB722,1,Atlanta,33.89024,-84.469717
2026 Provider Impact & Excellence Honors Gala,2026-10-24,6:00 PM - 9:00 PM,"Delta Flight Museum, 747 Woolman Place, Atlanta, GA 30354",,Faith & Community,https://www.eventbrite.com/e/2026-provider-impact-excellence-honors-gala-tickets-1997771345874,,eventbrite: https://www.eventbrite.com/e/2026-provider-impact-excellence-honors-gala-tickets-1997771345874,1,Atlanta,33.749,-84.388
8 Rooms of Terror Experience,2026-10-24,5:00 PM,"Selfie Paradise Museum, Douglasville",,General,https://www.universe.com/events/8-rooms-of-terror-experience-tickets-BND7L9?ref=ticketmaster,,ticketmaster: https://www.universe.com/events/8-rooms-of-terror-experience-tickets-BND7L9?ref=ticketmaster | ticketmaster: https://www.universe.com/events/8-rooms-of-terror-experience-tickets-BND7L9?ref=ticketmaster | ticketmaster: https://www.universe.com/events/8-rooms-of-terror-experience-tickets-BND7L9?ref=ticketmaster | ticketmaster: https://www.universe.com/events/8-rooms-of-terror-experience-tickets-BND7L9?ref=ticketmaster,4,Atlanta,33.728206,-84.743421
All Smiles - Atlanta,2026-10-24,11:16 AM,"Selig Family Black Box Theatre at Alliance Theatre, Atlanta",,Fair / Popup,https://seatgeek.com/all-smiles-tickets/family/2026-10-24-11-16-am/18275381,,seatgeek: https://seatgeek.com/all-smiles-tickets/family/2026-10-24-11-16-am/18275381,1,Atlanta,33.789246,-84.38541
Atlanta Hawks vs. Houston Rockets,2026-10-24,8:00 PM,"State Farm Arena, Atlanta",,Sports & Fitness,https://www.ticketmaster.com/atlanta-hawks-vs-houston-rockets-atlanta-georgia-10-24-2026/event/0E006505923451E7,,ticketmaster: https://www.ticketmaster.com/atlanta-hawks-vs-houston-rockets-atlanta-georgia-10-24-2026/event/0E006505923451E7 | seatgeek: https://seatgeek.com/atlanta-hawks-tickets/10-24-2026-atlanta-georgia-state-farm-arena-1/nba/18495513,2,Atlanta,33.757796,-84.394569
Atlanta Symphony Orchestra: America @ 250 - Rhapsody In Blue,2026-10-24,8:00 PM,"Atlanta Symphony Hall at Woodruff Arts Center, Atlanta",,Arts & Theatre,https://seatgeek.com/atlanta-symphony-orchestra-tickets/classical/2026-10-24-8-pm/18171974,,seatgeek: https://seatgeek.com/atlanta-symphony-orchestra-tickets/classical/2026-10-24-8-pm/18171974,1,Atlanta,33.7893,-84.3847
Atlanta United FC vs. Chicago Fire FC,2026-10-24,7:30 PM,"Mercedes-Benz Stadium, Atlanta",,Sports & Fitness,https://www.ticketmaster.com/atlanta-united-fc-vs-chicago-fire-atlanta-georgia-10-24-2026/event/0E006372B3719D30,"Please note Everyone needs a ticket for entry, except children shorter than 33 inches do not require a ticket. For quickest entry into the stadium, we strongly recommend that you do not bring a bag on event day. If a bag is necessary, the bag must adhere to our Clear Bag Policy: - Bags must be CLEAR plastic, vinyl or PVC and not exceed 12 x 6 x 12 inches. Bags cannot be tinted with color or include oversized content that prevents visibility into the clear bag. - Only non-clear bags that are smaller than 4.5 x 6.5 in will be permitted into the stadium. - Any type of non-clear bag exceeding 4.5 ",ticketmaster: https://www.ticketmaster.com/atlanta-united-fc-vs-chicago-fire-atlanta-georgia-10-24-2026/event/0E006372B3719D30 | seatgeek: https://seatgeek.com/atlanta-united-fc-tickets/mls/2026-10-24-7-30-pm/17921316,2,Atlanta,33.755389,-84.400823
CHAI RAVE ATLANTA: A DAY IN ST. TROPEZ THEME @ AZARA (FULL VENUE TAKEOVER!),2026-10-24,2:00 PM - 8:00 PM,"Azara, 550 Somerset Terrace Northeast, Atlanta, GA 30306",,Nightlife / Party,https://www.eventbrite.com/e/chai-rave-atlanta-a-day-in-st-tropez-theme-azara-full-venue-takeover-tickets-1999212706021,,eventbrite: https://www.eventbrite.com/e/chai-rave-atlanta-a-day-in-st-tropez-theme-azara-full-venue-takeover-tickets-1999212706021,1,Atlanta,33.749,-84.388
CLUB SLAYYY | 18+,2026-10-24,9:00 PM,"The Masquerade - Heaven, Atlanta",,Food & Drink,https://www.ticketmaster.com/club-slayyy-18-atlanta-georgia-10-24-2026/event/0E00653EDF3E71D8,"We look forward to hosting you at The Masquerade! Doors are at 9:00 PM. This event is strictly 18+. The Masquerade is now proud to be serving food. Check our socials for the food window's schedule, pinned at the top of the feed. For more info and our FAQ, visit MASQ.com",ticketmaster: https://www.ticketmaster.com/club-slayyy-18-atlanta-georgia-10-24-2026/event/0E00653EDF3E71D8,1,Atlanta,33.751769,-84.389681
Chasing Abbey,2026-10-24,8:00 PM,"Terminal West, Atlanta",,Arts & Theatre,https://www.ticketmaster.com/event/Z7r9jZ1A7-YvP,,ticketmaster: https://www.ticketmaster.com/event/Z7r9jZ1A7-YvP | seatgeek: https://seatgeek.com/chasing-abbey-tickets/atlanta-georgia-terminal-west-2026-10-24-8-pm/concert/18502041,2,Atlanta,33.791901,-84.446404
Color Me Caffeinated,2026-10-24,11:00 AM - 1:00 PM,"Condesa Coffee, 480 John Wesley Dobbs Avenue Northeast #Unit 100, Atlanta, GA 30312",,Nightlife / Party,https://www.eventbrite.com/e/color-me-caffeinated-tickets-2000161426670,,eventbrite: https://www.eventbrite.com/e/color-me-caffeinated-tickets-2000161426670,1,Atlanta,33.749,-84.388
DJ Shadow,2026-10-24,8:00 PM,"The Eastern-GA, Atlanta",,Nightlife / Party,https://www.ticketmaster.com/event/Z7r9jZ1A70oeb,,ticketmaster: https://www.ticketmaster.com/event/Z7r9jZ1A70oeb,1,Atlanta,33.7136,-84.332802
Donnell Rawlings,2026-10-24,7:00 PM,"Helium Comedy Club - Atlanta, Alpharetta",,Comedy,https://seatgeek.com/donnell-rawlings-tickets/comedy/2026-10-24-7-pm/18453027,,seatgeek: https://seatgeek.com/donnell-rawlings-tickets/comedy/2026-10-24-7-pm/18453027 | seatgeek: https://seatgeek.com/donnell-rawlings-tickets/comedy/2026-10-24-9-30-pm/18453031,2,Atlanta,34.0754,-84.2941
Dracula: A Ballet to Die For - (Gwinnett Ballet Theatre),2026-10-24,3:00 PM,"Gas South Theater, Duluth",,Sports & Fitness,https://www.ticketmaster.com/dracula-a-ballet-to-die-for-duluth-georgia-10-24-2026/event/0E0064D6D0BABB33,"Sink your teeth into a haunting weekend of passion, seduction, and suspense as Gwinnett Ballet Theatre presents Dracula...A Ballet to Die For at the Gas South District Theater. This visually stunning production brings Bram Stoker's gothic classic to life through breathtaking choreography, lavish costumes, cinematic scenery, and gripping theatrical effects. A Halloween favorite known for its immersive atmosphere, Dracula has developed a loyal following of audience members who arrive in gothic, Victorian, and vampire-inspired attire to fully embrace the experience. Set to Philip Feeney's powerfu",ticketmaster: https://www.ticketmaster.com/dracula-a-ballet-to-die-for-duluth-georgia-10-24-2026/event/0E0064D6D0BABB33 | ticketmaster: https://www.ticketmaster.com/dracula-a-ballet-to-die-for-duluth-georgia-10-24-2026/event/0E0064D6D0BEBB37,2,Atlanta,33.9869191,-84.0907288
Dracula: Prelude Dinner at 5:30 PM Add- On,2026-10-24,7:00 PM,"Gas South Theater, Duluth",,Arts & Theatre,https://www.ticketmaster.com/dracula-prelude-dinner-at-530-pm-duluth-georgia-10-24-2026/event/0E0064E19E8C6F67,"Kick off the evening with a three-course pre-performance dinner at the on-property Westin Atlanta-Gwinnett's Sweetsong Kitchen & Bar. Curated menu includes salad, entrée (fish, chicken or vegetarian), dessert and assorted soft drinks. Alcoholic beverages available for purchase. Seating starts at 5:30PM - reservations will be placed under the ticket purchaser's name. One meal per package ticket. Inclusive of applicable taxes and service charges. Admission ticket required for Ballet performance.",ticketmaster: https://www.ticketmaster.com/dracula-prelude-dinner-at-530-pm-duluth-georgia-10-24-2026/event/0E0064E19E8C6F67,1,Atlanta,33.9869191,-84.0907288
Dracula: The Encore Experience at 9:00 PM Add On,2026-10-24,7:00 PM,"Gas South Theater, Duluth",,Arts & Theatre,https://www.ticketmaster.com/dracula-the-encore-experience-at-900-duluth-georgia-10-24-2026/event/0E0064E1A2C376A8,Continue the evening beyond the final bow with an exclusive post-performance reception. Ticket includes light hors d'oeuvres and two complimentary drinks per guest. Additional beverages available for purchase at the bar. Hosted at the Theater immediately following the performance. Seating is limited. One guest entry per package ticket. Admission ticket required for Ballet performance.,ticketmaster: https://www.ticketmaster.com/dracula-the-encore-experience-at-900-duluth-georgia-10-24-2026/event/0E0064E1A2C376A8,1,Atlanta,33.9869191,-84.0907288
EMEI - Night at the Opera Tour,2026-10-24,8:00 PM,"Buckhead Theatre, Atlanta",,Concert / Live Music,https://www.ticketmaster.com/emei-night-at-the-opera-tour-atlanta-georgia-10-24-2026/event/0E006495B6F3E247,"All ages welcome. Doors at 7:00 PM. Show at 8:00 PM. Main floor is general admission standing. If open, balcony is general admission seating. GA floor has a pit area with limited capacity. GA ticketholders who arrive after the pit is full will be directed to other open areas on the floor or to the balcony.",ticketmaster: https://www.ticketmaster.com/emei-night-at-the-opera-tour-atlanta-georgia-10-24-2026/event/0E006495B6F3E247,1,Atlanta,33.8402272,-84.3795437
Ecca Vandal,2026-10-24,7:00 PM,"The Masquerade - Hell, Atlanta",,Food & Drink,https://www.ticketmaster.com/ecca-vandal-atlanta-georgia-10-24-2026/event/0E0064B5F9C7BFB6,"We look forward to hosting you at The Masquerade! Doors are at 7:00 PM. The Masquerade is now proud to be serving food. Check our socials for the food window's schedule, pinned at the top of the feed. For more info and our FAQ, visit MASQ.com",ticketmaster: https://www.ticketmaster.com/ecca-vandal-atlanta-georgia-10-24-2026/event/0E0064B5F9C7BFB6,1,Atlanta,33.75184,-84.389887
Ecca Vandal with Scatterbrain,2026-10-24,7:00 PM,"The Masquerade - Hell, Atlanta",,Concert / Live Music,https://seatgeek.com/ecca-vandal-tickets/atlanta-georgia-the-masquerade-hell-2026-10-24-7-pm/concert/18267957,,seatgeek: https://seatgeek.com/ecca-vandal-tickets/atlanta-georgia-the-masquerade-hell-2026-10-24-7-pm/concert/18267957,1,Atlanta,33.7522,-84.3901
Emei with Madelline,2026-10-24,8:00 PM,"Buckhead Theatre, Atlanta",,Concert / Live Music,https://seatgeek.com/emei-tickets/atlanta-georgia-buckhead-theatre-2026-10-24-8-pm/concert/18199101,,seatgeek: https://seatgeek.com/emei-tickets/atlanta-georgia-buckhead-theatre-2026-10-24-8-pm/concert/18199101,1,Atlanta,33.8403,-84.3797
EsDeeKid - Council House Rat Tour,2026-10-24,8:00 PM,"Coca-Cola Roxy, Atlanta",,Concert / Live Music,https://www.ticketmaster.com/esdeekid-council-house-rat-tour-atlanta-georgia-10-24-2026/event/0E0064F7E6D14C57,"All ages welcome. Doors: 7:00pm Show: 8:00pm The main floor is general admission, standing room only. The balcony is reserved, assigned seating.",ticketmaster: https://www.ticketmaster.com/esdeekid-council-house-rat-tour-atlanta-georgia-10-24-2026/event/0E0064F7E6D14C57,1,Atlanta,33.89024,-84.469717
EsDeeKid with Rico Ace,2026-10-24,8:00 PM,"Coca-Cola Roxy Theatre, Atlanta",,Concert / Live Music,https://seatgeek.com/esdeekid-tickets/atlanta-georgia-coca-cola-roxy-theatre-2026-10-24-8-pm/concert/18409945,,seatgeek: https://seatgeek.com/esdeekid-tickets/atlanta-georgia-coca-cola-roxy-theatre-2026-10-24-8-pm/concert/18409945,1,Atlanta,33.8903,-84.4697
Fenix TX,2026-10-24,7:00 PM,"The Masquerade - Altar, Atlanta",,Food & Drink,https://www.ticketmaster.com/fenix-tx-atlanta-georgia-10-24-2026/event/0E0064C9DFAC5F53,"We look forward to hosting you at The Masquerade! Doors are at 7:00 PM. The Masquerade is now proud to be serving food. Check our socials for the food window's schedule, pinned at the top of the feed. For more info and our FAQ, visit MASQ.com",ticketmaster: https://www.ticketmaster.com/fenix-tx-atlanta-georgia-10-24-2026/event/0E0064C9DFAC5F53 | seatgeek: https://seatgeek.com/fenix-tx-tickets/atlanta-georgia-the-masquerade-altar-2026-10-24-7-pm/concert/18301477,2,Atlanta,33.75202,-84.38945
Georgia Ballet - Marietta,2026-10-24,2:00 PM,"Jennie T. Anderson Theatre, Marietta",,Arts & Theatre,https://seatgeek.com/georgia-ballet-tickets/dance/2026-10-24-2-pm/18622303,,seatgeek: https://seatgeek.com/georgia-ballet-tickets/dance/2026-10-24-2-pm/18622303 | seatgeek: https://seatgeek.com/georgia-ballet-tickets/dance/2026-10-24-7-30-pm/18622304,2,Atlanta,33.9429,-84.5374
Georgia Tech Yellow Jackets Football vs. Boston College Eagles Football,2026-10-24,,"Bobby Dodd Stadium, Atlanta",,Sports & Fitness,https://www.ticketmaster.com/event/Z7r9jZ1A7OVoY,,ticketmaster: https://www.ticketmaster.com/event/Z7r9jZ1A7OVoY | seatgeek: https://seatgeek.com/georgia-tech-yellow-jackets-football-tickets/ncaa-football/2026-10-24-3-30-am/18033374,2,Atlanta,33.775902,-84.3927
Gold Rush Warm-Up at Hard Rock Cafe Atlanta!,2026-10-24,2:30 PM,"Hard Rock Cafe - Atlanta, Atlanta",$21.56 - $57.06,Nightlife / Party,https://www.ticketweb.com/event/gold-rush-warm-up-at-hard-rock-cafe-tickets/14330764,"Who said the party is only on game days? Join us at Hard Rock Cafe Atlanta to fill your weekend with Gold Rush maddness as we warm up for game day against the Falcons! 🏈 Enjoy a hot dog and an alcoholic drink voucher for our fans over the ages 21 and up while our live DJ spins your favorite tunes, and don't miss out on our exciting giveaways happening throughout the party! ⭐ Saturday, October 24th Sunday, October 25th 2:30 PM - 6:30 PM 10:00 AM - 12:30PM Velvet Underground Velvet Underground Buy Your Tickets Now! General Admission - Saturday Day Pass (Adult) | $30 Includes admission to Gold Ru",ticketmaster: https://www.ticketweb.com/event/gold-rush-warm-up-at-hard-rock-cafe-tickets/14330764,1,Atlanta,33.759923,-84.387158
Gwinnett Ballet Theatre - Duluth,2026-10-24,3:00 PM,"Gas South Theater, Duluth",,Arts & Theatre,https://seatgeek.com/gwinnett-ballet-theatre-tickets/dance/2026-10-24-3-pm/18411785,,seatgeek: https://seatgeek.com/gwinnett-ballet-theatre-tickets/dance/2026-10-24-3-pm/18411785 | seatgeek: https://seatgeek.com/gwinnett-ballet-theatre-tickets/dance/2026-10-24-7-pm/18411765,2,Atlanta,33.9913,-84.0941
"HYM: Fierce, Fearless & FULL OUT",2026-10-24,6:00 PM - 9:00 PM,"Xcel Talent Agency, 2093 Faulkner Road Northeast, Atlanta, GA 30324",,Nightlife / Party,https://www.eventbrite.com/e/hym-fierce-fearless-full-out-tickets-2002569688847,,eventbrite: https://www.eventbrite.com/e/hym-fierce-fearless-full-out-tickets-2002569688847,1,Atlanta,33.749,-84.388
Holiday Portraits: Capture the Magic at Selfie Paradise Museum,2026-10-24,12:30 PM,"Selfie Paradise Museum, Douglasville",,General,https://www.universe.com/events/holiday-portraits-capture-the-magic-at-selfie-paradise-museum-tickets-6HVT5N?ref=ticketmaster,,ticketmaster: https://www.universe.com/events/holiday-portraits-capture-the-magic-at-selfie-paradise-museum-tickets-6HVT5N?ref=ticketmaster | ticketmaster: https://www.universe.com/events/holiday-portraits-capture-the-magic-at-selfie-paradise-museum-tickets-6HVT5N?ref=ticketmaster | ticketmaster: https://www.universe.com/events/holiday-portraits-capture-the-magic-at-selfie-paradise-museum-tickets-6HVT5N?ref=ticketmaster | ticketmaster: https://www.universe.com/events/holiday-portraits-capture-the-magic-at-selfie-paradise-museum-tickets-6HVT5N?ref=ticketmaster | ticketmaster: https://www.universe.com/events/holiday-portraits-capture-the-magic-at-selfie-paradise-museum-tickets-6HVT5N?ref=ticketmaster | ticketmaster: https://www.universe.com/events/holiday-portraits-capture-the-magic-at-selfie-paradise-museum-tickets-6HVT5N?ref=ticketmaster | ticketmaster: https://www.universe.com/events/holiday-portraits-capture-the-magic-at-selfie-paradise-museum-tickets-6HVT5N?ref=ticketmaster | ticketmaster: https://www.universe.com/events/holiday-portraits-capture-the-magic-at-selfie-paradise-museum-tickets-6HVT5N?ref=ticketmaster | ticketmaster: https://www.universe.com/events/holiday-portraits-capture-the-magic-at-selfie-paradise-museum-tickets-6HVT5N?ref=ticketmaster | ticketmaster: https://www.universe.com/events/holiday-portraits-capture-the-magic-at-selfie-paradise-museum-tickets-6HVT5N?ref=ticketmaster | ticketmaster: https://www.universe.com/events/holiday-portraits-capture-the-magic-at-selfie-paradise-museum-tickets-6HVT5N?ref=ticketmaster | ticketmaster: https://www.universe.com/events/holiday-portraits-capture-the-magic-at-selfie-paradise-museum-tickets-6HVT5N?ref=ticketmaster | ticketmaster: https://www.universe.com/events/holiday-portraits-capture-the-magic-at-selfie-paradise-museum-tickets-6HVT5N?ref=ticketmaster | ticketmaster: https://www.universe.com/events/holiday-portraits-capture-the-magic-at-selfie-paradise-museum-tickets-6HVT5N?ref=ticketmaster | ticketmaster: https://www.universe.com/events/holiday-portraits-capture-the-magic-at-selfie-paradise-museum-tickets-6HVT5N?ref=ticketmaster,15,Atlanta,33.728206,-84.743421
Iris Presents x PermaGrin Family X MJ Lee Presents:,2026-10-24,10:00 PM - 3:00 AM,"Believe Music Hall (basement entrance), 640 Central Ave. SW, Atlanta, GA 30312",,General,https://www.eventbrite.com/e/iris-presents-x-permagrin-family-x-mj-lee-presents-tickets-1999695578305,"Iris Presents x PermaGrin Family X MJ Lee Presents: The Foundation @ Wish Lounge | Sat, Oct 24th!",eventbrite: https://www.eventbrite.com/e/iris-presents-x-permagrin-family-x-mj-lee-presents-tickets-1999695578305,1,Atlanta,33.749,-84.388
JPEGMAFIA,2026-10-24,7:30 PM,"Tabernacle Presented by iTHINK Financial, Atlanta",,Concert / Live Music,https://seatgeek.com/jpegmafia-tickets/atlanta-georgia-the-tabernacle-atlanta-2026-10-24-7-30-pm/concert/18212686,,seatgeek: https://seatgeek.com/jpegmafia-tickets/atlanta-georgia-the-tabernacle-atlanta-2026-10-24-7-30-pm/concert/18212686,1,Atlanta,33.7589,-84.3914
JPEGMAFIA: the Experimental Rap Tour,2026-10-24,7:30 PM,"Tabernacle Presented by iTHINK Financial, Atlanta",,Concert / Live Music,https://www.ticketmaster.com/jpegmafia-the-experimental-rap-tour-atlanta-georgia-10-24-2026/event/0E006489D6DDFB37,"All Ages Welcome Doors 6:30pm Show 7:30pm This show has two separate General Admission (GA) areas: The GA Floor (standing room) and the GA balconies (seated, first come first served). GA tickets purchased are for either the floor or balcony. You must remain in the section of your purchased ticket. Row A in balcony sections 201-108 are sold as reserved assigned seating. The remainder of the balconies are general admission. Guests who have purchased ADA tickets may request assistance from event staff upon arrival. If all ADA accommodations are sold out, please email the venue at tabernacle@liven",ticketmaster: https://www.ticketmaster.com/jpegmafia-the-experimental-rap-tour-atlanta-georgia-10-24-2026/event/0E006489D6DDFB37,1,Atlanta,33.758688,-84.391449
John Paul White,2026-10-24,7:00 PM,"Eddie's Attic, Decatur",,Concert / Live Music,https://www.ticketmaster.com/john-paul-white-decatur-georgia-10-24-2026/event/0E0064FEBE9BB464,"John Paul White live at Eddie's Attic! With The Hurting Kind, John Paul White has crafted a stunning album that draws on the lush, orchestrated music made in Nashville in the early 1960s. Yet these songs retain a modern feel, whether he's writing about overwhelming love, unraveling relationships, or fading memory of a loved one. White lives in Florence, Alabama, not far from Muscle Shoals. He has cultivated a music career in Nashville for two decades, first as a songwriter, then half of The Civil Wars, a groundbreaking duo that won four Grammy Awards before disbanding in 2012. Because The Civi",ticketmaster: https://www.ticketmaster.com/john-paul-white-decatur-georgia-10-24-2026/event/0E0064FEBE9BB464 | seatgeek: https://seatgeek.com/john-paul-white-tickets/decatur-georgia-eddie-s-attic-decatur-2026-10-24-7-pm/concert/18416024,2,Atlanta,33.773975,-84.296271
John Violinist,2026-10-24,8:00 PM,"Center Stage Theater, Atlanta",,Concert / Live Music,https://www.ticketmaster.com/john-violinist-atlanta-georgia-10-24-2026/event/0E00647AE4CEFDC2,"All sales are final/non-refundable for this event. For ADA Accommodations, email info@rivalentertainment.com. For parking information and an FAQ, visit us at centerstage-atlanta.com.",ticketmaster: https://www.ticketmaster.com/john-violinist-atlanta-georgia-10-24-2026/event/0E00647AE4CEFDC2 | seatgeek: https://seatgeek.com/john-violinist-tickets/atlanta-georgia-center-stage-theater-atlanta-2026-10-24-8-pm/concert/18159424 | seatgeek: https://seatgeek.com/john-violinist-tickets/atlanta-georgia-center-stage-theater-atlanta-2026-10-24-8-pm/concert/18159424,3,Atlanta,33.7918926,-84.3877907
Like Father,2026-10-24,2:00 PM,"Alliance Theatre, Atlanta",,General,https://www.ticketmaster.com/event/Z7r9jZ1A70M_g,,ticketmaster: https://www.ticketmaster.com/event/Z7r9jZ1A70M_g | ticketmaster: https://www.ticketmaster.com/event/Z7r9jZ1A70M_V,2,Atlanta,33.797401,-84.386803
Like Father - Atlanta,2026-10-24,2:00 PM,"Hertz Stage at Alliance Theatre, Atlanta",,Arts & Theatre,https://seatgeek.com/like-father-1-tickets/theater/2026-10-24-2-pm/18275312,,seatgeek: https://seatgeek.com/like-father-1-tickets/theater/2026-10-24-2-pm/18275312 | seatgeek: https://seatgeek.com/like-father-1-tickets/theater/2026-10-24-7-30-pm/18275313,2,Atlanta,33.7896,-84.3844
MADAM RADAR,2026-10-24,5:00 PM,"Eddie's Attic, Decatur",,Concert / Live Music,https://link.dice.fm/Icf8ecee65e9,,ticketmaster: https://link.dice.fm/Icf8ecee65e9 | ticketmaster: https://www.ticketmaster.com/event/Z7r9jZ1A7PV4e | seatgeek: https://seatgeek.com/madam-radar-tickets/decatur-georgia-eddie-s-attic-decatur-2026-10-24-5-pm/concert/18344443,3,Atlanta,33.773975,-84.296271
Mac and Cheese Fest - Atlanta,2026-10-24,11:00 AM,"Believe Music Hall, Atlanta",,Festival,https://seatgeek.com/mac-and-cheese-fest-tickets/entertainment/2026-10-24-11-am/18622969,,seatgeek: https://seatgeek.com/mac-and-cheese-fest-tickets/entertainment/2026-10-24-11-am/18622969,1,Atlanta,33.737,-84.3938
Miss Nelson Is Missing - Dallas,2026-10-24,2:00 PM,"Dallas Theater, Dallas",,Arts & Theatre,https://seatgeek.com/miss-nelson-is-missing-tickets/theater/2026-10-24-2-pm/18622783,,seatgeek: https://seatgeek.com/miss-nelson-is-missing-tickets/theater/2026-10-24-2-pm/18622783 | seatgeek: https://seatgeek.com/miss-nelson-is-missing-tickets/theater/2026-10-24-4-pm/18622784,2,Atlanta,33.9234,-84.8404
Moein,2026-10-24,8:00 PM,"Cobb Energy Performing Arts Centre, Atlanta",,Concert / Live Music,https://seatgeek.com/moein-tickets/atlanta-georgia-cobb-energy-performing-arts-centre-2026-10-24-8-pm/concert/18542851,,seatgeek: https://seatgeek.com/moein-tickets/atlanta-georgia-cobb-energy-performing-arts-centre-2026-10-24-8-pm/concert/18542851,1,Atlanta,33.9122,-84.5571
Moein: Live in Atlanta,2026-10-24,8:00 PM,"Cobb Energy Performing Arts Centre, Atlanta",,Concert / Live Music,https://www.ticketmaster.com/moein-live-in-atlanta-atlanta-georgia-10-24-2026/event/0E006519C01ED306,"Moein Live in Atlanta Get ready for an unforgettable evening filled with timeless music, cherished memories, and the legendary voice of Moein. We look forward to seeing you in Atlanta for a night to remember. Seats in the mezzanine and grand tier are not ADA accessible. If you need accessible seats, you should only buy seats designated as wheelchair accessible and their companion tickets in the orchestra. Please note: Anyone attending a performance at the Cobb Energy Performing Arts Centre requires a ticket, regardless of age.",ticketmaster: https://www.ticketmaster.com/moein-live-in-atlanta-atlanta-georgia-10-24-2026/event/0E006519C01ED306,1,Atlanta,33.8844269,-84.4583631
RaiNao,2026-10-24,8:00 PM,"Aisle 5, Atlanta",,Concert / Live Music,https://www.eventim.us/event/tickets/701080,,ticketmaster: https://www.eventim.us/event/tickets/701080 | ticketmaster: https://www.ticketmaster.com/event/Z7r9jZ1AAZpPA | seatgeek: https://seatgeek.com/rainao-tickets/atlanta-georgia-aisle-5-2026-10-24-8-pm/concert/18472546,3,Atlanta,33.764272,-84.350224
Rhapsody in Blue with the ASO,2026-10-24,8:00 PM,"Atlanta Symphony Hall, Atlanta",,Concert / Live Music,https://www.ticketmaster.com/rhapsody-in-blue-with-the-aso-atlanta-georgia-10-24-2026/event/0E0064D7CFA5DDC2,"It's known as ""the great American opera."" Since 1935, Porgy and Bess has rippled through American culture in the hands of artists such as Maya Angelou, Miles Davis, Janis Joplin, and Sublime. And it's no surprise. No one could write a tune like George Gershwin. Not quite jazz and not quite classical, the beguiling sounds of Porgy, plus the watershed Rhapsody in Blue, render the spirit of New York City into irresistible, toe-tapping fun. After intermission, the orchestra drops into overdrive for Carl Nielsen's indomitable Fourth Symphony, nicknamed The Inextinguishable. The Orchestra welcomes t",ticketmaster: https://www.ticketmaster.com/rhapsody-in-blue-with-the-aso-atlanta-georgia-10-24-2026/event/0E0064D7CFA5DDC2,1,Atlanta,33.790098,-84.385493
Scent Soirèe Pop Up Experience Tour 2026- Atlanta,2026-10-24,3:00 PM - 5:00 PM,"BSB Studios, 2038 Weems Road, Tucker, GA 30084",,Fair / Popup,https://www.eventbrite.com/e/scent-soiree-pop-up-experience-tour-2026-atlanta-tickets-2001927512079,Dive into scents and vibes at the Scent Soirèe Pop Up in Atlanta,eventbrite: https://www.eventbrite.com/e/scent-soiree-pop-up-experience-tour-2026-atlanta-tickets-2001927512079 | eventbrite: https://www.eventbrite.com/e/scent-soiree-pop-up-experience-tour-2026-atlanta-tickets-2001938639361,2,Atlanta,33.749,-84.388
Smidley,2026-10-24,7:00 PM,"The Masquerade - Purgatory, Atlanta",,Food & Drink,https://www.ticketmaster.com/smidley-atlanta-georgia-10-24-2026/event/0E006503A83278F5,"We look forward to hosting you at The Masquerade! Doors are at 7:00 PM. The Masquerade is now proud to be serving food. Check our socials for the food window's schedule, pinned at the top of the feed. For more info and our FAQ, visit MASQ.com",ticketmaster: https://www.ticketmaster.com/smidley-atlanta-georgia-10-24-2026/event/0E006503A83278F5 | seatgeek: https://seatgeek.com/smidley-tickets/atlanta-georgia-the-masquerade-purgatory-2026-10-24-7-pm/concert/18424398,2,Atlanta,33.75184,-84.389887
Sonic - Live in Concert,2026-10-24,7:30 PM,"Fox Theatre - Atlanta, Atlanta",,Concert / Live Music,https://www.ticketmaster.com/event/Z7r9jZ1A7PZf4,,ticketmaster: https://www.ticketmaster.com/event/Z7r9jZ1A7PZf4 | seatgeek: https://seatgeek.com/sonic-live-in-concert-tickets/atlanta-georgia-fox-theatre-atlanta-2026-10-24-7-30-pm/music-festival/18585551,2,Atlanta,33.7714,-84.377403
Sophie Buddle,2026-10-24,7:30 PM,"Helium Comedy Club - Atlanta, Alpharetta",,Comedy,https://seatgeek.com/sophie-buddle-tickets/comedy/2026-10-24-7-30-pm/18453534,,seatgeek: https://seatgeek.com/sophie-buddle-tickets/comedy/2026-10-24-7-30-pm/18453534 | seatgeek: https://seatgeek.com/sophie-buddle-tickets/comedy/2026-10-24-10-pm/18453539,2,Atlanta,34.0754,-84.2941
Sueco,2026-10-24,8:00 PM,"The Loft, Atlanta",,Concert / Live Music,https://www.ticketmaster.com/sueco-atlanta-georgia-10-24-2026/event/0E0064EE95DE6878,"Masquerade presents: Sueco October 24, 2026 | LOFT | General Admission | All Ages The price you see is the price you pay! All fees are included in the price you see on Ticketmaster (excluding taxes). For ADA Accommodations, email info@rivalentertainment.com. For parking information and an FAQ, visit us at centerstage-atlanta.com.",ticketmaster: https://www.ticketmaster.com/sueco-atlanta-georgia-10-24-2026/event/0E0064EE95DE6878,1,Atlanta,33.7918926,-84.3877907
Sueco with Jeris Johnson,2026-10-24,8:00 PM,"The Loft at Center Stage, Atlanta",,Concert / Live Music,https://seatgeek.com/sueco-tickets/atlanta-georgia-the-loft-at-center-stage-2026-10-24-8-pm/concert/18372157,,seatgeek: https://seatgeek.com/sueco-tickets/atlanta-georgia-the-loft-at-center-stage-2026-10-24-8-pm/concert/18372157,1,Atlanta,33.792,-84.3879
"TBD at Atlanta Dream - WNBA Finals (Game 4, Home Game 2)",2026-10-24,,"State Farm Arena, Atlanta",,Sports & Fitness,https://seatgeek.com/atlanta-dream-tickets/wnba/2026-10-24-3-30-am/18471102,,seatgeek: https://seatgeek.com/atlanta-dream-tickets/wnba/2026-10-24-3-30-am/18471102,1,Atlanta,33.7566,-84.3969
The Christmas Carnival at Selfie Paradise Museum,2026-10-24,1:00 PM,"Selfie Paradise Museum, Douglasville",,Festival,https://www.universe.com/events/the-christmas-carnival-at-selfie-paradise-museum-tickets-7PQG9Y?ref=ticketmaster,,ticketmaster: https://www.universe.com/events/the-christmas-carnival-at-selfie-paradise-museum-tickets-7PQG9Y?ref=ticketmaster | ticketmaster: https://www.universe.com/events/the-christmas-carnival-at-selfie-paradise-museum-tickets-7PQG9Y?ref=ticketmaster | ticketmaster: https://www.universe.com/events/the-christmas-carnival-at-selfie-paradise-museum-tickets-7PQG9Y?ref=ticketmaster | ticketmaster: https://www.universe.com/events/the-christmas-carnival-at-selfie-paradise-museum-tickets-7PQG9Y?ref=ticketmaster | ticketmaster: https://www.universe.com/events/the-christmas-carnival-at-selfie-paradise-museum-tickets-7PQG9Y?ref=ticketmaster | ticketmaster: https://www.universe.com/events/the-christmas-carnival-at-selfie-paradise-museum-tickets-7PQG9Y?ref=ticketmaster | ticketmaster: https://www.universe.com/events/the-christmas-carnival-at-selfie-paradise-museum-tickets-7PQG9Y?ref=ticketmaster,7,Atlanta,33.728206,-84.743421
The Dave Matthews Tribute Band,2026-10-24,7:00 PM,"Madlife Stage & Studios, Woodstock",,Concert / Live Music,https://seatgeek.com/dave-matthews-tribute-band-tickets/woodstock-georgia-madlife-stage-studios-2026-10-24-7-pm/concert/18219065,,seatgeek: https://seatgeek.com/dave-matthews-tribute-band-tickets/woodstock-georgia-madlife-stage-studios-2026-10-24-7-pm/concert/18219065,1,Atlanta,34.0991,-84.5206
The Greyboy Allstars,2026-10-24,8:00 PM,"Variety Playhouse, Atlanta",,Concert / Live Music,https://www.ticketmaster.com/event/Z7r9jZ1A7Pg-Z,,ticketmaster: https://www.ticketmaster.com/event/Z7r9jZ1A7Pg-Z | seatgeek: https://seatgeek.com/the-greyboy-allstars-tickets/atlanta-georgia-variety-playhouse-2026-10-24-8-pm/concert/18336787,2,Atlanta,33.770199,-84.334602
The Number Twelve Looks Like You,2026-10-24,7:00 PM,"Vinyl, Atlanta",,Concert / Live Music,https://www.ticketmaster.com/the-number-twelve-looks-like-you-atlanta-georgia-10-24-2026/event/0E0064EFA3F287F5,"Masquerade presents: The Number Twelve Looks Like You October 24, 2026 | VINYL | General Admission | All Ages The price you see is the price you pay! All fees are included in the price you see on Ticketmaster (excluding taxes). For ADA Accommodations, email info@rivalentertainment.com. For parking information and an FAQ, visit us at centerstage-atlanta.com.",ticketmaster: https://www.ticketmaster.com/the-number-twelve-looks-like-you-atlanta-georgia-10-24-2026/event/0E0064EFA3F287F5,1,Atlanta,33.7918926,-84.3877907
The Number Twelve Looks Like You with Kaonashi and Differences,2026-10-24,7:00 PM,"Vinyl at Center Stage, Atlanta",,Concert / Live Music,https://seatgeek.com/the-number-twelve-looks-like-you-tickets/atlanta-georgia-vinyl-at-center-stage-2026-10-24-7-pm/concert/18374930,,seatgeek: https://seatgeek.com/the-number-twelve-looks-like-you-tickets/atlanta-georgia-vinyl-at-center-stage-2026-10-24-7-pm/concert/18374930,1,Atlanta,33.7922,-84.3883
Vivian Green,2026-10-24,6:30 PM,"City Winery - Atlanta, Atlanta",,Concert / Live Music,https://seatgeek.com/vivian-green-tickets/atlanta-georgia-city-winery-atlanta-2026-10-24-6-30-pm/concert/18622817,,seatgeek: https://seatgeek.com/vivian-green-tickets/atlanta-georgia-city-winery-atlanta-2026-10-24-6-30-pm/concert/18622817,1,Atlanta,33.6651,-84.4107
20 Years of Nekrogoblikon with Special Guests Aborted,2026-10-25,7:00 PM,"Buckhead Theatre, Atlanta",,Concert / Live Music,https://www.ticketmaster.com/20-years-of-nekrogoblikon-with-special-atlanta-georgia-10-25-2026/event/0E0064C2272944F2,Main floor is general admission standing. Balcony is reserved seating. GA floor has a pit area with limited capacity. GA ticketholders who arrive after the pit is full will be directed to other open areas on the floor. All ages welcome. Doors at 6 PM. Show at 7 PM.,ticketmaster: https://www.ticketmaster.com/20-years-of-nekrogoblikon-with-special-atlanta-georgia-10-25-2026/event/0E0064C2272944F2,1,Atlanta,33.8402272,-84.3795437
An Evening with Kristy Lee & Garrison Starr,2026-10-25,6:00 PM,"Eddie's Attic, Decatur",,Culture / Heritage,https://www.ticketmaster.com/an-evening-with-kristy-lee-garrison-decatur-georgia-10-25-2026/event/0E0064E2D2E2CD6B,"An Evening with Kristy Lee & Garrison Starr live at Eddie's Attic! Kristy Lee isn't just a performer... she's a weather system. Born on the Gulf Coast and raised on grit, gospel, and a fierce streak of independence, her voice can hush a room one moment and shake the walls the next. On stage she's all-in, every time... raw, soulful, and unforgettable. The next time you see Kristy Lee, you might just walk away believing you've witnessed the greatest show of her life... until the next one. ""A Lucinda Williams for Gen X'ers."" - NPR Garrison Starr is a singer, songwriter, and Grammy-nominated recor",ticketmaster: https://www.ticketmaster.com/an-evening-with-kristy-lee-garrison-decatur-georgia-10-25-2026/event/0E0064E2D2E2CD6B,1,Atlanta,33.773975,-84.296271
Atlanta Symphony Orchestra - Atlanta,2026-10-25,1:30 PM,"Atlanta Symphony Hall at Woodruff Arts Center, Atlanta",,Arts & Theatre,https://seatgeek.com/atlanta-symphony-orchestra-tickets/classical/2026-10-25-1-30-pm/18416034,,seatgeek: https://seatgeek.com/atlanta-symphony-orchestra-tickets/classical/2026-10-25-1-30-pm/18416034 | seatgeek: https://seatgeek.com/atlanta-symphony-orchestra-tickets/classical/2026-10-25-3-pm/18416035,2,Atlanta,33.7893,-84.3847
BossMan Dlow,2026-10-25,7:00 PM,"Coca-Cola Roxy Theatre, Atlanta",,Concert / Live Music,https://seatgeek.com/bossman-dlow-tickets/atlanta-georgia-coca-cola-roxy-theatre-2026-10-25-7-pm/concert/18645731,,seatgeek: https://seatgeek.com/bossman-dlow-tickets/atlanta-georgia-coca-cola-roxy-theatre-2026-10-25-7-pm/concert/18645731,1,Atlanta,33.8903,-84.4697
Donnell Rawlings,2026-10-25,7:00 PM,"Helium Comedy Club - Atlanta, Alpharetta",,Comedy,https://seatgeek.com/donnell-rawlings-tickets/comedy/2026-10-25-7-pm/18453032,,seatgeek: https://seatgeek.com/donnell-rawlings-tickets/comedy/2026-10-25-7-pm/18453032,1,Atlanta,34.0754,-84.2941
Dracula: A Ballet to Die For - (Gwinnett Ballet Theatre),2026-10-25,3:00 PM,"Gas South Theater, Duluth",,Sports & Fitness,https://www.ticketmaster.com/dracula-a-ballet-to-die-for-duluth-georgia-10-25-2026/event/0E0064D6D0C2BB3A,"Sink your teeth into a haunting weekend of passion, seduction, and suspense as Gwinnett Ballet Theatre presents Dracula...A Ballet to Die For at the Gas South District Theater. This visually stunning production brings Bram Stoker's gothic classic to life through breathtaking choreography, lavish costumes, cinematic scenery, and gripping theatrical effects. A Halloween favorite known for its immersive atmosphere, Dracula has developed a loyal following of audience members who arrive in gothic, Victorian, and vampire-inspired attire to fully embrace the experience. Set to Philip Feeney's powerfu",ticketmaster: https://www.ticketmaster.com/dracula-a-ballet-to-die-for-duluth-georgia-10-25-2026/event/0E0064D6D0C2BB3A,1,Atlanta,33.9869191,-84.0907288
Georgia Tech Yellow Jackets Womens Volleyball vs. SMU Mustangs Womens Volleyball,2026-10-25,1:00 PM,"McCamish Pavilion, Atlanta",,Sports & Fitness,https://www.ticketmaster.com/event/Z7r9jZ1A70z-z,,ticketmaster: https://www.ticketmaster.com/event/Z7r9jZ1A70z-z | seatgeek: https://seatgeek.com/georgia-tech-yellow-jackets-womens-volleyball-tickets/womens-college-volleyball/2026-10-25-1-30-pm/18260021,2,Atlanta,33.775902,-84.3927
Gold Rush Tailgate Party at Hard Rock Cafe Atlanta!,2026-10-25,10:00 AM,"Hard Rock Cafe - Atlanta, Atlanta",$15.39 - $29.80,Nightlife / Party,https://www.ticketweb.com/event/gold-rush-tailgate-party-at-hard-rock-cafe-tickets/14331354,"IT'S GAME DAY ATLANTA! 🏈 Gear up for the big game and join us at Hard Rock Cafe Atlanta for an epic indoor tailgate party before making your way to the stadium to show our Gold Rush support as the 49ers take on the Falcons! ⭐ Enjoy a hot dog and alcoholic drink vouchers for our fans over the ages 21 and up while our live DJ spins your favotie tunes! Don't miss out on our exciting giveaways before you go watch your favorites take home the W! Sunday, October 25th 10 AM - 12 PM Velvet Underground Buy Your Tickets Now! General Admission - Sunday Day Pass (Adult) $25 Includes admission to Gold Rush",ticketmaster: https://www.ticketweb.com/event/gold-rush-tailgate-party-at-hard-rock-cafe-tickets/14331354,1,Atlanta,33.759923,-84.387158
Gwinnett Ballet Theatre - Duluth,2026-10-25,3:00 PM,"Gas South Theater, Duluth",,Arts & Theatre,https://seatgeek.com/gwinnett-ballet-theatre-tickets/dance/2026-10-25-3-pm/18411769,,seatgeek: https://seatgeek.com/gwinnett-ballet-theatre-tickets/dance/2026-10-25-3-pm/18411769,1,Atlanta,33.9913,-84.0941
"Halloween, Hogwarts & More",2026-10-25,1:30 PM,"Atlanta Symphony Hall, Atlanta",,Concert / Live Music,https://www.ticketmaster.com/halloween-hogwarts-more-atlanta-georgia-10-25-2026/event/0E0064FCCEA4C3F9,"Broomsticks, potions, owls, and more. Gather friends, family, witches, and wizards for a fun-filled musical adventure when the Atlanta Symphony Orchestra casts a magical assembly of spooks and spells over this beloved Halloween tradition.",ticketmaster: https://www.ticketmaster.com/halloween-hogwarts-more-atlanta-georgia-10-25-2026/event/0E0064FCCEA4C3F9 | ticketmaster: https://www.ticketmaster.com/halloween-hogwarts-more-atlanta-georgia-10-25-2026/event/0E0064FCCEA5C401,2,Atlanta,33.790098,-84.385493
Holiday Portraits: Capture the Magic at Selfie Paradise Museum,2026-10-25,2:00 PM,"Selfie Paradise Museum, Douglasville",,General,https://www.universe.com/events/holiday-portraits-capture-the-magic-at-selfie-paradise-museum-tickets-6HVT5N?ref=ticketmaster,,ticketmaster: https://www.universe.com/events/holiday-portraits-capture-the-magic-at-selfie-paradise-museum-tickets-6HVT5N?ref=ticketmaster | ticketmaster: https://www.universe.com/events/holiday-portraits-capture-the-magic-at-selfie-paradise-museum-tickets-6HVT5N?ref=ticketmaster | ticketmaster: https://www.universe.com/events/holiday-portraits-capture-the-magic-at-selfie-paradise-museum-tickets-6HVT5N?ref=ticketmaster | ticketmaster: https://www.universe.com/events/holiday-portraits-capture-the-magic-at-selfie-paradise-museum-tickets-6HVT5N?ref=ticketmaster | ticketmaster: https://www.universe.com/events/holiday-portraits-capture-the-magic-at-selfie-paradise-museum-tickets-6HVT5N?ref=ticketmaster | ticketmaster: https://www.universe.com/events/holiday-portraits-capture-the-magic-at-selfie-paradise-museum-tickets-6HVT5N?ref=ticketmaster,6,Atlanta,33.728206,-84.743421
Ian McConnell,2026-10-25,7:00 PM,"The Masquerade - Altar, Atlanta",,Food & Drink,https://www.ticketmaster.com/ian-mcconnell-atlanta-georgia-10-25-2026/event/0E0064C5D82634ED,"We look forward to hosting you at The Masquerade! Doors are at 7:00 PM. The Masquerade is now proud to be serving food. Check our socials for the food window's schedule, pinned at the top of the feed. For more info and our FAQ, visit MASQ.com",ticketmaster: https://www.ticketmaster.com/ian-mcconnell-atlanta-georgia-10-25-2026/event/0E0064C5D82634ED | seatgeek: https://seatgeek.com/ian-mcconnell-tickets/atlanta-georgia-the-masquerade-altar-2026-10-25-7-pm/concert/18301476,2,Atlanta,33.75202,-84.38945
Indigo Girls with Linda Perry,2026-10-25,5:00 PM,"Cobb Energy Performing Arts Centre, Atlanta",,Concert / Live Music,https://www.ticketmaster.com/indigo-girls-with-linda-perry-atlanta-georgia-10-25-2026/event/0E0064ADA63AE3C8,"Seats in the mezzanine and grand tier are not ADA accessible. If you need accessible seats, you should only buy seats designated as wheelchair accessible and their companion tickets in the orchestra. Please note: Anyone attending a performance at the Cobb Energy Performing Arts Centre requires a ticket, regardless of age.",ticketmaster: https://www.ticketmaster.com/indigo-girls-with-linda-perry-atlanta-georgia-10-25-2026/event/0E0064ADA63AE3C8 | seatgeek: https://seatgeek.com/indigo-girls-tickets/atlanta-georgia-cobb-energy-performing-arts-centre-2026-10-25-5-pm/concert/18639937,2,Atlanta,33.8844269,-84.4583631
John Scofield,2026-10-25,5:00 PM,"City Winery - Atlanta, Atlanta",,Concert / Live Music,https://seatgeek.com/john-scofield-tickets/atlanta-georgia-city-winery-atlanta-2026-10-25-5-pm/concert/18562365,,seatgeek: https://seatgeek.com/john-scofield-tickets/atlanta-georgia-city-winery-atlanta-2026-10-25-5-pm/concert/18562365 | seatgeek: https://seatgeek.com/john-scofield-tickets/atlanta-georgia-city-winery-atlanta-2026-10-25-8-30-pm/concert/18562366,2,Atlanta,33.6651,-84.4107
Johnny Blue Skies & the Dark Clouds - Mutiny for the Masses 2026 Tour,2026-10-25,8:00 PM,"State Farm Arena, Atlanta",,Concert / Live Music,https://www.ticketmaster.com/johnny-blue-skies-the-dark-clouds-atlanta-georgia-10-25-2026/event/0E00647ED889DC47,"No Resale Over Face Value: Johnny Blue Skies is using Ticketmaster's Face Value Exchange to help fans get tickets at the original price. Tickets can only be resold on Ticketmaster at face value. States Blocking Artist Resale Terms: New York, Illinois, Colorado, Virginia, Utah and Connecticut have state laws that prevent resale restrictions. In those states, Ticketmaster will still honor Johnny Blue Skies' terms by keeping resale prices at face value on its site.",ticketmaster: https://www.ticketmaster.com/johnny-blue-skies-the-dark-clouds-atlanta-georgia-10-25-2026/event/0E00647ED889DC47,1,Atlanta,33.757796,-84.394569
Johnny Blue Skies and The Dark Clouds,2026-10-25,8:00 PM,"State Farm Arena, Atlanta",,Concert / Live Music,https://seatgeek.com/johnny-blue-skies-tickets/atlanta-georgia-state-farm-arena-1-2026-10-25-8-pm/concert/18157767,,seatgeek: https://seatgeek.com/johnny-blue-skies-tickets/atlanta-georgia-state-farm-arena-1-2026-10-25-8-pm/concert/18157767,1,Atlanta,33.7566,-84.3969
Kidd G: The Forever Bender Tour,2026-10-25,8:00 PM,"The Loft, Atlanta",,Concert / Live Music,https://www.ticketmaster.com/kidd-g-the-forever-bender-tour-atlanta-georgia-10-25-2026/event/0E0064F8BBE0AA4D,"The Kidd G: Forever Bender show on 10/25/2026 at The Loft is cancelled. Refunds will be given at the point of purchase. Since Entertainment presents: Kidd G The Forever Bender Tour w/ Big Mo & Grey Oakes October 25, 2026 | LOFT | General Admission | All Ages The price you see is the price you pay! All fees are included in the price you see on Ticketmaster (excluding taxes). For ADA Accommodations, email info@rivalentertainment.com. For parking information and an FAQ, visit us at centerstage-atlanta.com.",ticketmaster: https://www.ticketmaster.com/kidd-g-the-forever-bender-tour-atlanta-georgia-10-25-2026/event/0E0064F8BBE0AA4D,1,Atlanta,33.7918926,-84.3877907
Like Father,2026-10-25,2:00 PM,"Alliance Theatre, Atlanta",,General,https://www.ticketmaster.com/event/Z7r9jZ1A70M_U,,ticketmaster: https://www.ticketmaster.com/event/Z7r9jZ1A70M_U | ticketmaster: https://www.ticketmaster.com/event/Z7r9jZ1A70M_M,2,Atlanta,33.797401,-84.386803
Like Father - Atlanta,2026-10-25,2:00 PM,"Hertz Stage at Alliance Theatre, Atlanta",,Arts & Theatre,https://seatgeek.com/like-father-1-tickets/theater/2026-10-25-2-pm/18275321,,seatgeek: https://seatgeek.com/like-father-1-tickets/theater/2026-10-25-2-pm/18275321 | seatgeek: https://seatgeek.com/like-father-1-tickets/theater/2026-10-25-7-30-pm/18275320,2,Atlanta,33.7896,-84.3844
Live Music,2026-10-25,6:00 PM,"Eddie's Attic - Decatur, Decatur",,Concert / Live Music,https://seatgeek.com/live-music-tickets/decatur-georgia-eddie-s-attic-decatur-2026-10-25-6-pm/concert/18350338,,seatgeek: https://seatgeek.com/live-music-tickets/decatur-georgia-eddie-s-attic-decatur-2026-10-25-6-pm/concert/18350338,1,Atlanta,33.7739,-84.2964
"Nekrogoblikon with Aborted, Signs of the Swarm, and Party Cannon",2026-10-25,7:00 PM,"Buckhead Theatre, Atlanta",,Concert / Live Music,https://seatgeek.com/nekrogoblikon-tickets/atlanta-georgia-buckhead-theatre-2026-10-25-7-pm/concert/18297066,,seatgeek: https://seatgeek.com/nekrogoblikon-tickets/atlanta-georgia-buckhead-theatre-2026-10-25-7-pm/concert/18297066,1,Atlanta,33.8403,-84.3797
Papp Johnson,2026-10-25,7:30 PM,"Helium Comedy Club - Atlanta, Alpharetta",,Comedy,https://seatgeek.com/papp-johnson-tickets/comedy/2026-10-25-7-30-pm/18567479,,seatgeek: https://seatgeek.com/papp-johnson-tickets/comedy/2026-10-25-7-30-pm/18567479,1,Atlanta,34.0754,-84.2941
Raphael Ghanem,2026-10-25,7:30 PM,"Center Stage Theater - Atlanta, Atlanta",,Comedy,https://seatgeek.com/raphael-ghanem-tickets/comedy/2026-10-25-7-30-pm/18539333,,seatgeek: https://seatgeek.com/raphael-ghanem-tickets/comedy/2026-10-25-7-30-pm/18539333,1,Atlanta,33.7922,-84.388
Raphael Ghanem a carne so cai no prato do vegano,2026-10-25,7:30 PM,"Center Stage Theater, Atlanta",,Comedy,https://www.ticketmaster.com/raphael-ghanem-a-carne-so-cai-atlanta-georgia-10-25-2026/event/0E0064BCAC70B673,,ticketmaster: https://www.ticketmaster.com/raphael-ghanem-a-carne-so-cai-atlanta-georgia-10-25-2026/event/0E0064BCAC70B673,1,Atlanta,33.7918926,-84.3877907
Robby Hoffman,2026-10-25,4:30 PM,"Variety Playhouse, Atlanta",,Comedy,https://www.ticketmaster.com/event/Z7r9jZ1A7PFf8,,ticketmaster: https://www.ticketmaster.com/event/Z7r9jZ1A7PFf8 | ticketmaster: https://www.ticketmaster.com/event/Z7r9jZ1A70E4Y | seatgeek: https://seatgeek.com/robby-hoffman-tickets/comedy/2026-10-25-4-30-pm/18288536 | seatgeek: https://seatgeek.com/robby-hoffman-tickets/comedy/2026-10-25-7-30-pm/18269274,4,Atlanta,33.770199,-84.334602
SUSTO: A Solo Show Live at Eddie's Attic w/ The Wire Jays,2026-10-25,8:00 PM,"Eddie's Attic, Decatur",,Concert / Live Music,https://www.ticketmaster.com/susto-a-solo-show-live-at-decatur-georgia-10-25-2026/event/0E00652ADBF2317A,"SUSTO: A Solo Show live at Eddie's Attic w/ The Wire Jays! Justin Osborne is a singer, songwriter, and storyteller best known as the founder and frontman of SUSTO. Since founding the band in 2013 while living in Havana, Cuba, Osborne has built an expansive catalog rooted in deeply personal lyricism and a sound that moves between Southern Gothic, folk, rock, country, and psychedelia. Across SUSTO, the roots-oriented Susto Stringband, and his solo performances, Osborne's songwriting remains the throughline, confessional, searching, and shaped by love, loss, change, resilience, and the strange be",ticketmaster: https://www.ticketmaster.com/susto-a-solo-show-live-at-decatur-georgia-10-25-2026/event/0E00652ADBF2317A,1,Atlanta,33.773975,-84.296271
San Francisco 49ers at Atlanta Falcons,2026-10-25,1:00 PM,"Mercedes-Benz Stadium, Atlanta",,Sports & Fitness,https://www.ticketmaster.com/atlanta-falcons-v-san-francisco-49ers-atlanta-georgia-10-25-2026/event/0E00647F8E346E85,"Express Entry: Avoid lines and get in the game faster. Its free and takes less than a minute to connect your ticket account https://www.mercedesbenzstadium.com/labs/delta-fly-through-lanes CLEAR BAG POLICY IN EFFECT for entry into the stadium: visit https://www.mercedesbenzstadium.com/guidelines#bag-policy - must be CLEAR plastic, vinyl or PVC and not exceed 12""x 6""x 12"". Cannot be tinted with color or include oversized content that prevents visibility into the bag. - Only non-clear bags that are smaller than 4.5"" x 6.5"" will be permitted into the venue. - Any type of NON-CLEAR bag exceeding 4",ticketmaster: https://www.ticketmaster.com/atlanta-falcons-v-san-francisco-49ers-atlanta-georgia-10-25-2026/event/0E00647F8E346E85 | seatgeek: https://seatgeek.com/atlanta-falcons-tickets/10-25-2026-atlanta-georgia-mercedes-benz-stadium/nfl/18016673,2,Atlanta,33.755389,-84.400823
Skyline Lounge - Indigo Girls,2026-10-25,5:00 PM,"Cobb Energy Performing Arts Centre, Atlanta",,Concert / Live Music,https://www.ticketmaster.com/skyline-lounge-indigo-girls-atlanta-georgia-10-25-2026/event/0E0064ADA640E3D8,"THIS EVENT SPACE IS FOR AGES 21 AND OLDER. Add to your experience at Cobb Energy Centre with inclusive $55.00 price at the Skyline Lounge. This premium lounge features a custom bar and ample seating. Enhance your concert experience at the Skyline Lounge at Cobb Energy Centre. Located on the Grand Tier, this exclusive space offers an airy and inviting atmosphere with a stylish and comfortable bar area. For one inclusive price, your admission includes exclusive use of the lounge starting 90 minutes prior to showtime and during intermission (when applicable), access to a dedicated bar featuring e",ticketmaster: https://www.ticketmaster.com/skyline-lounge-indigo-girls-atlanta-georgia-10-25-2026/event/0E0064ADA640E3D8,1,Atlanta,33.8844269,-84.4583631
Splootsville’s 1st Anniversary Pet Festival in Atlanta,2026-10-25,1:00 PM - 5:00 PM,"Shirley Clarke Franklin Park - Birth of Atlanta Lot, 1660 Johnson Road Northwest, Atlanta, GA 30318",,Festival,https://www.eventbrite.com/e/splootsvilles-1st-anniversary-pet-festival-in-atlanta-tickets-1999308970952,,eventbrite: https://www.eventbrite.com/e/splootsvilles-1st-anniversary-pet-festival-in-atlanta-tickets-1999308970952,1,Atlanta,33.749,-84.388
Susto,2026-10-25,8:00 PM,"Eddie's Attic - Decatur, Decatur",,Concert / Live Music,https://seatgeek.com/susto-tickets/decatur-georgia-eddie-s-attic-decatur-2026-10-25-8-pm/concert/18586069,,seatgeek: https://seatgeek.com/susto-tickets/decatur-georgia-eddie-s-attic-decatur-2026-10-25-8-pm/concert/18586069,1,Atlanta,33.7739,-84.2964
THE LATIN COFFEE PARTY Halloween Edition - ATLANTA,2026-10-25,11:00 AM - 4:00 PM,"Habitat Kitchen & Bar, 310 Pharr Road Northeast, Atlanta, GA 30305",,Nightlife / Party,https://www.eventbrite.com/e/the-latin-coffee-party-halloween-edition-atlanta-tickets-2001391231048,,eventbrite: https://www.eventbrite.com/e/the-latin-coffee-party-halloween-edition-atlanta-tickets-2001391231048,1,Atlanta,33.749,-84.388
The Christmas Carnival at Selfie Paradise Museum,2026-10-25,3:30 PM,"Selfie Paradise Museum, Douglasville",,Festival,https://www.universe.com/events/the-christmas-carnival-at-selfie-paradise-museum-tickets-7PQG9Y?ref=ticketmaster,,ticketmaster: https://www.universe.com/events/the-christmas-carnival-at-selfie-paradise-museum-tickets-7PQG9Y?ref=ticketmaster | ticketmaster: https://www.universe.com/events/the-christmas-carnival-at-selfie-paradise-museum-tickets-7PQG9Y?ref=ticketmaster,2,Atlanta,33.728206,-84.743421
The Hails - Duckpond Tour,2026-10-25,7:00 PM,"The Masquerade - Purgatory, Atlanta",,Concert / Live Music,https://www.ticketmaster.com/the-hails-duckpond-tour-atlanta-georgia-10-25-2026/event/0E0064D6E685D61C,"We look forward to hosting you at The Masquerade! Doors are at 7:00 PM. The Masquerade is now proud to be serving food. Check our socials for the food window's schedule, pinned at the top of the feed. For more info and our FAQ, visit MASQ.com",ticketmaster: https://www.ticketmaster.com/the-hails-duckpond-tour-atlanta-georgia-10-25-2026/event/0E0064D6E685D61C,1,Atlanta,33.75184,-84.389887
The Hails with The Ocho,2026-10-25,7:00 PM,"The Masquerade - Purgatory, Atlanta",,Concert / Live Music,https://seatgeek.com/the-hails-tickets/atlanta-georgia-the-masquerade-purgatory-2026-10-25-7-pm/concert/18328562,,seatgeek: https://seatgeek.com/the-hails-tickets/atlanta-georgia-the-masquerade-purgatory-2026-10-25-7-pm/concert/18328562,1,Atlanta,33.7515,-84.3899
The Nxt Awards 2026 Powered By Now Thats Tv,2026-10-25,7:00 PM,"Coca-Cola Roxy, Atlanta",,Business / Networking,https://www.ticketmaster.com/the-nxt-awards-2026-powered-by-atlanta-georgia-10-25-2026/event/0E00653C9B83779A,"Get ready for an unforgettable night of music, entertainment, and culture at The NXT Awards 2026! Powered by NOW THAT'S TV and hosted by the one and only Tia Kemp, this star-studded event brings together some of the hottest names in the industry for an electrifying night of awards, live performances, and unforgettable moments. Featuring Live Performances By: Saucy Santana, Pluto, Taffy Babii, Pretty Ricky, Soulja Boy, BossMan Dlow, Boston Richey, Johnnie Damnd, Fatt Smaxk & More! Experience the energy, celebrate the culture, and witness the next generation of entertainment take center stage! O",ticketmaster: https://www.ticketmaster.com/the-nxt-awards-2026-powered-by-atlanta-georgia-10-25-2026/event/0E00653C9B83779A,1,Atlanta,33.89024,-84.469717
Driveways,2026-10-26,6:00 PM,"The Masquerade - Purgatory, Atlanta",,Concert / Live Music,https://seatgeek.com/driveways-tickets/atlanta-georgia-the-masquerade-purgatory-2026-10-26-6-pm/concert/18530044,,seatgeek: https://seatgeek.com/driveways-tickets/atlanta-georgia-the-masquerade-purgatory-2026-10-26-6-pm/concert/18530044,1,Atlanta,33.7515,-84.3899
Hit Like a Girl,2026-10-26,7:00 PM,"The Masquerade - Altar, Atlanta",,Food & Drink,https://www.ticketmaster.com/hit-like-a-girl-atlanta-georgia-10-26-2026/event/0E0064F0BF0BCFC6,"We look forward to hosting you at The Masquerade! Doors are at 7:00 PM. The Masquerade is now proud to be serving food. Check our socials for the food window's schedule, pinned at the top of the feed. For more info and our FAQ, visit MASQ.com",ticketmaster: https://www.ticketmaster.com/hit-like-a-girl-atlanta-georgia-10-26-2026/event/0E0064F0BF0BCFC6 | seatgeek: https://seatgeek.com/hit-like-a-girl-tickets/atlanta-georgia-the-masquerade-altar-2026-10-26-7-pm/concert/18387753,2,Atlanta,33.75202,-84.38945
Holiday Portraits: Capture the Magic at Selfie Paradise Museum,2026-10-26,12:00 PM,"Selfie Paradise Museum, Douglasville",,General,https://www.universe.com/events/holiday-portraits-capture-the-magic-at-selfie-paradise-museum-tickets-6HVT5N?ref=ticketmaster,,ticketmaster: https://www.universe.com/events/holiday-portraits-capture-the-magic-at-selfie-paradise-museum-tickets-6HVT5N?ref=ticketmaster | ticketmaster: https://www.universe.com/events/holiday-portraits-capture-the-magic-at-selfie-paradise-museum-tickets-6HVT5N?ref=ticketmaster | ticketmaster: https://www.universe.com/events/holiday-portraits-capture-the-magic-at-selfie-paradise-museum-tickets-6HVT5N?ref=ticketmaster | ticketmaster: https://www.universe.com/events/holiday-portraits-capture-the-magic-at-selfie-paradise-museum-tickets-6HVT5N?ref=ticketmaster | ticketmaster: https://www.universe.com/events/holiday-portraits-capture-the-magic-at-selfie-paradise-museum-tickets-6HVT5N?ref=ticketmaster | ticketmaster: https://www.universe.com/events/holiday-portraits-capture-the-magic-at-selfie-paradise-museum-tickets-6HVT5N?ref=ticketmaster | ticketmaster: https://www.universe.com/events/holiday-portraits-capture-the-magic-at-selfie-paradise-museum-tickets-6HVT5N?ref=ticketmaster | ticketmaster: https://www.universe.com/events/holiday-portraits-capture-the-magic-at-selfie-paradise-museum-tickets-6HVT5N?ref=ticketmaster | ticketmaster: https://www.universe.com/events/holiday-portraits-capture-the-magic-at-selfie-paradise-museum-tickets-6HVT5N?ref=ticketmaster | ticketmaster: https://www.universe.com/events/holiday-portraits-capture-the-magic-at-selfie-paradise-museum-tickets-6HVT5N?ref=ticketmaster | ticketmaster: https://www.universe.com/events/holiday-portraits-capture-the-magic-at-selfie-paradise-museum-tickets-6HVT5N?ref=ticketmaster | ticketmaster: https://www.universe.com/events/holiday-portraits-capture-the-magic-at-selfie-paradise-museum-tickets-6HVT5N?ref=ticketmaster | ticketmaster: https://www.universe.com/events/holiday-portraits-capture-the-magic-at-selfie-paradise-museum-tickets-6HVT5N?ref=ticketmaster | ticketmaster: https://www.universe.com/events/holiday-portraits-capture-the-magic-at-selfie-paradise-museum-tickets-6HVT5N?ref=ticketmaster | ticketmaster: https://www.universe.com/events/holiday-portraits-capture-the-magic-at-selfie-paradise-museum-tickets-6HVT5N?ref=ticketmaster,15,Atlanta,33.728206,-84.743421
Like Roses,2026-10-26,6:00 PM,"The Masquerade - Purgatory, Atlanta",,Food & Drink,https://www.ticketmaster.com/like-roses-atlanta-georgia-10-26-2026/event/0E006514CE782824,"We look forward to hosting you at The Masquerade! Doors are at 6:00 PM. The Masquerade is now proud to be serving food. Check our socials for the food window's schedule, pinned at the top of the feed. For more info and our FAQ, visit MASQ.com",ticketmaster: https://www.ticketmaster.com/like-roses-atlanta-georgia-10-26-2026/event/0E006514CE782824,1,Atlanta,33.75184,-84.389887
The Damned,2026-10-26,7:30 PM,"Variety Playhouse, Atlanta",,Concert / Live Music,https://seatgeek.com/the-damned-tickets/atlanta-georgia-variety-playhouse-2026-10-26-7-30-pm/concert/18286370,,seatgeek: https://seatgeek.com/the-damned-tickets/atlanta-georgia-variety-playhouse-2026-10-26-7-30-pm/concert/18286370,1,Atlanta,33.7637,-84.3511
The Damned w/ The Courettes,2026-10-26,7:30 PM,"Variety Playhouse, Atlanta",,Concert / Live Music,https://www.ticketmaster.com/event/Z7r9jZ1A707o9,,ticketmaster: https://www.ticketmaster.com/event/Z7r9jZ1A707o9,1,Atlanta,33.770199,-84.334602
31st Emory Brain Health Forum In-person at the Carter Center,2026-10-27,10:00 AM - 12:30 PM,"The Carter Center, 453 John Lewis Freedom Parkway Northeast, Atlanta, GA 30307",,Food & Drink,https://www.eventbrite.com/e/31st-emory-brain-health-forum-in-person-at-the-carter-center-tickets-1998454528291,,eventbrite: https://www.eventbrite.com/e/31st-emory-brain-health-forum-in-person-at-the-carter-center-tickets-1998454528291,1,Atlanta,33.749,-84.388
ALVARO DIAZ - OMAKASE TOUR,2026-10-27,8:00 PM,"Tabernacle Presented by iTHINK Financial, Atlanta",,Concert / Live Music,https://www.ticketmaster.com/alvaro-diaz-omakase-tour-atlanta-georgia-10-27-2026/event/0E0064C3983B88E0,"This is a show has a general admission standing room floor with fully reserved assigned seating balconies. All ages welcome. Box Office Open at 6pm. Doors at 7pm. Show at 8pm. Please be aware our balconies are not ADA accessible. All accommodations are located on the main floor level. There is no elevator in the building. Please ask event staff for any ADA assistance upon arrival. Guests who have purchased ADA tickets may request assistance from event staff upon arrival. If all ADA accommodations are sold out, please email the venue at tabernacle@livenation.com.",ticketmaster: https://www.ticketmaster.com/alvaro-diaz-omakase-tour-atlanta-georgia-10-27-2026/event/0E0064C3983B88E0,1,Atlanta,33.758688,-84.391449
Alvaro Diaz,2026-10-27,8:00 PM,"Tabernacle Presented by iTHINK Financial, Atlanta",,Concert / Live Music,https://seatgeek.com/alvaro-diaz-tickets/atlanta-georgia-the-tabernacle-atlanta-2026-10-27-8-pm/concert/18294624,,seatgeek: https://seatgeek.com/alvaro-diaz-tickets/atlanta-georgia-the-tabernacle-atlanta-2026-10-27-8-pm/concert/18294624,1,Atlanta,33.7589,-84.3914
Boy Harsher,2026-10-27,8:00 PM,"Variety Playhouse, Atlanta",,Concert / Live Music,https://www.ticketmaster.com/event/Z7r9jZ1A7P-1f,,ticketmaster: https://www.ticketmaster.com/event/Z7r9jZ1A7P-1f | seatgeek: https://seatgeek.com/boy-harsher-tickets/atlanta-georgia-variety-playhouse-2026-10-27-8-pm/concert/18320878,2,Atlanta,33.770199,-84.334602
Buena Vista Social Club,2026-10-27,7:30 PM,"Fox Theatre - Atlanta, Atlanta",,General,https://www.ticketmaster.com/event/Z7r9jZ1A7-v7U,,ticketmaster: https://www.ticketmaster.com/event/Z7r9jZ1A7-v7U,1,Atlanta,33.7714,-84.377403
Buena Vista Social Club - The Musical - Atlanta,2026-10-27,7:30 PM,"Fox Theatre Atlanta, Atlanta",,Arts & Theatre,https://seatgeek.com/buena-vista-social-club-the-musical-tickets/broadway/2026-10-27-7-30-pm/18039834,,seatgeek: https://seatgeek.com/buena-vista-social-club-the-musical-tickets/broadway/2026-10-27-7-30-pm/18039834,1,Atlanta,33.7726,-84.3855
Discord Theory,2026-10-27,7:00 PM,"The Masquerade - Purgatory, Atlanta",,Food & Drink,https://www.ticketmaster.com/discord-theory-atlanta-georgia-10-27-2026/event/0E006545C0AAC53F,"We look forward to hosting you at The Masquerade! Doors are at 7:00 PM. The Masquerade is now proud to be serving food. Check our socials for the food window's schedule, pinned at the top of the feed. For more info and our FAQ, visit MASQ.com",ticketmaster: https://www.ticketmaster.com/discord-theory-atlanta-georgia-10-27-2026/event/0E006545C0AAC53F,1,Atlanta,33.75184,-84.389887
Discord Theory with Abandcalledlove,2026-10-27,7:00 PM,"The Masquerade - Purgatory, Atlanta",,Concert / Live Music,https://seatgeek.com/discord-theory-tickets/atlanta-georgia-the-masquerade-purgatory-2026-10-27-7-pm/concert/18653641,,seatgeek: https://seatgeek.com/discord-theory-tickets/atlanta-georgia-the-masquerade-purgatory-2026-10-27-7-pm/concert/18653641,1,Atlanta,33.7515,-84.3899
Holiday Portraits: Capture the Magic at Selfie Paradise Museum,2026-10-27,12:00 PM,"Selfie Paradise Museum, Douglasville",,General,https://www.universe.com/events/holiday-portraits-capture-the-magic-at-selfie-paradise-museum-tickets-6HVT5N?ref=ticketmaster,,ticketmaster: https://www.universe.com/events/holiday-portraits-capture-the-magic-at-selfie-paradise-museum-tickets-6HVT5N?ref=ticketmaster | ticketmaster: https://www.universe.com/events/holiday-portraits-capture-the-magic-at-selfie-paradise-museum-tickets-6HVT5N?ref=ticketmaster | ticketmaster: https://www.universe.com/events/holiday-portraits-capture-the-magic-at-selfie-paradise-museum-tickets-6HVT5N?ref=ticketmaster | ticketmaster: https://www.universe.com/events/holiday-portraits-capture-the-magic-at-selfie-paradise-museum-tickets-6HVT5N?ref=ticketmaster | ticketmaster: https://www.universe.com/events/holiday-portraits-capture-the-magic-at-selfie-paradise-museum-tickets-6HVT5N?ref=ticketmaster | ticketmaster: https://www.universe.com/events/holiday-portraits-capture-the-magic-at-selfie-paradise-museum-tickets-6HVT5N?ref=ticketmaster | ticketmaster: https://www.universe.com/events/holiday-portraits-capture-the-magic-at-selfie-paradise-museum-tickets-6HVT5N?ref=ticketmaster | ticketmaster: https://www.universe.com/events/holiday-portraits-capture-the-magic-at-selfie-paradise-museum-tickets-6HVT5N?ref=ticketmaster | ticketmaster: https://www.universe.com/events/holiday-portraits-capture-the-magic-at-selfie-paradise-museum-tickets-6HVT5N?ref=ticketmaster | ticketmaster: https://www.universe.com/events/holiday-portraits-capture-the-magic-at-selfie-paradise-museum-tickets-6HVT5N?ref=ticketmaster | ticketmaster: https://www.universe.com/events/holiday-portraits-capture-the-magic-at-selfie-paradise-museum-tickets-6HVT5N?ref=ticketmaster | ticketmaster: https://www.universe.com/events/holiday-portraits-capture-the-magic-at-selfie-paradise-museum-tickets-6HVT5N?ref=ticketmaster | ticketmaster: https://www.universe.com/events/holiday-portraits-capture-the-magic-at-selfie-paradise-museum-tickets-6HVT5N?ref=ticketmaster | ticketmaster: https://www.universe.com/events/holiday-portraits-capture-the-magic-at-selfie-paradise-museum-tickets-6HVT5N?ref=ticketmaster | ticketmaster: https://www.universe.com/events/holiday-portraits-capture-the-magic-at-selfie-paradise-museum-tickets-6HVT5N?ref=ticketmaster | ticketmaster: https://www.universe.com/events/holiday-portraits-capture-the-magic-at-selfie-paradise-museum-tickets-6HVT5N?ref=ticketmaster | ticketmaster: https://www.universe.com/events/holiday-portraits-capture-the-magic-at-selfie-paradise-museum-tickets-6HVT5N?ref=ticketmaster | ticketmaster: https://www.universe.com/events/holiday-portraits-capture-the-magic-at-selfie-paradise-museum-tickets-6HVT5N?ref=ticketmaster | ticketmaster: https://www.universe.com/events/holiday-portraits-capture-the-magic-at-selfie-paradise-museum-tickets-6HVT5N?ref=ticketmaster | ticketmaster: https://www.universe.com/events/holiday-portraits-capture-the-magic-at-selfie-paradise-museum-tickets-6HVT5N?ref=ticketmaster | ticketmaster: https://www.universe.com/events/holiday-portraits-capture-the-magic-at-selfie-paradise-museum-tickets-6HVT5N?ref=ticketmaster,21,Atlanta,33.728206,-84.743421
Jai'Len Josey,2026-10-27,8:00 PM,"Vinyl, Atlanta",,Concert / Live Music,https://www.ticketmaster.com/jailen-josey-atlanta-georgia-10-27-2026/event/0E0064D603DBF99E,"Bowe Inc presents: Jai'Len Josey Serial Romantic Tour October 27, 2026 | VINYL | General Admission | All Ages The price you see is the price you pay! All fees are included in the price you see on Ticketmaster (excluding taxes). For ADA Accommodations, email info@rivalentertainment.com. For parking information and an FAQ, visit us at centerstage-atlanta.com.",ticketmaster: https://www.ticketmaster.com/jailen-josey-atlanta-georgia-10-27-2026/event/0E0064D603DBF99E | seatgeek: https://seatgeek.com/jailen-josey-tickets/atlanta-georgia-vinyl-at-center-stage-2026-10-27-8-pm/concert/18337697,2,Atlanta,33.7918926,-84.3877907
Jonnie W,2026-10-27,7:30 PM,"Helium Comedy Club - Atlanta, Alpharetta",,Comedy,https://seatgeek.com/jonnie-w-tickets/comedy/2026-10-27-7-30-pm/18453204,,seatgeek: https://seatgeek.com/jonnie-w-tickets/comedy/2026-10-27-7-30-pm/18453204,1,Atlanta,34.0754,-84.2941
MICO - Running From A Feeling Tour,2026-10-27,7:00 PM,"The Masquerade - Heaven, Atlanta",,Concert / Live Music,https://www.ticketmaster.com/mico-running-from-a-feeling-tour-atlanta-georgia-10-27-2026/event/0E0064AECF5A4FD8,"We look forward to hosting you at The Masquerade! Doors are at 7:00 PM. The Masquerade is now proud to be serving food. Check our socials for the food window's schedule, pinned at the top of the feed. For more info and our FAQ, visit MASQ.com",ticketmaster: https://www.ticketmaster.com/mico-running-from-a-feeling-tour-atlanta-georgia-10-27-2026/event/0E0064AECF5A4FD8,1,Atlanta,33.751769,-84.389681
Marcus Samuelsson goes BACK TO GREEN in ATLANTA,2026-10-27,7:00 PM - 8:00 PM,"Central Library/Library System HQ, One Margaret Mitchell Square, Atlanta, GA 30303",,Food & Drink,https://www.eventbrite.com/e/marcus-samuelsson-goes-back-to-green-in-atlanta-tickets-1998388839815,,eventbrite: https://www.eventbrite.com/e/marcus-samuelsson-goes-back-to-green-in-atlanta-tickets-1998388839815,1,Atlanta,33.749,-84.388
Mico with Will Linley,2026-10-27,7:00 PM,"The Masquerade - Heaven, Atlanta",,Concert / Live Music,https://seatgeek.com/mico-tickets/atlanta-georgia-the-masquerade-heaven-2026-10-27-7-pm/concert/18252688,,seatgeek: https://seatgeek.com/mico-tickets/atlanta-georgia-the-masquerade-heaven-2026-10-27-7-pm/concert/18252688,1,Atlanta,33.7518,-84.3897
My Upside Down,2026-10-27,7:00 PM,"The Masquerade - Altar, Atlanta",,Food & Drink,https://www.ticketmaster.com/my-upside-down-atlanta-georgia-10-27-2026/event/0E0065290AB7B300,"We look forward to hosting you at The Masquerade! Doors are at 7:00 PM. The Masquerade is now proud to be serving food. Check our socials for the food window's schedule, pinned at the top of the feed. For more info and our FAQ, visit MASQ.com",ticketmaster: https://www.ticketmaster.com/my-upside-down-atlanta-georgia-10-27-2026/event/0E0065290AB7B300 | seatgeek: https://seatgeek.com/my-upside-down-tickets/atlanta-georgia-the-masquerade-altar-2026-10-27-7-pm/concert/18649195,2,Atlanta,33.75202,-84.38945
Skilla Baby,2026-10-27,8:00 PM,"Buckhead Theatre, Atlanta",,Concert / Live Music,https://seatgeek.com/skilla-baby-tickets/atlanta-georgia-buckhead-theatre-2026-10-27-8-pm/concert/18540256,,seatgeek: https://seatgeek.com/skilla-baby-tickets/atlanta-georgia-buckhead-theatre-2026-10-27-8-pm/concert/18540256,1,Atlanta,33.8403,-84.3797
Skilla Baby: The Price of Fame Tour,2026-10-27,8:00 PM,"Buckhead Theatre, Atlanta",,Concert / Live Music,https://www.ticketmaster.com/skilla-baby-the-price-of-fame-atlanta-georgia-10-27-2026/event/0E00651A8D5F74BB,"This is an 18 & over event. Doors at 7:00 PM. Show at 8:00 PM. Main floor is general admission standing. If open, balcony is general admission seating. GA floor has a pit area with limited capacity. GA ticketholders who arrive after the pit is full will be directed to other open areas on the floor or to the balcony.",ticketmaster: https://www.ticketmaster.com/skilla-baby-the-price-of-fame-atlanta-georgia-10-27-2026/event/0E00651A8D5F74BB,1,Atlanta,33.8402272,-84.3795437
Students at the Symphony with the Atlanta Symphony Orchestra,2026-10-27,10:15 AM,"Atlanta Symphony Hall, Atlanta",,Concert / Live Music,https://www.ticketmaster.com/students-at-the-symphony-with-the-atlanta-georgia-10-27-2026/event/0E00649CCAD89B96,"Join us for engaging, curriculum-connected learning experiences that introduce students to the power of live orchestral music.",ticketmaster: https://www.ticketmaster.com/students-at-the-symphony-with-the-atlanta-georgia-10-27-2026/event/0E00649CCAD89B96 | ticketmaster: https://www.ticketmaster.com/students-at-the-symphony-with-the-atlanta-georgia-10-27-2026/event/0E00649CCADD9BA5,2,Atlanta,33.790098,-84.385493
The Christmas Carnival at Selfie Paradise Museum,2026-10-27,1:00 PM,"Selfie Paradise Museum, Douglasville",,Festival,https://www.universe.com/events/the-christmas-carnival-at-selfie-paradise-museum-tickets-7PQG9Y?ref=ticketmaster,,ticketmaster: https://www.universe.com/events/the-christmas-carnival-at-selfie-paradise-museum-tickets-7PQG9Y?ref=ticketmaster | ticketmaster: https://www.universe.com/events/the-christmas-carnival-at-selfie-paradise-museum-tickets-7PQG9Y?ref=ticketmaster | ticketmaster: https://www.universe.com/events/the-christmas-carnival-at-selfie-paradise-museum-tickets-7PQG9Y?ref=ticketmaster | ticketmaster: https://www.universe.com/events/the-christmas-carnival-at-selfie-paradise-museum-tickets-7PQG9Y?ref=ticketmaster | ticketmaster: https://www.universe.com/events/the-christmas-carnival-at-selfie-paradise-museum-tickets-7PQG9Y?ref=ticketmaster | ticketmaster: https://www.universe.com/events/the-christmas-carnival-at-selfie-paradise-museum-tickets-7PQG9Y?ref=ticketmaster,6,Atlanta,33.728206,-84.743421
Adam Ray (18+)(Rescheduled from 10/17/2026),2026-10-28,7:00 PM,"Buckhead Theatre, Atlanta",,Comedy,https://seatgeek.com/adam-ray-tickets/comedy/2026-10-28-7-pm/18209450,,seatgeek: https://seatgeek.com/adam-ray-tickets/comedy/2026-10-28-7-pm/18209450,1,Atlanta,33.8403,-84.3797
Atlanta Hawks vs. Miami Heat,2026-10-28,7:00 PM,"State Farm Arena, Atlanta",,Sports & Fitness,https://www.ticketmaster.com/atlanta-hawks-vs-miami-heat-atlanta-georgia-10-28-2026/event/0E006505923A5203,,ticketmaster: https://www.ticketmaster.com/atlanta-hawks-vs-miami-heat-atlanta-georgia-10-28-2026/event/0E006505923A5203 | seatgeek: https://seatgeek.com/atlanta-hawks-tickets/10-28-2026-atlanta-georgia-state-farm-arena-1/nba/18495512,2,Atlanta,33.757796,-84.394569
Buena Vista Social Club,2026-10-28,7:30 PM,"Fox Theatre - Atlanta, Atlanta",,General,https://www.ticketmaster.com/event/Z7r9jZ1A7-v7z,,ticketmaster: https://www.ticketmaster.com/event/Z7r9jZ1A7-v7z,1,Atlanta,33.7714,-84.377403
Buena Vista Social Club - The Musical - Atlanta,2026-10-28,7:30 PM,"Fox Theatre Atlanta, Atlanta",,Arts & Theatre,https://seatgeek.com/buena-vista-social-club-the-musical-tickets/broadway/2026-10-28-7-30-pm/18039831,,seatgeek: https://seatgeek.com/buena-vista-social-club-the-musical-tickets/broadway/2026-10-28-7-30-pm/18039831,1,Atlanta,33.7726,-84.3855
CRE Women’s Leadership Summit,2026-10-28,8:30 AM - 2:00 PM,"Two Alliance Center, 3560 Lenox Road Northeast Spark Conference Center - P4, Atlanta, GA 30326",,Conference / Expo,https://www.eventbrite.com/e/cre-womens-leadership-summit-registration-1997447159223,"Attend the CRE Women’s Leadership Summit for dynamic educational sessions, meaningful connections, and inspiration to grow as a leader.",eventbrite: https://www.eventbrite.com/e/cre-womens-leadership-summit-registration-1997447159223,1,Atlanta,33.749,-84.388
Carter Deems,2026-10-28,7:30 PM,"Helium Comedy Club - Atlanta, Alpharetta",,Comedy,https://seatgeek.com/carter-deems-tickets/comedy/2026-10-28-7-30-pm/18567455,,seatgeek: https://seatgeek.com/carter-deems-tickets/comedy/2026-10-28-7-30-pm/18567455,1,Atlanta,34.0754,-84.2941
Daniel In The Lions' Den,2026-10-28,6:30 PM,"Gas South Theater, Duluth",,Arts & Theatre,https://www.ticketmaster.com/daniel-in-the-lions-den-duluth-georgia-10-28-2026/event/0E0064F1C57FFCF9,"Get ready to roar with the lions, stand with the Queen, and revel in the courage that echoes through the ages! Daniel in the Lions' Den brings an epic story to the stage in this exciting musical adventure. Inspiring audiences of all ages, the exciting and dynamic Daniel in the Lions' Den welcomes audiences to ancient Babylon - where one man's unwavering faith and bravery are put to the ultimate test. Also experience the story of Esther: The Bravest Queen - a young woman who finds herself in a palace full of secrets and must summon extraordinary courage to save her people. Filled with extraordi",ticketmaster: https://www.ticketmaster.com/daniel-in-the-lions-den-duluth-georgia-10-28-2026/event/0E0064F1C57FFCF9 | seatgeek: https://seatgeek.com/daniel-in-the-lion-s-den-tickets/duluth-georgia-gas-south-theater-2026-10-28-6-30-pm/concert/18399991,2,Atlanta,33.9869191,-84.0907288
Flagman,2026-10-28,7:00 PM,"The Masquerade - Altar, Atlanta",,Food & Drink,https://www.ticketmaster.com/flagman-atlanta-georgia-10-28-2026/event/0E006521C454CCFC,"We look forward to hosting you at The Masquerade! Doors are at 7:00 PM. The Masquerade is now proud to be serving food. Check our socials for the food window's schedule, pinned at the top of the feed. For more info and our FAQ, visit MASQ.com",ticketmaster: https://www.ticketmaster.com/flagman-atlanta-georgia-10-28-2026/event/0E006521C454CCFC | seatgeek: https://seatgeek.com/flagman-tickets/atlanta-georgia-the-masquerade-altar-2026-10-28-7-pm/concert/18561303,2,Atlanta,33.75202,-84.38945
Friko,2026-10-28,8:00 PM,"Terminal West, Atlanta",,Concert / Live Music,https://www.ticketmaster.com/event/Z7r9jZ1A7xAFw,,ticketmaster: https://www.ticketmaster.com/event/Z7r9jZ1A7xAFw | seatgeek: https://seatgeek.com/friko-tickets/atlanta-georgia-terminal-west-2026-10-28-8-pm/concert/18166907,2,Atlanta,33.791901,-84.446404
GWAR,2026-10-28,6:00 PM,"The Masquerade - Heaven, Atlanta",,Food & Drink,https://www.ticketmaster.com/gwar-atlanta-georgia-10-28-2026/event/0E00649BC8DC3BB0,"We look forward to hosting you at The Masquerade! Doors are at 6:00 PM. The Masquerade is now proud to be serving food. Check our socials for the food window's schedule, pinned at the top of the feed. For more info and our FAQ, visit MASQ.com",ticketmaster: https://www.ticketmaster.com/gwar-atlanta-georgia-10-28-2026/event/0E00649BC8DC3BB0,1,Atlanta,33.751769,-84.389681
"GWAR with Midnight, Mac Sabbath and X-Cops",2026-10-28,6:00 PM,"The Masquerade - Heaven, Atlanta",,Concert / Live Music,https://seatgeek.com/gwar-tickets/atlanta-georgia-the-masquerade-heaven-2026-10-28-6-pm/concert/18208260,,seatgeek: https://seatgeek.com/gwar-tickets/atlanta-georgia-the-masquerade-heaven-2026-10-28-6-pm/concert/18208260,1,Atlanta,33.7518,-84.3897
Grace Helbig and Mamrie Hart,2026-10-28,7:30 PM,"Helium Comedy Club - Atlanta, Alpharetta",,Comedy,https://seatgeek.com/grace-helbig-tickets/comedy/2026-10-28-7-30-pm/18567462,,seatgeek: https://seatgeek.com/grace-helbig-tickets/comedy/2026-10-28-7-30-pm/18567462,1,Atlanta,34.0754,-84.2941
Holiday Portraits: Capture the Magic at Selfie Paradise Museum,2026-10-28,12:00 PM,"Selfie Paradise Museum, Douglasville",,General,https://www.universe.com/events/holiday-portraits-capture-the-magic-at-selfie-paradise-museum-tickets-6HVT5N?ref=ticketmaster,,ticketmaster: https://www.universe.com/events/holiday-portraits-capture-the-magic-at-selfie-paradise-museum-tickets-6HVT5N?ref=ticketmaster | ticketmaster: https://www.universe.com/events/holiday-portraits-capture-the-magic-at-selfie-paradise-museum-tickets-6HVT5N?ref=ticketmaster | ticketmaster: https://www.universe.com/events/holiday-portraits-capture-the-magic-at-selfie-paradise-museum-tickets-6HVT5N?ref=ticketmaster | ticketmaster: https://www.universe.com/events/holiday-portraits-capture-the-magic-at-selfie-paradise-museum-tickets-6HVT5N?ref=ticketmaster | ticketmaster: https://www.universe.com/events/holiday-portraits-capture-the-magic-at-selfie-paradise-museum-tickets-6HVT5N?ref=ticketmaster | ticketmaster: https://www.universe.com/events/holiday-portraits-capture-the-magic-at-selfie-paradise-museum-tickets-6HVT5N?ref=ticketmaster | ticketmaster: https://www.universe.com/events/holiday-portraits-capture-the-magic-at-selfie-paradise-museum-tickets-6HVT5N?ref=ticketmaster | ticketmaster: https://www.universe.com/events/holiday-portraits-capture-the-magic-at-selfie-paradise-museum-tickets-6HVT5N?ref=ticketmaster | ticketmaster: https://www.universe.com/events/holiday-portraits-capture-the-magic-at-selfie-paradise-museum-tickets-6HVT5N?ref=ticketmaster | ticketmaster: https://www.universe.com/events/holiday-portraits-capture-the-magic-at-selfie-paradise-museum-tickets-6HVT5N?ref=ticketmaster | ticketmaster: https://www.universe.com/events/holiday-portraits-capture-the-magic-at-selfie-paradise-museum-tickets-6HVT5N?ref=ticketmaster | ticketmaster: https://www.universe.com/events/holiday-portraits-capture-the-magic-at-selfie-paradise-museum-tickets-6HVT5N?ref=ticketmaster | ticketmaster: https://www.universe.com/events/holiday-portraits-capture-the-magic-at-selfie-paradise-museum-tickets-6HVT5N?ref=ticketmaster | ticketmaster: https://www.universe.com/events/holiday-portraits-capture-the-magic-at-selfie-paradise-museum-tickets-6HVT5N?ref=ticketmaster | ticketmaster: https://www.universe.com/events/holiday-portraits-capture-the-magic-at-selfie-paradise-museum-tickets-6HVT5N?ref=ticketmaster | ticketmaster: https://www.universe.com/events/holiday-portraits-capture-the-magic-at-selfie-paradise-museum-tickets-6HVT5N?ref=ticketmaster | ticketmaster: https://www.universe.com/events/holiday-portraits-capture-the-magic-at-selfie-paradise-museum-tickets-6HVT5N?ref=ticketmaster | ticketmaster: https://www.universe.com/events/holiday-portraits-capture-the-magic-at-selfie-paradise-museum-tickets-6HVT5N?ref=ticketmaster | ticketmaster: https://www.universe.com/events/holiday-portraits-capture-the-magic-at-selfie-paradise-museum-tickets-6HVT5N?ref=ticketmaster | ticketmaster: https://www.universe.com/events/holiday-portraits-capture-the-magic-at-selfie-paradise-museum-tickets-6HVT5N?ref=ticketmaster | ticketmaster: https://www.universe.com/events/holiday-portraits-capture-the-magic-at-selfie-paradise-museum-tickets-6HVT5N?ref=ticketmaster,21,Atlanta,33.728206,-84.743421
Hoodrich Pablo Juan,2026-10-28,8:00 PM,"Center Stage Theater, Atlanta",,Concert / Live Music,https://www.ticketmaster.com/hoodrich-pablo-juan-atlanta-georgia-10-28-2026/event/0E00651FEE16247C,"Rival presents: HoodRich Pablo Juan Center Stage | CENTER STAGE | General Admission| All Ages The price you see is the price you pay! All fees are included in the price you see on Ticketmaster (excluding taxes). For ADA Accommodations, email info@rivalentertainment.com. For parking information and an FAQ, visit us at centerstage-atlanta.com.",ticketmaster: https://www.ticketmaster.com/hoodrich-pablo-juan-atlanta-georgia-10-28-2026/event/0E00651FEE16247C | seatgeek: https://seatgeek.com/hoodrich-pablo-juan-tickets/atlanta-georgia-center-stage-theater-atlanta-2026-10-28-8-pm/concert/18555192,2,Atlanta,33.7918926,-84.3877907
Iron and Wine,2026-10-28,8:00 PM,"The Eastern-GA, Atlanta",,Food & Drink,https://www.ticketmaster.com/event/Z7r9jZ1A7-AZy,,ticketmaster: https://www.ticketmaster.com/event/Z7r9jZ1A7-AZy | seatgeek: https://seatgeek.com/iron-wine-tickets/atlanta-georgia-the-eastern-atlanta-2026-10-28-8-pm/concert/18071773,2,Atlanta,33.7136,-84.332802
Jesse Gold,2026-10-28,9:15 PM,"Eddie's Attic, Decatur",,General,https://www.ticketmaster.com/event/Z7r9jZ1A7P3PA,,ticketmaster: https://www.ticketmaster.com/event/Z7r9jZ1A7P3PA,1,Atlanta,33.7715,-84.292397
Low Cut Connie,2026-10-28,8:00 PM,"Vinyl, Atlanta",,Concert / Live Music,https://www.ticketmaster.com/low-cut-connie-atlanta-georgia-10-28-2026/event/0E0064919E8C9F5E,"Rival presents: Low Cut Connie w/ Brian Dunne October 28, 2026 | VINYL | General Admission | All Ages The price you see is the price you pay! All fees are included in the price you see on Ticketmaster (excluding taxes). For ADA Accommodations, email info@rivalentertainment.com. For parking information and an FAQ, visit us at centerstage-atlanta.com.",ticketmaster: https://www.ticketmaster.com/low-cut-connie-atlanta-georgia-10-28-2026/event/0E0064919E8C9F5E,1,Atlanta,33.7918926,-84.3877907
Low Cut Connie with Brian Dunne,2026-10-28,8:00 PM,"Vinyl at Center Stage, Atlanta",,Concert / Live Music,https://seatgeek.com/low-cut-connie-tickets/atlanta-georgia-vinyl-at-center-stage-2026-10-28-8-pm/concert/18201341,,seatgeek: https://seatgeek.com/low-cut-connie-tickets/atlanta-georgia-vinyl-at-center-stage-2026-10-28-8-pm/concert/18201341,1,Atlanta,33.7922,-84.3883
Night of the Living Drag,2026-10-28,8:00 PM,"Tabernacle Presented by iTHINK Financial, Atlanta",,Comedy,https://www.ticketmaster.com/night-of-the-living-drag-atlanta-georgia-10-28-2026/event/0E00651AADE7CBDB,"This Halloween, welcome to Camp Slayaway. Night of the Living Drag returns with an outrageous ?80s slasher spectacular hosted by Violet Chachki, with performances by Laganja Estranja, Jaida Essence Hall, Raja, Nicole Paige Brooks and Salina EsTitties. Violet recounts the twisted tale of how the queens met their gruesome ends, one by one. Now they?re back from the dead for a night of high hair, neon lights, killer performances, twisted comedy and gnarly Halloween horror. This is a fully reserved seating performance. All ages welcome. Box Office Open at 6pm. Doors at 7pm. Show at 8pm. Please be ",ticketmaster: https://www.ticketmaster.com/night-of-the-living-drag-atlanta-georgia-10-28-2026/event/0E00651AADE7CBDB,1,Atlanta,33.758688,-84.391449
Night of the Living Drag - Atlanta,2026-10-28,8:00 PM,"Tabernacle Presented by iTHINK Financial, Atlanta",,Sports & Fitness,https://seatgeek.com/night-of-the-living-drag-tickets/entertainment/2026-10-28-8-pm/18577960,,seatgeek: https://seatgeek.com/night-of-the-living-drag-tickets/entertainment/2026-10-28-8-pm/18577960,1,Atlanta,33.7589,-84.3914
Osees,2026-10-28,8:00 PM,"Variety Playhouse, Atlanta",,Concert / Live Music,https://seatgeek.com/osees-tickets/atlanta-georgia-variety-playhouse-2026-10-28-8-pm/concert/18589656,,seatgeek: https://seatgeek.com/osees-tickets/atlanta-georgia-variety-playhouse-2026-10-28-8-pm/concert/18589656,1,Atlanta,33.7637,-84.3511
Osees w/ Traps PS,2026-10-28,8:00 PM,"Variety Playhouse, Atlanta",,Concert / Live Music,https://www.ticketmaster.com/event/Z7r9jZ1A7P404,,ticketmaster: https://www.ticketmaster.com/event/Z7r9jZ1A7P404,1,Atlanta,33.770199,-84.334602
Students at the Symphony with the Atlanta Symphony Orchestra,2026-10-28,10:15 AM,"Atlanta Symphony Hall, Atlanta",,Concert / Live Music,https://www.ticketmaster.com/students-at-the-symphony-with-the-atlanta-georgia-10-28-2026/event/0E00649CCAE29BC4,"Join us for engaging, curriculum-connected learning experiences that introduce students to the power of live orchestral music.",ticketmaster: https://www.ticketmaster.com/students-at-the-symphony-with-the-atlanta-georgia-10-28-2026/event/0E00649CCAE29BC4 | ticketmaster: https://www.ticketmaster.com/students-at-the-symphony-with-the-atlanta-georgia-10-28-2026/event/0E00649CCAE79BCC,2,Atlanta,33.790098,-84.385493
The Christmas Carnival at Selfie Paradise Museum,2026-10-28,1:00 PM,"Selfie Paradise Museum, Douglasville",,Festival,https://www.universe.com/events/the-christmas-carnival-at-selfie-paradise-museum-tickets-7PQG9Y?ref=ticketmaster,,ticketmaster: https://www.universe.com/events/the-christmas-carnival-at-selfie-paradise-museum-tickets-7PQG9Y?ref=ticketmaster | ticketmaster: https://www.universe.com/events/the-christmas-carnival-at-selfie-paradise-museum-tickets-7PQG9Y?ref=ticketmaster | ticketmaster: https://www.universe.com/events/the-christmas-carnival-at-selfie-paradise-museum-tickets-7PQG9Y?ref=ticketmaster | ticketmaster: https://www.universe.com/events/the-christmas-carnival-at-selfie-paradise-museum-tickets-7PQG9Y?ref=ticketmaster | ticketmaster: https://www.universe.com/events/the-christmas-carnival-at-selfie-paradise-museum-tickets-7PQG9Y?ref=ticketmaster | ticketmaster: https://www.universe.com/events/the-christmas-carnival-at-selfie-paradise-museum-tickets-7PQG9Y?ref=ticketmaster,6,Atlanta,33.728206,-84.743421
Atlanta Hawks vs. Cleveland Cavaliers,2026-10-29,7:00 PM,"State Farm Arena, Atlanta",,Sports & Fitness,https://www.ticketmaster.com/atlanta-hawks-vs-cleveland-cavaliers-atlanta-georgia-10-29-2026/event/0E006505923E520C,,ticketmaster: https://www.ticketmaster.com/atlanta-hawks-vs-cleveland-cavaliers-atlanta-georgia-10-29-2026/event/0E006505923E520C | seatgeek: https://seatgeek.com/atlanta-hawks-tickets/10-29-2026-atlanta-georgia-state-farm-arena-1/nba/18495515,2,Atlanta,33.757796,-84.394569
Buena Vista Social Club,2026-10-29,7:30 PM,"Fox Theatre - Atlanta, Atlanta",,General,https://www.ticketmaster.com/event/Z7r9jZ1A7OSZt,,ticketmaster: https://www.ticketmaster.com/event/Z7r9jZ1A7OSZt,1,Atlanta,33.7714,-84.377403
Buena Vista Social Club - The Musical - Atlanta,2026-10-29,7:30 PM,"Fox Theatre Atlanta, Atlanta",,Arts & Theatre,https://seatgeek.com/buena-vista-social-club-the-musical-tickets/broadway/2026-10-29-7-30-pm/18039833,,seatgeek: https://seatgeek.com/buena-vista-social-club-the-musical-tickets/broadway/2026-10-29-7-30-pm/18039833,1,Atlanta,33.7726,-84.3855
Ethan Regan,2026-10-29,8:00 PM,"Terminal West, Atlanta",,Concert / Live Music,https://seatgeek.com/ethan-regan-tickets/atlanta-georgia-terminal-west-2026-10-29-8-pm/concert/18285565,,seatgeek: https://seatgeek.com/ethan-regan-tickets/atlanta-georgia-terminal-west-2026-10-29-8-pm/concert/18285565,1,Atlanta,33.782307,-84.4164
Ethan Regan w/ Lily Kershaw,2026-10-29,8:00 PM,"Terminal West, Atlanta",,General,https://www.ticketmaster.com/event/Z7r9jZ1A7PKxv,,ticketmaster: https://www.ticketmaster.com/event/Z7r9jZ1A7PKxv,1,Atlanta,33.791901,-84.446404
Holiday Portraits: Capture the Magic at Selfie Paradise Museum,2026-10-29,12:00 PM,"Selfie Paradise Museum, Douglasville",,General,https://www.universe.com/events/holiday-portraits-capture-the-magic-at-selfie-paradise-museum-tickets-6HVT5N?ref=ticketmaster,,ticketmaster: https://www.universe.com/events/holiday-portraits-capture-the-magic-at-selfie-paradise-museum-tickets-6HVT5N?ref=ticketmaster | ticketmaster: https://www.universe.com/events/holiday-portraits-capture-the-magic-at-selfie-paradise-museum-tickets-6HVT5N?ref=ticketmaster | ticketmaster: https://www.universe.com/events/holiday-portraits-capture-the-magic-at-selfie-paradise-museum-tickets-6HVT5N?ref=ticketmaster | ticketmaster: https://www.universe.com/events/holiday-portraits-capture-the-magic-at-selfie-paradise-museum-tickets-6HVT5N?ref=ticketmaster | ticketmaster: https://www.universe.com/events/holiday-portraits-capture-the-magic-at-selfie-paradise-museum-tickets-6HVT5N?ref=ticketmaster | ticketmaster: https://www.universe.com/events/holiday-portraits-capture-the-magic-at-selfie-paradise-museum-tickets-6HVT5N?ref=ticketmaster | ticketmaster: https://www.universe.com/events/holiday-portraits-capture-the-magic-at-selfie-paradise-museum-tickets-6HVT5N?ref=ticketmaster | ticketmaster: https://www.universe.com/events/holiday-portraits-capture-the-magic-at-selfie-paradise-museum-tickets-6HVT5N?ref=ticketmaster | ticketmaster: https://www.universe.com/events/holiday-portraits-capture-the-magic-at-selfie-paradise-museum-tickets-6HVT5N?ref=ticketmaster | ticketmaster: https://www.universe.com/events/holiday-portraits-capture-the-magic-at-selfie-paradise-museum-tickets-6HVT5N?ref=ticketmaster | ticketmaster: https://www.universe.com/events/holiday-portraits-capture-the-magic-at-selfie-paradise-museum-tickets-6HVT5N?ref=ticketmaster | ticketmaster: https://www.universe.com/events/holiday-portraits-capture-the-magic-at-selfie-paradise-museum-tickets-6HVT5N?ref=ticketmaster | ticketmaster: https://www.universe.com/events/holiday-portraits-capture-the-magic-at-selfie-paradise-museum-tickets-6HVT5N?ref=ticketmaster | ticketmaster: https://www.universe.com/events/holiday-portraits-capture-the-magic-at-selfie-paradise-museum-tickets-6HVT5N?ref=ticketmaster | ticketmaster: https://www.universe.com/events/holiday-portraits-capture-the-magic-at-selfie-paradise-museum-tickets-6HVT5N?ref=ticketmaster | ticketmaster: https://www.universe.com/events/holiday-portraits-capture-the-magic-at-selfie-paradise-museum-tickets-6HVT5N?ref=ticketmaster | ticketmaster: https://www.universe.com/events/holiday-portraits-capture-the-magic-at-selfie-paradise-museum-tickets-6HVT5N?ref=ticketmaster | ticketmaster: https://www.universe.com/events/holiday-portraits-capture-the-magic-at-selfie-paradise-museum-tickets-6HVT5N?ref=ticketmaster | ticketmaster: https://www.universe.com/events/holiday-portraits-capture-the-magic-at-selfie-paradise-museum-tickets-6HVT5N?ref=ticketmaster | ticketmaster: https://www.universe.com/events/holiday-portraits-capture-the-magic-at-selfie-paradise-museum-tickets-6HVT5N?ref=ticketmaster | ticketmaster: https://www.universe.com/events/holiday-portraits-capture-the-magic-at-selfie-paradise-museum-tickets-6HVT5N?ref=ticketmaster,21,Atlanta,33.728206,-84.743421
Jon B.,2026-10-29,8:00 PM,"Center Stage Theater, Atlanta",,Arts & Theatre,https://www.ticketmaster.com/jon-b-atlanta-georgia-10-29-2026/event/0E0064D7D9A5ECD6,"Rival presents: Jon B. October 29, 2026 | CENTER STAGE THEATER | Reserved Seating | All Ages The price you see is the price you pay! All fees are included in the price you see on Ticketmaster (excluding taxes). For ADA Accommodations, email info@rivalentertainment.com. For parking information and an FAQ, visit us at centerstage-atlanta.com.",ticketmaster: https://www.ticketmaster.com/jon-b-atlanta-georgia-10-29-2026/event/0E0064D7D9A5ECD6 | seatgeek: https://seatgeek.com/jon-b-tickets/atlanta-georgia-center-stage-theater-atlanta-2026-10-29-8-pm/concert/18344276,2,Atlanta,33.7918926,-84.3877907
Like Father,2026-10-29,7:30 PM,"Alliance Theatre, Atlanta",,General,https://www.ticketmaster.com/event/Z7r9jZ1A70M_z,,ticketmaster: https://www.ticketmaster.com/event/Z7r9jZ1A70M_z,1,Atlanta,33.797401,-84.386803
Like Father - Atlanta,2026-10-29,7:30 PM,"Hertz Stage at Alliance Theatre, Atlanta",,Arts & Theatre,https://seatgeek.com/like-father-1-tickets/theater/2026-10-29-7-30-pm/18275322,,seatgeek: https://seatgeek.com/like-father-1-tickets/theater/2026-10-29-7-30-pm/18275322,1,Atlanta,33.7896,-84.3844
Live Music with Jazz,2026-10-29,9:00 PM,"Eddie's Attic - Decatur, Decatur",,Concert / Live Music,https://seatgeek.com/live-music-tickets/decatur-georgia-eddie-s-attic-decatur-2026-10-29-9-pm/concert/18499000,,seatgeek: https://seatgeek.com/live-music-tickets/decatur-georgia-eddie-s-attic-decatur-2026-10-29-9-pm/concert/18499000,1,Atlanta,33.7739,-84.2964
Lucy Darling - Atlanta,2026-10-29,7:30 PM,"Cobb Energy Performing Arts Centre, Atlanta",,Sports & Fitness,https://seatgeek.com/lucy-darling-tickets/entertainment/2026-10-29-7-30-pm/18506285,,seatgeek: https://seatgeek.com/lucy-darling-tickets/entertainment/2026-10-29-7-30-pm/18506285,1,Atlanta,33.9122,-84.5571
Lucy Darling Pre-Show Talkback,2026-10-29,7:30 PM,"Cobb Energy Performing Arts Centre, Atlanta",,Concert / Live Music,https://www.ticketmaster.com/lucy-darling-preshow-talkback-atlanta-georgia-10-29-2026/event/0E00650AE075E683,"This Ticket Add- On is not a ticket to the show. A separate show ticket is required to enter the theatre. Ticket Add - Ons are sold separately. Enjoy a candid conversation with Carisa Hendrix (the performer behind Lucy Darling) two hours before showtime. Hear never-before-told stories, ask your own questions, and get a behind-the-scenes look at the artistry behind the performance. Seats in the mezzanine and grand tier are not AD Seats in the mezzanine and grand tier are not ADA accessible. If you need accessible seats, you should only buy seats designated as wheelchair accessible and their com",ticketmaster: https://www.ticketmaster.com/lucy-darling-preshow-talkback-atlanta-georgia-10-29-2026/event/0E00650AE075E683,1,Atlanta,33.8844269,-84.4583631
Lucy Darling: Halloween Spooktacular,2026-10-29,7:30 PM,"Cobb Energy Performing Arts Centre, Atlanta",,Concert / Live Music,https://www.ticketmaster.com/lucy-darling-halloween-spooktacular-atlanta-georgia-10-29-2026/event/0E00650B8D4D5ECF,"Seats in the mezzanine and grand tier are not ADA accessible. If you need accessible seats, you should only buy seats designated as wheelchair accessible and their companion tickets in the orchestra. Please note: Anyone attending a performance at the Cobb Energy Performing Arts Centre requires a ticket, regardless of age.",ticketmaster: https://www.ticketmaster.com/lucy-darling-halloween-spooktacular-atlanta-georgia-10-29-2026/event/0E00650B8D4D5ECF,1,Atlanta,33.8844269,-84.4583631
Madds Buckley,2026-10-29,7:00 PM,"The Masquerade - Purgatory, Atlanta",,Concert / Live Music,https://seatgeek.com/madds-buckley-tickets/atlanta-georgia-the-masquerade-purgatory-2026-10-29-7-pm/concert/18406074,,seatgeek: https://seatgeek.com/madds-buckley-tickets/atlanta-georgia-the-masquerade-purgatory-2026-10-29-7-pm/concert/18406074,1,Atlanta,33.7515,-84.3899
Madds Buckley 2026/2027 North American Tour,2026-10-29,7:00 PM,"The Masquerade - Purgatory, Atlanta",,Concert / Live Music,https://www.ticketmaster.com/madds-buckley-20262027-north-american-tour-atlanta-georgia-10-29-2026/event/0E0064F4E22DE4E5,"We look forward to hosting you at The Masquerade! Doors are at 7:00 PM. The Masquerade is now proud to be serving food. Check our socials for the food window's schedule, pinned at the top of the feed. For more info and our FAQ, visit MASQ.com",ticketmaster: https://www.ticketmaster.com/madds-buckley-20262027-north-american-tour-atlanta-georgia-10-29-2026/event/0E0064F4E22DE4E5,1,Atlanta,33.75184,-84.389887
Ouija Macc,2026-10-29,8:00 PM,"Vinyl, Atlanta",,Concert / Live Music,https://www.ticketmaster.com/ouija-macc-atlanta-georgia-10-29-2026/event/0E0064F5D249F5B8,"Rival presents: Ouija Macc America's Most Wicked Tour October 29, 2026 | VINYL | General Admission | All Ages The price you see is the price you pay! All fees are included in the price you see on Ticketmaster (excluding taxes). For ADA Accommodations, email info@rivalentertainment.com. For parking information and an FAQ, visit us at centerstage-atlanta.com.",ticketmaster: https://www.ticketmaster.com/ouija-macc-atlanta-georgia-10-29-2026/event/0E0064F5D249F5B8,1,Atlanta,33.7918926,-84.3877907
Ouija Macc with Billy Marchiafava,2026-10-29,8:00 PM,"Vinyl at Center Stage, Atlanta",,Concert / Live Music,https://seatgeek.com/ouija-macc-tickets/atlanta-georgia-vinyl-at-center-stage-2026-10-29-8-pm/concert/18396833,,seatgeek: https://seatgeek.com/ouija-macc-tickets/atlanta-georgia-vinyl-at-center-stage-2026-10-29-8-pm/concert/18396833,1,Atlanta,33.7922,-84.3883
Skyline Lounge Lucy Darling,2026-10-29,7:30 PM,"Cobb Energy Performing Arts Centre, Atlanta",,Concert / Live Music,https://www.ticketmaster.com/skyline-lounge-lucy-darling-atlanta-georgia-10-29-2026/event/0E00650B8D565EDB,"THIS EVENT SPACE IS FOR AGES 21 AND OLDER. Add to your experience at Cobb Energy Centre with inclusive $55.00 price at Skyline Lounge. This premium lounge features a custom bar and ample seating. Enhance your concert experience at the new Skyline Lounge at Cobb Energy Centre. Located on the Grand Tier, this exclusive space offers an airy and inviting atmosphere with a stylish and comfortable bar area. For one inclusive price, your admission includes exclusive use of the lounge starting 90 minutes prior to showtime and during intermission (when applicable), access to a dedicated bar featuring e",ticketmaster: https://www.ticketmaster.com/skyline-lounge-lucy-darling-atlanta-georgia-10-29-2026/event/0E00650B8D565EDB,1,Atlanta,33.8844269,-84.4583631
"TBD at Atlanta Dream - WNBA Finals (Game 6, Home Game 3)",2026-10-29,,"State Farm Arena, Atlanta",,Sports & Fitness,https://seatgeek.com/atlanta-dream-tickets/wnba/2026-10-29-3-30-am/18471104,,seatgeek: https://seatgeek.com/atlanta-dream-tickets/wnba/2026-10-29-3-30-am/18471104,1,Atlanta,33.7566,-84.3969
The 4 Korners: Portal of Gold - 10th Anniversary Live Recording,2026-10-29,9:00 PM,"Eddie's Attic, Decatur",,Concert / Live Music,https://www.ticketmaster.com/the-4-korners-portal-of-gold-decatur-georgia-10-29-2026/event/0E00650DD03DCB7C,"The 4 Korners live at Eddie's Attic! The 4 Korners are an Atlanta-area instrumental band known for their dynamic blend of jazz fusion, funk, rock, and groove-driven music, a sound they call ""Journey Music."" Featuring Clarence ""T-Lee"" Hill on keys, James ""JT"" Thompson on bass, Isaac ""Ike"" Thompson on guitar, and Jerrod ""J-Rod"" Sullivan on drums, the group is rooted in decades of friendship and a shared passion for music that takes listeners somewhere. Formed in 2011, the band released their self-titled debut independently in 2014 before signing with Ropeadope Records in 2015. Their sophomore al",ticketmaster: https://www.ticketmaster.com/the-4-korners-portal-of-gold-decatur-georgia-10-29-2026/event/0E00650DD03DCB7C,1,Atlanta,33.773975,-84.296271
The Christmas Carnival at Selfie Paradise Museum,2026-10-29,1:00 PM,"Selfie Paradise Museum, Douglasville",,Festival,https://www.universe.com/events/the-christmas-carnival-at-selfie-paradise-museum-tickets-7PQG9Y?ref=ticketmaster,,ticketmaster: https://www.universe.com/events/the-christmas-carnival-at-selfie-paradise-museum-tickets-7PQG9Y?ref=ticketmaster | ticketmaster: https://www.universe.com/events/the-christmas-carnival-at-selfie-paradise-museum-tickets-7PQG9Y?ref=ticketmaster | ticketmaster: https://www.universe.com/events/the-christmas-carnival-at-selfie-paradise-museum-tickets-7PQG9Y?ref=ticketmaster | ticketmaster: https://www.universe.com/events/the-christmas-carnival-at-selfie-paradise-museum-tickets-7PQG9Y?ref=ticketmaster | ticketmaster: https://www.universe.com/events/the-christmas-carnival-at-selfie-paradise-museum-tickets-7PQG9Y?ref=ticketmaster | ticketmaster: https://www.universe.com/events/the-christmas-carnival-at-selfie-paradise-museum-tickets-7PQG9Y?ref=ticketmaster,6,Atlanta,33.728206,-84.743421
The Mountain Grass Unit,2026-10-29,8:00 PM,"Variety Playhouse, Atlanta",,Concert / Live Music,https://www.ticketmaster.com/event/Z7r9jZ1A7PJ1Z,,ticketmaster: https://www.ticketmaster.com/event/Z7r9jZ1A7PJ1Z | seatgeek: https://seatgeek.com/mountain-grass-unit-tickets/atlanta-georgia-variety-playhouse-2026-10-29-8-pm/concert/18321533,2,Atlanta,33.770199,-84.334602
Tours: Truist Park,2026-10-29,2:00 PM,"Truist Park, Atlanta",,Concert / Live Music,https://www.ticketmaster.com/tours-truist-park-atlanta-georgia-10-29-2026/event/0E00651194FC62B5,"Tours begin based on the following schedule: In-Season (April-September/Playoffs) Monday - Saturday : 10:00am, 11:00am, Noon, 1:00pm, 2:00pm Sundays: 1:00pm, 3:00pm Off-Season (Oct-Mar) Mon-Sat: 10:00am, 12:00pm, 2:00pm Tours are 90 minutes in length. No Tours are given if a day game is being played. Please be sure to not only select the correct number and types of tickets, but also the time you want to attend.",ticketmaster: https://www.ticketmaster.com/tours-truist-park-atlanta-georgia-10-29-2026/event/0E00651194FC62B5,1,Atlanta,33.890304,-84.468127
Zach Top with Lukas Nelson,2026-10-29,8:00 PM,"Gas South Arena, Duluth",,Concert / Live Music,https://seatgeek.com/zach-top-tickets/duluth-georgia-gas-south-arena-2026-10-29-8-pm/concert/18285545,,seatgeek: https://seatgeek.com/zach-top-tickets/duluth-georgia-gas-south-arena-2026-10-29-8-pm/concert/18285545,1,Atlanta,33.9896,-84.0942
Zach Top: Cold Beer & Country Music Tour 2026,2026-10-29,8:00 PM,"Gas South Arena, Duluth",,Concert / Live Music,https://www.ticketmaster.com/zach-top-cold-beer-country-music-duluth-georgia-10-29-2026/event/0E0064B59805A5D2,"Ages 2 and older require a ticket. No Refunds. No Exchanges. Pricing, line up, and production setup may change without notice. Ticket purchases exceeding the posted ticket limit, either within a single order or across multiple orders, may be subject to order(s) being voided without notice. Las edades de 2 años o más requieren un boleto. Sin reembolsos. Sin intercambios. Los precios, la alineación y la configuración de producción pueden cambiar sin previo aviso. Las compras de boletos que excedan el límite de boletos publicados, ya sea dentro de un solo pedido o en múltiples pedidos, pueden est",ticketmaster: https://www.ticketmaster.com/zach-top-cold-beer-country-music-duluth-georgia-10-29-2026/event/0E0064B59805A5D2,1,Atlanta,33.9869191,-84.0907288
8 Rooms of Terror Experience,2026-10-30,5:00 PM,"Selfie Paradise Museum, Douglasville",,General,https://www.universe.com/events/8-rooms-of-terror-experience-tickets-BND7L9?ref=ticketmaster,,ticketmaster: https://www.universe.com/events/8-rooms-of-terror-experience-tickets-BND7L9?ref=ticketmaster | ticketmaster: https://www.universe.com/events/8-rooms-of-terror-experience-tickets-BND7L9?ref=ticketmaster | ticketmaster: https://www.universe.com/events/8-rooms-of-terror-experience-tickets-BND7L9?ref=ticketmaster | ticketmaster: https://www.universe.com/events/8-rooms-of-terror-experience-tickets-BND7L9?ref=ticketmaster,4,Atlanta,33.728206,-84.743421
BECK: RIDE LONESOME TOUR,2026-10-30,7:30 PM,"Coca-Cola Roxy, Atlanta",,Concert / Live Music,https://www.ticketmaster.com/beck-ride-lonesome-tour-atlanta-georgia-10-30-2026/event/0E00648E91795CA4,This is a fully reserved seating performance. Doors at 7:00pm Show at 8:00pm All ages welcome,ticketmaster: https://www.ticketmaster.com/beck-ride-lonesome-tour-atlanta-georgia-10-30-2026/event/0E00648E91795CA4,1,Atlanta,33.89024,-84.469717
Beck,2026-10-30,8:00 PM,"Coca-Cola Roxy Theatre, Atlanta",,Concert / Live Music,https://seatgeek.com/beck-tickets/atlanta-georgia-coca-cola-roxy-theatre-2026-10-30-8-pm/concert/18194424,,seatgeek: https://seatgeek.com/beck-tickets/atlanta-georgia-coca-cola-roxy-theatre-2026-10-30-8-pm/concert/18194424,1,Atlanta,33.8903,-84.4697
Buena Vista Social Club,2026-10-30,7:30 PM,"Fox Theatre - Atlanta, Atlanta",,General,https://www.ticketmaster.com/event/Z7r9jZ1A7OSZY,,ticketmaster: https://www.ticketmaster.com/event/Z7r9jZ1A7OSZY,1,Atlanta,33.7714,-84.377403
Buena Vista Social Club - The Musical - Atlanta,2026-10-30,7:30 PM,"Fox Theatre Atlanta, Atlanta",,Arts & Theatre,https://seatgeek.com/buena-vista-social-club-the-musical-tickets/broadway/2026-10-30-7-30-pm/18039832,,seatgeek: https://seatgeek.com/buena-vista-social-club-the-musical-tickets/broadway/2026-10-30-7-30-pm/18039832,1,Atlanta,33.7726,-84.3855
CLUB 1BD,2026-10-30,8:00 PM,"Center Stage Theater - Atlanta, Atlanta",,Concert / Live Music,https://seatgeek.com/club-1bd-tickets/atlanta-georgia-center-stage-theater-atlanta-2026-10-30-8-pm/concert/18617507,,seatgeek: https://seatgeek.com/club-1bd-tickets/atlanta-georgia-center-stage-theater-atlanta-2026-10-30-8-pm/concert/18617507,1,Atlanta,33.7922,-84.388
Club 1BD Halloween Atlanta,2026-10-30,8:00 PM,"Center Stage Theater, Atlanta",,Arts & Theatre,https://www.ticketmaster.com/club-1bd-halloween-atlanta-atlanta-georgia-10-30-2026/event/0E0065369D707314,"Club 1BD Halloween Atlanta October 31, 2026 | CENTER STAGE THEATER | General Admission | 21+ Only",ticketmaster: https://www.ticketmaster.com/club-1bd-halloween-atlanta-atlanta-georgia-10-30-2026/event/0E0065369D707314,1,Atlanta,33.7918926,-84.3877907
Crowder,2026-10-30,7:00 PM,"First Baptist Church of Woodstock - GA, Woodstock",,Concert / Live Music,https://www.ticketmaster.com/event/Z7r9jZ1A7Pooa,,ticketmaster: https://www.ticketmaster.com/event/Z7r9jZ1A7Pooa | seatgeek: https://seatgeek.com/crowder-tickets/woodstock-georgia-first-baptist-church-woodstock-georgia-2026-10-30-7-pm/concert/18516225,2,Atlanta,34.120098,-84.464897
"Crowder LIVE! - Woodstock, GA",2026-10-30,7:00 PM,"First Baptist Church Woodstock, Woodstock",$25.00 - $45.00,Concert / Live Music,https://www.ticketweb.com/event/crowder-live-woodstock-first-baptist-church-woodstock-tickets/14971073,"Crowder LIVE! is coming this fall, bringing an unforgettable night of music, worship, and community to cities across the country. Known for his genre-defying sound, dynamic live performances, and crowd-favorite hits like , ""rdquo"" -> Good God Almighty,"" , ""rdquo"" -> Grave Robber,"" and , ""rdquo"" -> Somebody Prayed,"" Crowder delivers a concert experience unlike any other. From powerful worship moments to high-energy anthems, every night promises the authentic, electrifying show fans have come to love. Joining Crowder on all dates is fan-favorite Rend Collective, with Lost & Found and Benjamin Wi",ticketmaster: https://www.ticketweb.com/event/crowder-live-woodstock-first-baptist-church-woodstock-tickets/14971073,1,Atlanta,34.0920305,-84.4906096
Daft Disko Halloween (21+),2026-10-30,9:00 PM,"Vinyl, Atlanta",,Arts & Theatre,https://www.ticketmaster.com/daft-disko-halloween-atlanta-georgia-10-30-2026/event/0E0064F59478825C,"Daft Disko Halloween October 30, 2026 | VINYL | General Admission | Age Restrictions The price you see is the price you pay! All fees are included in the price you see on Ticketmaster (excluding taxes). For ADA Accommodations, email info@rivalentertainment.com. For parking information and an FAQ, visit us at centerstage-atlanta.com.",ticketmaster: https://www.ticketmaster.com/daft-disko-halloween-atlanta-georgia-10-30-2026/event/0E0064F59478825C | seatgeek: https://seatgeek.com/daft-disko-tickets/atlanta-georgia-vinyl-at-center-stage-2026-10-30-9-pm/concert/18549537,2,Atlanta,33.7918926,-84.3877907
David Jolly,2026-10-30,7:30 PM,"Helium Comedy Club - Atlanta, Alpharetta",,Comedy,https://seatgeek.com/david-jolly-tickets/comedy/2026-10-30-7-30-pm/18452976,,seatgeek: https://seatgeek.com/david-jolly-tickets/comedy/2026-10-30-7-30-pm/18452976 | seatgeek: https://seatgeek.com/david-jolly-tickets/comedy/2026-10-30-9-45-pm/18452981,2,Atlanta,34.0754,-84.2941
Garage - 1180 Peachtree St: Hocus Pocus,2026-10-30,7:30 PM,"Atlanta Symphony Hall, Atlanta",,General,https://www.ticketmaster.com/garage-1180-peachtree-st-hocus-pocus-atlanta-georgia-10-30-2026/event/0E00646AD9EACB2C,Garage: 1180 Peachtree Street NE (Peachtree NE & 14th Street),ticketmaster: https://www.ticketmaster.com/garage-1180-peachtree-st-hocus-pocus-atlanta-georgia-10-30-2026/event/0E00646AD9EACB2C,1,Atlanta,33.790098,-84.385493
Half Alive,2026-10-30,7:00 PM,"The Masquerade - Hell, Atlanta",,Concert / Live Music,https://seatgeek.com/half-alive-tickets/atlanta-georgia-the-masquerade-hell-2026-10-30-7-pm/concert/18549998,,seatgeek: https://seatgeek.com/half-alive-tickets/atlanta-georgia-the-masquerade-hell-2026-10-30-7-pm/concert/18549998,1,Atlanta,33.7522,-84.3901
Haunted Fest (2 Day Pass),2026-10-30,,"Piedmont Park, Atlanta",,Festival,https://seatgeek.com/haunted-fest-tickets/atlanta-georgia-piedmont-park-2026-10-30-3-30-am/music-festival/18609592,,seatgeek: https://seatgeek.com/haunted-fest-tickets/atlanta-georgia-piedmont-park-2026-10-30-3-30-am/music-festival/18609592,1,Atlanta,33.7885,-84.3731
Haunted Fest (Friday Pass),2026-10-30,5:00 PM,"Piedmont Park, Atlanta",,Festival,https://seatgeek.com/haunted-fest-tickets/atlanta-georgia-piedmont-park-2026-10-30-5-pm/music-festival/18609593,,seatgeek: https://seatgeek.com/haunted-fest-tickets/atlanta-georgia-piedmont-park-2026-10-30-5-pm/music-festival/18609593,1,Atlanta,33.7885,-84.3731
"Hey, Nothing",2026-10-30,8:00 PM,"Variety Playhouse, Atlanta",,Concert / Live Music,https://www.ticketmaster.com/event/Z7r9jZ1A7PtuS,,ticketmaster: https://www.ticketmaster.com/event/Z7r9jZ1A7PtuS | seatgeek: https://seatgeek.com/hey-nothing-tickets/atlanta-georgia-variety-playhouse-2026-10-30-8-pm/concert/18301743,2,Atlanta,33.770199,-84.334602
Hocus Pocus In Concert - Atlanta,2026-10-30,7:30 PM,"Atlanta Symphony Hall at Woodruff Arts Center, Atlanta",,Concert / Live Music,https://seatgeek.com/hocus-pocus-in-concert-tickets/film/2026-10-30-7-30-pm/18132335,,seatgeek: https://seatgeek.com/hocus-pocus-in-concert-tickets/film/2026-10-30-7-30-pm/18132335,1,Atlanta,33.7893,-84.3847
Hocus Pocus: Live With The Atlanta Symphony Orchestra,2026-10-30,7:30 PM,"Atlanta Symphony Hall, Atlanta",,Concert / Live Music,https://www.ticketmaster.com/hocus-pocus-live-with-the-atlanta-atlanta-georgia-10-30-2026/event/0E006464E156F3FB,,ticketmaster: https://www.ticketmaster.com/hocus-pocus-live-with-the-atlanta-atlanta-georgia-10-30-2026/event/0E006464E156F3FB,1,Atlanta,33.790098,-84.385493
Holiday Portraits: Capture the Magic at Selfie Paradise Museum,2026-10-30,12:00 PM,"Selfie Paradise Museum, Douglasville",,General,https://www.universe.com/events/holiday-portraits-capture-the-magic-at-selfie-paradise-museum-tickets-6HVT5N?ref=ticketmaster,,ticketmaster: https://www.universe.com/events/holiday-portraits-capture-the-magic-at-selfie-paradise-museum-tickets-6HVT5N?ref=ticketmaster | ticketmaster: https://www.universe.com/events/holiday-portraits-capture-the-magic-at-selfie-paradise-museum-tickets-6HVT5N?ref=ticketmaster | ticketmaster: https://www.universe.com/events/holiday-portraits-capture-the-magic-at-selfie-paradise-museum-tickets-6HVT5N?ref=ticketmaster | ticketmaster: https://www.universe.com/events/holiday-portraits-capture-the-magic-at-selfie-paradise-museum-tickets-6HVT5N?ref=ticketmaster | ticketmaster: https://www.universe.com/events/holiday-portraits-capture-the-magic-at-selfie-paradise-museum-tickets-6HVT5N?ref=ticketmaster | ticketmaster: https://www.universe.com/events/holiday-portraits-capture-the-magic-at-selfie-paradise-museum-tickets-6HVT5N?ref=ticketmaster | ticketmaster: https://www.universe.com/events/holiday-portraits-capture-the-magic-at-selfie-paradise-museum-tickets-6HVT5N?ref=ticketmaster | ticketmaster: https://www.universe.com/events/holiday-portraits-capture-the-magic-at-selfie-paradise-museum-tickets-6HVT5N?ref=ticketmaster | ticketmaster: https://www.universe.com/events/holiday-portraits-capture-the-magic-at-selfie-paradise-museum-tickets-6HVT5N?ref=ticketmaster | ticketmaster: https://www.universe.com/events/holiday-portraits-capture-the-magic-at-selfie-paradise-museum-tickets-6HVT5N?ref=ticketmaster | ticketmaster: https://www.universe.com/events/holiday-portraits-capture-the-magic-at-selfie-paradise-museum-tickets-6HVT5N?ref=ticketmaster | ticketmaster: https://www.universe.com/events/holiday-portraits-capture-the-magic-at-selfie-paradise-museum-tickets-6HVT5N?ref=ticketmaster | ticketmaster: https://www.universe.com/events/holiday-portraits-capture-the-magic-at-selfie-paradise-museum-tickets-6HVT5N?ref=ticketmaster | ticketmaster: https://www.universe.com/events/holiday-portraits-capture-the-magic-at-selfie-paradise-museum-tickets-6HVT5N?ref=ticketmaster | ticketmaster: https://www.universe.com/events/holiday-portraits-capture-the-magic-at-selfie-paradise-museum-tickets-6HVT5N?ref=ticketmaster | ticketmaster: https://www.universe.com/events/holiday-portraits-capture-the-magic-at-selfie-paradise-museum-tickets-6HVT5N?ref=ticketmaster | ticketmaster: https://www.universe.com/events/holiday-portraits-capture-the-magic-at-selfie-paradise-museum-tickets-6HVT5N?ref=ticketmaster | ticketmaster: https://www.universe.com/events/holiday-portraits-capture-the-magic-at-selfie-paradise-museum-tickets-6HVT5N?ref=ticketmaster | ticketmaster: https://www.universe.com/events/holiday-portraits-capture-the-magic-at-selfie-paradise-museum-tickets-6HVT5N?ref=ticketmaster | ticketmaster: https://www.universe.com/events/holiday-portraits-capture-the-magic-at-selfie-paradise-museum-tickets-6HVT5N?ref=ticketmaster | ticketmaster: https://www.universe.com/events/holiday-portraits-capture-the-magic-at-selfie-paradise-museum-tickets-6HVT5N?ref=ticketmaster,21,Atlanta,33.728206,-84.743421
Jackson Dean,2026-10-30,8:00 PM,"Buckhead Theatre, Atlanta",,Concert / Live Music,https://www.ticketmaster.com/jackson-dean-atlanta-georgia-10-30-2026/event/0E00651B2C7B8AD1,All ages welcome. Doors at 7:00 PM. Show at 8:00 PM. Main floor is general admission standing. Balcony is reserved seating. GA floor has a pit area with limited capacity. GA ticketholders who arrive after the pit is full will be directed to other open areas on the floor.,ticketmaster: https://www.ticketmaster.com/jackson-dean-atlanta-georgia-10-30-2026/event/0E00651B2C7B8AD1 | seatgeek: https://seatgeek.com/jackson-dean-tickets/atlanta-georgia-buckhead-theatre-2026-10-30-8-pm/concert/18550099,2,Atlanta,33.8402272,-84.3795437
Jady,2026-10-30,7:00 PM,"The Masquerade - Purgatory, Atlanta",,Food & Drink,https://www.ticketmaster.com/jady-atlanta-georgia-10-30-2026/event/0E0064D6B35B8E50,"We look forward to hosting you at The Masquerade! Doors are at 7:00 PM. The Masquerade is now proud to be serving food. Check our socials for the food window's schedule, pinned at the top of the feed. For more info and our FAQ, visit MASQ.com",ticketmaster: https://www.ticketmaster.com/jady-atlanta-georgia-10-30-2026/event/0E0064D6B35B8E50 | seatgeek: https://seatgeek.com/jady-tickets/atlanta-georgia-the-masquerade-purgatory-2026-10-30-7-pm/concert/18326053,2,Atlanta,33.75184,-84.389887
Juice,2026-10-30,8:00 PM,"Aisle 5, Atlanta",,Concert / Live Music,https://eventim.us/a5juice2026,,ticketmaster: https://eventim.us/a5juice2026 | ticketmaster: https://www.ticketmaster.com/event/Z7r9jZ1A7Jo4F | seatgeek: https://seatgeek.com/juice-tickets/atlanta-georgia-aisle-5-2026-10-30-8-pm/concert/18370372,3,Atlanta,33.764272,-84.350224
Justin Nozuka,2026-10-30,7:00 PM,"The Masquerade - Altar, Atlanta",,Food & Drink,https://www.ticketmaster.com/justin-nozuka-atlanta-georgia-10-30-2026/event/0E0064BAF75C6BB7,"We look forward to hosting you at The Masquerade! Doors are at 7:00 PM. The Masquerade is now proud to be serving food. Check our socials for the food window's schedule, pinned at the top of the feed. For more info and our FAQ, visit MASQ.com",ticketmaster: https://www.ticketmaster.com/justin-nozuka-atlanta-georgia-10-30-2026/event/0E0064BAF75C6BB7 | seatgeek: https://seatgeek.com/justin-nozuka-tickets/atlanta-georgia-the-masquerade-altar-2026-10-30-7-pm/concert/18270365,2,Atlanta,33.75202,-84.38945
Like Father,2026-10-30,7:30 PM,"Alliance Theatre, Atlanta",,General,https://www.ticketmaster.com/event/Z7r9jZ1A70M_y,,ticketmaster: https://www.ticketmaster.com/event/Z7r9jZ1A70M_y,1,Atlanta,33.797401,-84.386803
Like Father - Atlanta,2026-10-30,7:30 PM,"Hertz Stage at Alliance Theatre, Atlanta",,Arts & Theatre,https://seatgeek.com/like-father-1-tickets/theater/2026-10-30-7-30-pm/18275323,,seatgeek: https://seatgeek.com/like-father-1-tickets/theater/2026-10-30-7-30-pm/18275323,1,Atlanta,33.7896,-84.3844
Live Music,2026-10-30,9:00 PM,"Eddie's Attic - Decatur, Decatur",,Concert / Live Music,https://seatgeek.com/live-music-tickets/decatur-georgia-eddie-s-attic-decatur-2026-10-30-9-pm/concert/18612769,,seatgeek: https://seatgeek.com/live-music-tickets/decatur-georgia-eddie-s-attic-decatur-2026-10-30-9-pm/concert/18612769,1,Atlanta,33.7739,-84.2964
Peak Halloween Atlanta,2026-10-30,10:00 PM,"The Loft, Atlanta",,Nightlife / Party,https://www.ticketmaster.com/peak-halloween-atlanta-atlanta-georgia-10-30-2026/event/0E0065389CB1B348,"Peak Halloween takes over The Loft on Friday, October 30 from 10PM to 2AM. Expect a high energy Halloween party with music, production, and a college crowd from across Atltanta. Costumes encouraged. 18 to enter and 21 to drink. October 30, 2026 | LOFT | General Admission | Age Restrictions The price you see is the price you pay! All fees are included in the price you see on Ticketmaster (excluding taxes). For ADA Accommodations, email info@rivalentertainment.com. For parking information and an FAQ, visit us at centerstage-atlanta.com.",ticketmaster: https://www.ticketmaster.com/peak-halloween-atlanta-atlanta-georgia-10-30-2026/event/0E0065389CB1B348,1,Atlanta,33.7918926,-84.3877907
SKIP DAY ATLANTA: SKIP-O-WEEN 10.30.26,2026-10-30,12:00 PM - 7:00 PM,"Westside Motor Lounge, 725 Echo Street Northwest, Atlanta, GA 30318",,Nightlife / Party,https://www.eventbrite.com/e/skip-day-atlanta-skip-o-ween-103026-tickets-1989190832327,,eventbrite: https://www.eventbrite.com/e/skip-day-atlanta-skip-o-ween-103026-tickets-1989190832327,1,Atlanta,33.749,-84.388
Sammy Rae and The Friends w/ Melt,2026-10-30,8:00 PM,"The Eastern-GA, Atlanta",,Concert / Live Music,https://www.ticketmaster.com/event/Z7r9jZ1A7xZ--,,ticketmaster: https://www.ticketmaster.com/event/Z7r9jZ1A7xZ-- | seatgeek: https://seatgeek.com/sammy-rae-the-friends-tickets/atlanta-georgia-the-eastern-atlanta-2026-10-30-8-pm/concert/18157660,2,Atlanta,33.7136,-84.332802
Slap Dragon,2026-10-30,9:00 PM,"Eddie's Attic, Decatur",,Concert / Live Music,https://www.ticketmaster.com/slap-dragon-decatur-georgia-10-30-2026/event/0E00652FF9C92B21,"Slap Dragon live at Eddie's Attic! Slap Dragon is the brainchild of bassist Scott Mulvahill and vocalist Laura Berens, who met and began writing songs together in the summer of 2023. Soul vocals and acoustic instruments played by some of Nashville's heaviest session musicians combine for a fresh, funky, and irresistibly joyful sound that is equal parts bluegrass, disco, and R&B. Slap Dragon played their first show on June 1st, 2024 to an enthusiastic crowd in Nashville, followed by a set at Bonnaroo. A recent Instagram clip of ""Already Won"" surpassed 260k views, and following a successful Kick",ticketmaster: https://www.ticketmaster.com/slap-dragon-decatur-georgia-10-30-2026/event/0E00652FF9C92B21,1,Atlanta,33.773975,-84.296271
Steve Lacy,2026-10-30,8:00 PM,"Synovus Bank Amphitheatre at Chastain Park, Atlanta",,Concert / Live Music,https://seatgeek.com/steve-lacy-tickets/atlanta-georgia-synovus-bank-amphitheatre-at-chastain-park-2026-10-30-8-pm/concert/18485935,,seatgeek: https://seatgeek.com/steve-lacy-tickets/atlanta-georgia-synovus-bank-amphitheatre-at-chastain-park-2026-10-30-8-pm/concert/18485935,1,Atlanta,33.8766,-84.396
Steve Lacy: Oh yeah? Tour,2026-10-30,8:00 PM,"Synovus Bank Amphitheater at Chastain Park, Atlanta",,Concert / Live Music,https://www.ticketmaster.com/steve-lacy-oh-yeah-tour-atlanta-georgia-10-30-2026/event/0E0064FF95C6837A,This is a no table setup. Coolers and Carry-Ins are NOT allowed. All shows are rain or shine. Everyone must have a ticket,ticketmaster: https://www.ticketmaster.com/steve-lacy-oh-yeah-tour-atlanta-georgia-10-30-2026/event/0E0064FF95C6837A,1,Atlanta,33.8768817,-84.3972168
Svdden Death,2026-10-30,10:00 PM,"Believe Music Hall, Atlanta",,Concert / Live Music,https://www.ticketmaster.com/event/Z7r9jZ1AAvdGg,,ticketmaster: https://www.ticketmaster.com/event/Z7r9jZ1AAvdGg,1,Atlanta,33.744301,-84.375397
The Christmas Carnival at Selfie Paradise Museum,2026-10-30,1:00 PM,"Selfie Paradise Museum, Douglasville",,Festival,https://www.universe.com/events/the-christmas-carnival-at-selfie-paradise-museum-tickets-7PQG9Y?ref=ticketmaster,,ticketmaster: https://www.universe.com/events/the-christmas-carnival-at-selfie-paradise-museum-tickets-7PQG9Y?ref=ticketmaster | ticketmaster: https://www.universe.com/events/the-christmas-carnival-at-selfie-paradise-museum-tickets-7PQG9Y?ref=ticketmaster | ticketmaster: https://www.universe.com/events/the-christmas-carnival-at-selfie-paradise-museum-tickets-7PQG9Y?ref=ticketmaster | ticketmaster: https://www.universe.com/events/the-christmas-carnival-at-selfie-paradise-museum-tickets-7PQG9Y?ref=ticketmaster | ticketmaster: https://www.universe.com/events/the-christmas-carnival-at-selfie-paradise-museum-tickets-7PQG9Y?ref=ticketmaster | ticketmaster: https://www.universe.com/events/the-christmas-carnival-at-selfie-paradise-museum-tickets-7PQG9Y?ref=ticketmaster,6,Atlanta,33.728206,-84.743421
West 22nd,2026-10-30,8:00 PM,"Terminal West, Atlanta",,Concert / Live Music,https://www.ticketmaster.com/event/Z7r9jZ1A707fa,,ticketmaster: https://www.ticketmaster.com/event/Z7r9jZ1A707fa | seatgeek: https://seatgeek.com/west-22nd-tickets/atlanta-georgia-terminal-west-2026-10-30-8-pm/concert/18291325,2,Atlanta,33.791901,-84.446404
half alive: Billions Tour,2026-10-30,7:00 PM,"The Masquerade - Hell, Atlanta",,Concert / Live Music,https://www.ticketmaster.com/half-alive-billions-tour-atlanta-georgia-10-30-2026/event/0E00651CDB56A097,"We look forward to hosting you at The Masquerade! Doors are at 7:00 PM. The Masquerade is now proud to be serving food. Check our socials for the food window's schedule, pinned at the top of the feed. For more info and our FAQ, visit MASQ.com",ticketmaster: https://www.ticketmaster.com/half-alive-billions-tour-atlanta-georgia-10-30-2026/event/0E00651CDB56A097,1,Atlanta,33.75184,-84.389887
8 Rooms of Terror Experience,2026-10-31,5:00 PM,"Selfie Paradise Museum, Douglasville",,General,https://www.universe.com/events/8-rooms-of-terror-experience-tickets-BND7L9?ref=ticketmaster,,ticketmaster: https://www.universe.com/events/8-rooms-of-terror-experience-tickets-BND7L9?ref=ticketmaster | ticketmaster: https://www.universe.com/events/8-rooms-of-terror-experience-tickets-BND7L9?ref=ticketmaster | ticketmaster: https://www.universe.com/events/8-rooms-of-terror-experience-tickets-BND7L9?ref=ticketmaster | ticketmaster: https://www.universe.com/events/8-rooms-of-terror-experience-tickets-BND7L9?ref=ticketmaster | ticketmaster: https://www.universe.com/events/8-rooms-of-terror-experience-tickets-BND7L9?ref=ticketmaster,5,Atlanta,33.728206,-84.743421
Albany State Golden Rams at Clark Atlanta Panthers Football,2026-10-31,6:00 PM,"CAU Panther Stadium, Atlanta",,Sports & Fitness,https://seatgeek.com/clark-atlanta-panthers-football-tickets/ncaa-football/2026-10-31-6-pm/18503837,,seatgeek: https://seatgeek.com/clark-atlanta-panthers-football-tickets/ncaa-football/2026-10-31-6-pm/18503837,1,Atlanta,33.7531,-84.4115
All Smiles - Atlanta,2026-10-31,10:00 AM,"Selig Family Black Box Theatre at Alliance Theatre, Atlanta",,Fair / Popup,https://seatgeek.com/all-smiles-tickets/family/2026-10-31-10-am/18275383,,seatgeek: https://seatgeek.com/all-smiles-tickets/family/2026-10-31-10-am/18275383 | seatgeek: https://seatgeek.com/all-smiles-tickets/family/2026-10-31-11-16-am/18275385,2,Atlanta,33.789246,-84.38541
Atlanta Gridiron Classic: Florida Gators vs Georgia Bulldogs Football,2026-10-31,,"Mercedes-Benz Stadium, Atlanta",,Sports & Fitness,https://seatgeek.com/atlanta-gridiron-classic-tickets/ncaa-football/2026-10-31-3-30-am/17956817,,seatgeek: https://seatgeek.com/atlanta-gridiron-classic-tickets/ncaa-football/2026-10-31-3-30-am/17956817,1,Atlanta,33.7553,-84.4006
Buena Vista Social Club,2026-10-31,2:00 PM,"Fox Theatre - Atlanta, Atlanta",,General,https://www.ticketmaster.com/event/Z7r9jZ1A7OSZw,,ticketmaster: https://www.ticketmaster.com/event/Z7r9jZ1A7OSZw | ticketmaster: https://www.ticketmaster.com/event/Z7r9jZ1A7OSZs,2,Atlanta,33.7714,-84.377403
Buena Vista Social Club - The Musical - Atlanta,2026-10-31,2:00 PM,"Fox Theatre Atlanta, Atlanta",,Arts & Theatre,https://seatgeek.com/buena-vista-social-club-the-musical-tickets/broadway/2026-10-31-2-pm/18039835,,seatgeek: https://seatgeek.com/buena-vista-social-club-the-musical-tickets/broadway/2026-10-31-2-pm/18039835 | seatgeek: https://seatgeek.com/buena-vista-social-club-the-musical-tickets/broadway/2026-10-31-7-30-pm/18039836,2,Atlanta,33.7726,-84.3855
Coastal Carolina Chanticleers at Georgia State Panthers Football,2026-10-31,,"Center Parc Stadium, Atlanta",,Sports & Fitness,https://seatgeek.com/georgia-state-panthers-football-tickets/ncaa-football/2026-10-31-3-30-am/18150177,,seatgeek: https://seatgeek.com/georgia-state-panthers-football-tickets/ncaa-football/2026-10-31-3-30-am/18150177,1,Atlanta,33.7362,-84.3894
David Jolly,2026-10-31,7:30 PM,"Helium Comedy Club - Atlanta, Alpharetta",,Comedy,https://seatgeek.com/david-jolly-tickets/comedy/2026-10-31-7-30-pm/18452982,,seatgeek: https://seatgeek.com/david-jolly-tickets/comedy/2026-10-31-7-30-pm/18452982 | seatgeek: https://seatgeek.com/david-jolly-tickets/comedy/2026-10-31-10-pm/18452984,2,Atlanta,34.0754,-84.2941
Emo Nite - Live (18+),2026-10-31,9:00 PM,"The Masquerade Music Park, Atlanta",,Food & Drink,https://www.ticketmaster.com/emo-nite-18-atlanta-georgia-10-31-2026/event/0E00651FEF6328BB,"We look forward to hosting you at The Masquerade! Doors are at 9:00 PM. This event is 18+. The Masquerade is now proud to be serving food. Check our socials for the food window's schedule, pinned at the top of the feed. For more info and our FAQ, visit MASQ.com $1 per ticket transaction sponsors Emo Nite Gives A F*ck. Donations are allocated for worthwhile organizations focusing on: · Mental Health · Harm Reduction · Children & Families · Poverty & Homelessness · Disenfranchised Communities · Terminal Illness",ticketmaster: https://www.ticketmaster.com/emo-nite-18-atlanta-georgia-10-31-2026/event/0E00651FEF6328BB | seatgeek: https://seatgeek.com/emo-nite-tickets/atlanta-georgia-masquerade-music-park-2026-10-31-9-pm/concert/18551823,2,Atlanta,33.77108082,-84.36556265
Georgia State Panthers Football vs Coastal Carolina Football,2026-10-31,,"Center Parc Stadium, Atlanta",,Sports & Fitness,https://www.ticketmaster.com/georgia-state-panthers-football-vs-coastal-atlanta-georgia-10-31-2026/event/0E00651BAB34E1B7,4 and under are free Clear bag policy in effect,ticketmaster: https://www.ticketmaster.com/georgia-state-panthers-football-vs-coastal-atlanta-georgia-10-31-2026/event/0E00651BAB34E1B7,1,Atlanta,33.736125,-84.389355
HAUNTED ROOFTOP | HIGH SOCIETY HALLOWEEN WEEKND,2026-10-31,10:00 PM - 3:00 AM,"High Society Buckhead, 3201 Cains Hill Place Northwest, Atlanta, GA 30305",,Nightlife / Party,https://www.eventbrite.com/e/haunted-rooftop-high-society-halloween-weeknd-tickets-1998840572961,,eventbrite: https://www.eventbrite.com/e/haunted-rooftop-high-society-halloween-weeknd-tickets-1998840572961,1,Atlanta,33.749,-84.388
Haunted Fest (Saturday Pass),2026-10-31,5:00 PM,"Piedmont Park, Atlanta",,Festival,https://seatgeek.com/haunted-fest-tickets/atlanta-georgia-piedmont-park-2026-10-31-5-pm/music-festival/18624674,,seatgeek: https://seatgeek.com/haunted-fest-tickets/atlanta-georgia-piedmont-park-2026-10-31-5-pm/music-festival/18624674,1,Atlanta,33.7885,-84.3731
Hero the Band,2026-10-31,9:00 PM,"Vinyl, Atlanta",,Concert / Live Music,https://www.ticketmaster.com/hero-the-band-atlanta-georgia-10-31-2026/event/0E0065389E69B827,"Hero The Band Halloween Party October 31, 2026 | VINYL | General Admission | 18+ Only The price you see is the price you pay! All fees are included in the price you see on Ticketmaster (excluding taxes). For ADA Accommodations, email info@rivalentertainment.com. For parking information and an FAQ, visit us at centerstage-atlanta.com.",ticketmaster: https://www.ticketmaster.com/hero-the-band-atlanta-georgia-10-31-2026/event/0E0065389E69B827 | seatgeek: https://seatgeek.com/hero-the-band-tickets/atlanta-georgia-vinyl-at-center-stage-2026-10-31-9-pm/concert/18623589,2,Atlanta,33.7918926,-84.3877907
Holiday Portraits: Capture the Magic at Selfie Paradise Museum,2026-10-31,12:30 PM,"Selfie Paradise Museum, Douglasville",,General,https://www.universe.com/events/holiday-portraits-capture-the-magic-at-selfie-paradise-museum-tickets-6HVT5N?ref=ticketmaster,,ticketmaster: https://www.universe.com/events/holiday-portraits-capture-the-magic-at-selfie-paradise-museum-tickets-6HVT5N?ref=ticketmaster | ticketmaster: https://www.universe.com/events/holiday-portraits-capture-the-magic-at-selfie-paradise-museum-tickets-6HVT5N?ref=ticketmaster | ticketmaster: https://www.universe.com/events/holiday-portraits-capture-the-magic-at-selfie-paradise-museum-tickets-6HVT5N?ref=ticketmaster | ticketmaster: https://www.universe.com/events/holiday-portraits-capture-the-magic-at-selfie-paradise-museum-tickets-6HVT5N?ref=ticketmaster | ticketmaster: https://www.universe.com/events/holiday-portraits-capture-the-magic-at-selfie-paradise-museum-tickets-6HVT5N?ref=ticketmaster | ticketmaster: https://www.universe.com/events/holiday-portraits-capture-the-magic-at-selfie-paradise-museum-tickets-6HVT5N?ref=ticketmaster | ticketmaster: https://www.universe.com/events/holiday-portraits-capture-the-magic-at-selfie-paradise-museum-tickets-6HVT5N?ref=ticketmaster | ticketmaster: https://www.universe.com/events/holiday-portraits-capture-the-magic-at-selfie-paradise-museum-tickets-6HVT5N?ref=ticketmaster | ticketmaster: https://www.universe.com/events/holiday-portraits-capture-the-magic-at-selfie-paradise-museum-tickets-6HVT5N?ref=ticketmaster | ticketmaster: https://www.universe.com/events/holiday-portraits-capture-the-magic-at-selfie-paradise-museum-tickets-6HVT5N?ref=ticketmaster | ticketmaster: https://www.universe.com/events/holiday-portraits-capture-the-magic-at-selfie-paradise-museum-tickets-6HVT5N?ref=ticketmaster | ticketmaster: https://www.universe.com/events/holiday-portraits-capture-the-magic-at-selfie-paradise-museum-tickets-6HVT5N?ref=ticketmaster | ticketmaster: https://www.universe.com/events/holiday-portraits-capture-the-magic-at-selfie-paradise-museum-tickets-6HVT5N?ref=ticketmaster | ticketmaster: https://www.universe.com/events/holiday-portraits-capture-the-magic-at-selfie-paradise-museum-tickets-6HVT5N?ref=ticketmaster | ticketmaster: https://www.universe.com/events/holiday-portraits-capture-the-magic-at-selfie-paradise-museum-tickets-6HVT5N?ref=ticketmaster,15,Atlanta,33.728206,-84.743421
Invesco QQQ Atlanta Gridiron Classic,2026-10-31,3:30 PM,"Mercedes-Benz Stadium, Atlanta",,Sports & Fitness,https://www.ticketmaster.com/invesco-qqq-atlanta-gridiron-classic-atlanta-georgia-10-31-2026/event/0E00647494478254,"Everyone needs a ticket for entry, Below 33 inches tall may sit on guardians lap. Strongly recommend that you do not bring a bag on event day. Bags must meet the following criteria in order to enter the stadium: - must be CLEAR plastic, vinyl or PVC and not exceed 12 x 6 x 12 inches. Cannot be tinted with color or include oversized content that prevents visibility into the bag. - Only non-clear bags that are smaller than 4.5"" x 6.5"" will be permitted into the venue. - Any type of non-clear bag exceeding 4.5"" x 6.5"" will not be permitted. Exceptions made for medically necessary items after insp",ticketmaster: https://www.ticketmaster.com/invesco-qqq-atlanta-gridiron-classic-atlanta-georgia-10-31-2026/event/0E00647494478254,1,Atlanta,33.755389,-84.400823
Johnny Gill & Maze,2026-10-31,7:00 PM,"VyStar Amphitheater At The Bridge, Stockbridge",,Nightlife / Party,https://www.ticketmaster.com/johnny-gill-maze-stockbridge-georgia-10-31-2026/event/0E0064D9689244AF,"Step into a night of Grown and Sexy vibes at the Evening Under the Stars: All White Soul Affair. Don't miss a timeless, soulful experience featuring the legendary Johnny Gill and the iconic Maze, as they bring smooth vocals, classic hits, and pure soul energy to the stage. Hosted by MC Lightfoot, this All White affair blends sophistication and R&B, creating the perfect atmosphere for music lovers and the grown and sexy. Dress to impress in your finest white attire and prepare for an evening filled with live performances and unforgettable memories. From the sultry sounds of Johnny Gill to the f",ticketmaster: https://www.ticketmaster.com/johnny-gill-maze-stockbridge-georgia-10-31-2026/event/0E0064D9689244AF,1,Atlanta,33.54542014,-84.23102267
Like Father,2026-10-31,2:00 PM,"Alliance Theatre, Atlanta",,General,https://www.ticketmaster.com/event/Z7r9jZ1A70MQZ,,ticketmaster: https://www.ticketmaster.com/event/Z7r9jZ1A70MQZ | ticketmaster: https://www.ticketmaster.com/event/Z7r9jZ1A70MQv,2,Atlanta,33.797401,-84.386803
Like Father - Atlanta,2026-10-31,2:00 PM,"Hertz Stage at Alliance Theatre, Atlanta",,Arts & Theatre,https://seatgeek.com/like-father-1-tickets/theater/2026-10-31-2-pm/18275324,,seatgeek: https://seatgeek.com/like-father-1-tickets/theater/2026-10-31-2-pm/18275324 | seatgeek: https://seatgeek.com/like-father-1-tickets/theater/2026-10-31-7-30-pm/18275325,2,Atlanta,33.7896,-84.3844
Neal Francis,2026-10-31,8:00 PM,"Terminal West, Atlanta",,Concert / Live Music,https://seatgeek.com/neal-francis-tickets/atlanta-georgia-terminal-west-2026-10-31-8-pm/concert/18318504,,seatgeek: https://seatgeek.com/neal-francis-tickets/atlanta-georgia-terminal-west-2026-10-31-8-pm/concert/18318504,1,Atlanta,33.782307,-84.4164
Neal Francis w/ Sam Fribush Organ Trio,2026-10-31,8:00 PM,"Terminal West, Atlanta",,Concert / Live Music,https://www.ticketmaster.com/event/Z7r9jZ1A7P0Qd,,ticketmaster: https://www.ticketmaster.com/event/Z7r9jZ1A7P0Qd,1,Atlanta,33.791901,-84.446404
Sophie Truax,2026-10-31,8:00 PM,"Vinyl, Atlanta",,Concert / Live Music,https://www.ticketmaster.com/sophie-truax-atlanta-georgia-10-31-2026/event/0E0064DDCE21BD22,"Rival presents: Sophie Truax Can't Spilt a Worm Tour October 31, 2026 | VINYL | General Admission | All Ages The price you see is the price you pay! All fees are included in the price you see on Ticketmaster (excluding taxes). For ADA Accommodations, email info@rivalentertainment.com. For parking information and an FAQ, visit us at centerstage-atlanta.com.",ticketmaster: https://www.ticketmaster.com/sophie-truax-atlanta-georgia-10-31-2026/event/0E0064DDCE21BD22,1,Atlanta,33.7918926,-84.3877907
Steve Lacy,2026-10-31,8:00 PM,"Synovus Bank Amphitheatre at Chastain Park, Atlanta",,Concert / Live Music,https://seatgeek.com/steve-lacy-tickets/atlanta-georgia-synovus-bank-amphitheatre-at-chastain-park-2026-10-31-8-pm/concert/18613494,,seatgeek: https://seatgeek.com/steve-lacy-tickets/atlanta-georgia-synovus-bank-amphitheatre-at-chastain-park-2026-10-31-8-pm/concert/18613494,1,Atlanta,33.8766,-84.396
Steve Lacy: Oh yeah? Tour,2026-10-31,8:00 PM,"Synovus Bank Amphitheater at Chastain Park, Atlanta",,Concert / Live Music,https://www.ticketmaster.com/steve-lacy-oh-yeah-tour-atlanta-georgia-10-31-2026/event/0E006504BBA6A21B,This is a no table setup. Coolers and Carry-Ins are NOT allowed. All shows are rain or shine. Everyone must have a ticket,ticketmaster: https://www.ticketmaster.com/steve-lacy-oh-yeah-tour-atlanta-georgia-10-31-2026/event/0E006504BBA6A21B,1,Atlanta,33.8768817,-84.3972168
The Christmas Carnival at Selfie Paradise Museum,2026-10-31,1:00 PM,"Selfie Paradise Museum, Douglasville",,Festival,https://www.universe.com/events/the-christmas-carnival-at-selfie-paradise-museum-tickets-7PQG9Y?ref=ticketmaster,,ticketmaster: https://www.universe.com/events/the-christmas-carnival-at-selfie-paradise-museum-tickets-7PQG9Y?ref=ticketmaster | ticketmaster: https://www.universe.com/events/the-christmas-carnival-at-selfie-paradise-museum-tickets-7PQG9Y?ref=ticketmaster | ticketmaster: https://www.universe.com/events/the-christmas-carnival-at-selfie-paradise-museum-tickets-7PQG9Y?ref=ticketmaster | ticketmaster: https://www.universe.com/events/the-christmas-carnival-at-selfie-paradise-museum-tickets-7PQG9Y?ref=ticketmaster | ticketmaster: https://www.universe.com/events/the-christmas-carnival-at-selfie-paradise-museum-tickets-7PQG9Y?ref=ticketmaster | ticketmaster: https://www.universe.com/events/the-christmas-carnival-at-selfie-paradise-museum-tickets-7PQG9Y?ref=ticketmaster | ticketmaster: https://www.universe.com/events/the-christmas-carnival-at-selfie-paradise-museum-tickets-7PQG9Y?ref=ticketmaster,7,Atlanta,33.728206,-84.743421
Young Miko,2026-10-31,8:00 PM,"State Farm Arena, Atlanta",,Concert / Live Music,https://seatgeek.com/young-miko-tickets/atlanta-georgia-state-farm-arena-1-2026-10-31-8-pm/concert/18163846,,seatgeek: https://seatgeek.com/young-miko-tickets/atlanta-georgia-state-farm-arena-1-2026-10-31-8-pm/concert/18163846,1,Atlanta,33.7566,-84.3969
Young Miko - Late Checkout Tour,2026-10-31,8:00 PM,"State Farm Arena, Atlanta",,Concert / Live Music,https://www.ticketmaster.com/young-miko-late-checkout-tour-atlanta-georgia-10-31-2026/event/0E006482B522EA73,,ticketmaster: https://www.ticketmaster.com/young-miko-late-checkout-tour-atlanta-georgia-10-31-2026/event/0E006482B522EA73,1,Atlanta,33.757796,-84.394569
Yung Gravy,2026-10-31,8:00 PM,"Buckhead Theatre, Atlanta",,Concert / Live Music,https://seatgeek.com/yung-gravy-tickets/atlanta-georgia-buckhead-theatre-2026-10-31-8-pm/concert/18528137,,seatgeek: https://seatgeek.com/yung-gravy-tickets/atlanta-georgia-buckhead-theatre-2026-10-31-8-pm/concert/18528137,1,Atlanta,33.8403,-84.3797
Yung Gravy: The Joyrider Tour,2026-10-31,8:00 PM,"Buckhead Theatre, Atlanta",,Concert / Live Music,https://www.ticketmaster.com/yung-gravy-the-joyrider-tour-atlanta-georgia-10-31-2026/event/0E0065130B045F64,All ages welcome. Doors at 7:00 PM. Show at 8:00 PM. Main floor is general admission standing. Balcony is reserved seating. GA floor has a pit area with limited capacity. GA ticketholders who arrive after the pit is full will be directed to other open areas on the floor.,ticketmaster: https://www.ticketmaster.com/yung-gravy-the-joyrider-tour-atlanta-georgia-10-31-2026/event/0E0065130B045F64,1,Atlanta,33.8402272,-84.3795437
almost monday,2026-10-31,8:00 PM,"Center Stage Theater, Atlanta",,Concert / Live Music,https://www.ticketmaster.com/almost-monday-atlanta-georgia-10-31-2026/event/0E0064D2B12C9FB8,"Rival presents: almost monday Thank God It's almost monday w/ feel trip October 31, 2026 | VINYL | General Admission | All Ages The price you see is the price you pay! All fees are included in the price you see on Ticketmaster (excluding taxes). For ADA Accommodations, email info@rivalentertainment.com. For parking information and an FAQ, visit us at centerstage-atlanta.com.",ticketmaster: https://www.ticketmaster.com/almost-monday-atlanta-georgia-10-31-2026/event/0E0064D2B12C9FB8 | seatgeek: https://seatgeek.com/almost-monday-tickets/atlanta-georgia-center-stage-theater-atlanta-2026-10-31-8-pm/concert/18325014,2,Atlanta,33.7918926,-84.3877907
Atlanta United FC vs. Toronto FC,2026-11-01,4:30 PM,"Mercedes-Benz Stadium, Atlanta",,Sports & Fitness,https://www.ticketmaster.com/atlanta-united-fc-vs-toronto-fc-atlanta-georgia-11-01-2026/event/0E006372B38E9D65,"Please note Everyone needs a ticket for entry, except children shorter than 33 inches do not require a ticket. For quickest entry into the stadium, we strongly recommend that you do not bring a bag on event day. If a bag is necessary, the bag must adhere to our Clear Bag Policy: - Bags must be CLEAR plastic, vinyl or PVC and not exceed 12 x 6 x 12 inches. Bags cannot be tinted with color or include oversized content that prevents visibility into the clear bag. - Only non-clear bags that are smaller than 4.5 x 6.5 in will be permitted into the stadium. - Any type of non-clear bag exceeding 4.5 ",ticketmaster: https://www.ticketmaster.com/atlanta-united-fc-vs-toronto-fc-atlanta-georgia-11-01-2026/event/0E006372B38E9D65 | seatgeek: https://seatgeek.com/atlanta-united-fc-tickets/mls/2026-11-01-4-30-pm/17921317,2,Atlanta,33.755389,-84.400823
Buena Vista Social Club,2026-11-01,1:00 PM,"Fox Theatre - Atlanta, Atlanta",,General,https://www.ticketmaster.com/event/Z7r9jZ1A7OSZS,,ticketmaster: https://www.ticketmaster.com/event/Z7r9jZ1A7OSZS | ticketmaster: https://www.ticketmaster.com/event/Z7r9jZ1A7OSZV,2,Atlanta,33.7714,-84.377403
Buena Vista Social Club - The Musical - Atlanta,2026-11-01,1:00 PM,"Fox Theatre Atlanta, Atlanta",,Arts & Theatre,https://seatgeek.com/buena-vista-social-club-the-musical-tickets/broadway/2026-11-01-1-pm/18039843,,seatgeek: https://seatgeek.com/buena-vista-social-club-the-musical-tickets/broadway/2026-11-01-1-pm/18039843 | seatgeek: https://seatgeek.com/buena-vista-social-club-the-musical-tickets/broadway/2026-11-01-6-30-pm/18039845,2,Atlanta,33.7726,-84.3855
Dance (Band) - Atlanta,2026-11-01,8:00 PM,"Presence Stadium, Atlanta",,Concert / Live Music,https://seatgeek.com/dance-band-tickets/dance/2026-11-01-8-pm/17971185,,seatgeek: https://seatgeek.com/dance-band-tickets/dance/2026-11-01-8-pm/17971185,1,Atlanta,33.7573,-84.3963
David Jolly,2026-11-01,7:30 PM,"Helium Comedy Club - Atlanta, Alpharetta",,Comedy,https://seatgeek.com/david-jolly-tickets/comedy/2026-11-01-7-30-pm/18452983,,seatgeek: https://seatgeek.com/david-jolly-tickets/comedy/2026-11-01-7-30-pm/18452983,1,Atlanta,34.0754,-84.2941
Garage - 1180 Peachtree St: Hocus Pocus,2026-11-01,3:00 PM,"Atlanta Symphony Hall, Atlanta",,General,https://www.ticketmaster.com/garage-1180-peachtree-st-hocus-pocus-atlanta-georgia-11-01-2026/event/0E00646AD9EDCB32,Garage: 1180 Peachtree Street NE (Peachtree NE & 14th Street),ticketmaster: https://www.ticketmaster.com/garage-1180-peachtree-st-hocus-pocus-atlanta-georgia-11-01-2026/event/0E00646AD9EDCB32,1,Atlanta,33.790098,-84.385493
Hocus Pocus In Concert - Atlanta,2026-11-01,3:00 PM,"Atlanta Symphony Hall at Woodruff Arts Center, Atlanta",,Concert / Live Music,https://seatgeek.com/hocus-pocus-in-concert-tickets/film/2026-11-01-3-pm/18132334,,seatgeek: https://seatgeek.com/hocus-pocus-in-concert-tickets/film/2026-11-01-3-pm/18132334,1,Atlanta,33.7893,-84.3847
Hocus Pocus: Live With The Atlanta Symphony Orchestra,2026-11-01,3:00 PM,"Atlanta Symphony Hall, Atlanta",,Concert / Live Music,https://www.ticketmaster.com/hocus-pocus-live-with-the-atlanta-atlanta-georgia-11-01-2026/event/0E006464E1E4F4E1,,ticketmaster: https://www.ticketmaster.com/hocus-pocus-live-with-the-atlanta-atlanta-georgia-11-01-2026/event/0E006464E1E4F4E1,1,Atlanta,33.790098,-84.385493
Holiday Portraits: Capture the Magic at Selfie Paradise Museum,2026-11-01,2:00 PM,"Selfie Paradise Museum, Douglasville",,General,https://www.universe.com/events/holiday-portraits-capture-the-magic-at-selfie-paradise-museum-tickets-6HVT5N?ref=ticketmaster,,ticketmaster: https://www.universe.com/events/holiday-portraits-capture-the-magic-at-selfie-paradise-museum-tickets-6HVT5N?ref=ticketmaster | ticketmaster: https://www.universe.com/events/holiday-portraits-capture-the-magic-at-selfie-paradise-museum-tickets-6HVT5N?ref=ticketmaster | ticketmaster: https://www.universe.com/events/holiday-portraits-capture-the-magic-at-selfie-paradise-museum-tickets-6HVT5N?ref=ticketmaster | ticketmaster: https://www.universe.com/events/holiday-portraits-capture-the-magic-at-selfie-paradise-museum-tickets-6HVT5N?ref=ticketmaster | ticketmaster: https://www.universe.com/events/holiday-portraits-capture-the-magic-at-selfie-paradise-museum-tickets-6HVT5N?ref=ticketmaster | ticketmaster: https://www.universe.com/events/holiday-portraits-capture-the-magic-at-selfie-paradise-museum-tickets-6HVT5N?ref=ticketmaster,6,Atlanta,33.728206,-84.743421
Like Father,2026-11-01,2:00 PM,"Alliance Theatre, Atlanta",,General,https://www.ticketmaster.com/event/Z7r9jZ1A70MQd,,ticketmaster: https://www.ticketmaster.com/event/Z7r9jZ1A70MQd | ticketmaster: https://www.ticketmaster.com/event/Z7r9jZ1A70MQe,2,Atlanta,33.797401,-84.386803
Like Father - Atlanta,2026-11-01,2:00 PM,"Hertz Stage at Alliance Theatre, Atlanta",,Arts & Theatre,https://seatgeek.com/like-father-1-tickets/theater/2026-11-01-2-pm/18275332,,seatgeek: https://seatgeek.com/like-father-1-tickets/theater/2026-11-01-2-pm/18275332 | seatgeek: https://seatgeek.com/like-father-1-tickets/theater/2026-11-01-7-30-pm/18275333,2,Atlanta,33.7896,-84.3844
Ninth Key,2026-11-01,7:00 PM,"The Masquerade - Purgatory, Atlanta",,Concert / Live Music,https://seatgeek.com/ninth-key-tickets/atlanta-georgia-the-masquerade-purgatory-2026-11-01-7-pm/concert/18501974,,seatgeek: https://seatgeek.com/ninth-key-tickets/atlanta-georgia-the-masquerade-purgatory-2026-11-01-7-pm/concert/18501974,1,Atlanta,33.7515,-84.3899
Roob and Noob,2026-11-01,2:00 PM,"Alliance Theatre, Atlanta",,Concert / Live Music,https://www.ticketmaster.com/event/Z7r9jZ1AAeo4t,,ticketmaster: https://www.ticketmaster.com/event/Z7r9jZ1AAeo4t | ticketmaster: https://www.ticketmaster.com/event/Z7r9jZ1AAeo4Y | seatgeek: https://seatgeek.com/roob-and-noob-tickets/atlanta-georgia-goizueta-stage-at-alliance-theatre-2026-11-01-2-pm/concert/18626751 | seatgeek: https://seatgeek.com/roob-and-noob-tickets/atlanta-georgia-goizueta-stage-at-alliance-theatre-2026-11-01-4-30-pm/concert/18626753,4,Atlanta,33.797401,-84.386803
Sap's Erasure Tour,2026-11-01,7:00 PM,"The Masquerade - Altar, Atlanta",,Concert / Live Music,https://www.ticketmaster.com/saps-erasure-tour-atlanta-georgia-11-01-2026/event/0E006513CAA6D4ED,"We look forward to hosting you at The Masquerade! Doors are at 7:00 PM. The Masquerade is now proud to be serving food. Check our socials for the food window's schedule, pinned at the top of the feed. For more info and our FAQ, visit MASQ.com",ticketmaster: https://www.ticketmaster.com/saps-erasure-tour-atlanta-georgia-11-01-2026/event/0E006513CAA6D4ED,1,Atlanta,33.75202,-84.38945
Shyne,2026-11-01,8:00 PM,"Variety Playhouse, Atlanta",,Concert / Live Music,https://www.ticketmaster.com/event/Z7r9jZ1AAZp7k,,ticketmaster: https://www.ticketmaster.com/event/Z7r9jZ1AAZp7k | seatgeek: https://seatgeek.com/shyne-tickets/atlanta-georgia-variety-playhouse-2026-11-01-8-pm/concert/18427270,2,Atlanta,33.770199,-84.334602
SiriusXM Octane Presents: Ninth Key,2026-11-01,7:00 PM,"The Masquerade - Purgatory, Atlanta",,Food & Drink,https://www.ticketmaster.com/siriusxm-octane-presents-ninth-key-atlanta-georgia-11-01-2026/event/0E0064FDD77CC7F8,"We look forward to hosting you at The Masquerade! Doors are at 7:00 PM. The Masquerade is now proud to be serving food. Check our socials for the food window's schedule, pinned at the top of the feed. For more info and our FAQ, visit MASQ.com",ticketmaster: https://www.ticketmaster.com/siriusxm-octane-presents-ninth-key-atlanta-georgia-11-01-2026/event/0E0064FDD77CC7F8,1,Atlanta,33.75184,-84.389887
The Christmas Carnival at Selfie Paradise Museum,2026-11-01,3:30 PM,"Selfie Paradise Museum, Douglasville",,Festival,https://www.universe.com/events/the-christmas-carnival-at-selfie-paradise-museum-tickets-7PQG9Y?ref=ticketmaster,,ticketmaster: https://www.universe.com/events/the-christmas-carnival-at-selfie-paradise-museum-tickets-7PQG9Y?ref=ticketmaster | ticketmaster: https://www.universe.com/events/the-christmas-carnival-at-selfie-paradise-museum-tickets-7PQG9Y?ref=ticketmaster,2,Atlanta,33.728206,-84.743421
The Menzingers with Hot Water Music and Weakened Friends,2026-11-01,6:00 PM,"The Masquerade - Heaven, Atlanta",,Concert / Live Music,https://seatgeek.com/the-menzingers-tickets/atlanta-georgia-the-masquerade-heaven-2026-11-01-6-pm/concert/18224647,,seatgeek: https://seatgeek.com/the-menzingers-tickets/atlanta-georgia-the-masquerade-heaven-2026-11-01-6-pm/concert/18224647,1,Atlanta,33.7518,-84.3897
The Menzingers: Everything I Ever Saw North American Tour,2026-11-01,6:00 PM,"The Masquerade - Heaven, Atlanta",,Concert / Live Music,https://www.ticketmaster.com/the-menzingers-everything-i-ever-saw-atlanta-georgia-11-01-2026/event/0E00649DEA2E3FAF,"We look forward to hosting you at The Masquerade! Doors are at 6:00 PM. The Masquerade is now proud to be serving food. Check our socials for the food window's schedule, pinned at the top of the feed. For more info and our FAQ, visit MASQ.com",ticketmaster: https://www.ticketmaster.com/the-menzingers-everything-i-ever-saw-atlanta-georgia-11-01-2026/event/0E00649DEA2E3FAF,1,Atlanta,33.751769,-84.389681
Fruit Wine Productions & OBSESSED Present Hokus Pokus Live!,2026-11-02,8:00 PM,"Center Stage Theater, Atlanta",,Food & Drink,https://www.ticketmaster.com/fruit-wine-productions-obsessed-present-hokus-atlanta-georgia-11-02-2026/event/0E0064B3EAEB644B,"Fruit Wine Productions & OBSESSED Present: Hokus Pokus Live! November 2, 2026 | CENTER STAGE THEATER | Reserved Seating | ALL AGES VIP Upgrade packages available at www.obsessedwith.co *This show may contain adult themes and language. The price you see is the price you pay! All fees are included in the price you see on Ticketmaster (excluding taxes). For ADA Accommodations, email info@rivalentertainment.com. For parking information and an FAQ, visit us at centerstage-atlanta.com.",ticketmaster: https://www.ticketmaster.com/fruit-wine-productions-obsessed-present-hokus-atlanta-georgia-11-02-2026/event/0E0064B3EAEB644B,1,Atlanta,33.7918926,-84.3877907
Hofstra Pride at Georgia Tech Yellow Jackets Womens Basketball,2026-11-02,10:30 AM,"McCamish Pavilion, Atlanta",,Sports & Fitness,https://seatgeek.com/georgia-tech-yellow-jackets-womens-basketball-tickets/ncaa-womens-basketball/2026-11-02-10-30-am/18493932,,seatgeek: https://seatgeek.com/georgia-tech-yellow-jackets-womens-basketball-tickets/ncaa-womens-basketball/2026-11-02-10-30-am/18493932,1,Atlanta,33.7807,-84.3936
Holiday Portraits: Capture the Magic at Selfie Paradise Museum,2026-11-02,12:00 PM,"Selfie Paradise Museum, Douglasville",,General,https://www.universe.com/events/holiday-portraits-capture-the-magic-at-selfie-paradise-museum-tickets-6HVT5N?ref=ticketmaster,,ticketmaster: https://www.universe.com/events/holiday-portraits-capture-the-magic-at-selfie-paradise-museum-tickets-6HVT5N?ref=ticketmaster | ticketmaster: https://www.universe.com/events/holiday-portraits-capture-the-magic-at-selfie-paradise-museum-tickets-6HVT5N?ref=ticketmaster | ticketmaster: https://www.universe.com/events/holiday-portraits-capture-the-magic-at-selfie-paradise-museum-tickets-6HVT5N?ref=ticketmaster | ticketmaster: https://www.universe.com/events/holiday-portraits-capture-the-magic-at-selfie-paradise-museum-tickets-6HVT5N?ref=ticketmaster | ticketmaster: https://www.universe.com/events/holiday-portraits-capture-the-magic-at-selfie-paradise-museum-tickets-6HVT5N?ref=ticketmaster | ticketmaster: https://www.universe.com/events/holiday-portraits-capture-the-magic-at-selfie-paradise-museum-tickets-6HVT5N?ref=ticketmaster | ticketmaster: https://www.universe.com/events/holiday-portraits-capture-the-magic-at-selfie-paradise-museum-tickets-6HVT5N?ref=ticketmaster | ticketmaster: https://www.universe.com/events/holiday-portraits-capture-the-magic-at-selfie-paradise-museum-tickets-6HVT5N?ref=ticketmaster | ticketmaster: https://www.universe.com/events/holiday-portraits-capture-the-magic-at-selfie-paradise-museum-tickets-6HVT5N?ref=ticketmaster | ticketmaster: https://www.universe.com/events/holiday-portraits-capture-the-magic-at-selfie-paradise-museum-tickets-6HVT5N?ref=ticketmaster | ticketmaster: https://www.universe.com/events/holiday-portraits-capture-the-magic-at-selfie-paradise-museum-tickets-6HVT5N?ref=ticketmaster | ticketmaster: https://www.universe.com/events/holiday-portraits-capture-the-magic-at-selfie-paradise-museum-tickets-6HVT5N?ref=ticketmaster | ticketmaster: https://www.universe.com/events/holiday-portraits-capture-the-magic-at-selfie-paradise-museum-tickets-6HVT5N?ref=ticketmaster | ticketmaster: https://www.universe.com/events/holiday-portraits-capture-the-magic-at-selfie-paradise-museum-tickets-6HVT5N?ref=ticketmaster | ticketmaster: https://www.universe.com/events/holiday-portraits-capture-the-magic-at-selfie-paradise-museum-tickets-6HVT5N?ref=ticketmaster,15,Atlanta,33.728206,-84.743421
Khantrast,2026-11-02,8:00 PM,"Vinyl, Atlanta",,Concert / Live Music,https://www.ticketmaster.com/khantrast-atlanta-georgia-11-02-2026/event/0E0065170D5087DF,"Bowe Inc & Reaction Present: Khantrast Playing his new album ""Poster Child"" + all his old hits! November 2, 2026 | VINYL | General Admission | All Ages The price you see is the price you pay! All fees are included in the price you see on Ticketmaster (excluding taxes). For ADA Accommodations, email info@rivalentertainment.com. For parking information and an FAQ, visit us at centerstage-atlanta.com.",ticketmaster: https://www.ticketmaster.com/khantrast-atlanta-georgia-11-02-2026/event/0E0065170D5087DF,1,Atlanta,33.7918926,-84.3877907
Midway (KY) Eagles at Kennesaw State Owls Mens Basketball,2026-11-02,7:00 PM,"VyStar Arena at the KSU Convocation Center, Kennesaw",,Sports & Fitness,https://seatgeek.com/kennesaw-state-owls-mens-basketball-tickets/ncaa-basketball/2026-11-02-7-pm/18590444,,seatgeek: https://seatgeek.com/kennesaw-state-owls-mens-basketball-tickets/ncaa-basketball/2026-11-02-7-pm/18590444,1,Atlanta,34.0321,-84.5811
Music Discovery Series Performance - Atlanta,2026-11-02,10:00 AM,"Woodruff Arts Center, Atlanta",,Concert / Live Music,https://www.ticketmaster.com/music-discovery-series-performance-atlanta-georgia-11-02-2026/event/0E00649CC95A9646,"School Day Event | Goizueta Stage for Youth and Families | Grades 3 to 12 Up-close performances by ASO and community musicians in an intimate setting, paired with Q&A opportunities that give students a behind-the-scenes look at the art of music-making. Select dates include the addition of a Behind the Scenes Tour. Programs are tailored to fit each group's age and level of musical experience, designed especially for instrumental students from late elementary through high school.",ticketmaster: https://www.ticketmaster.com/music-discovery-series-performance-atlanta-georgia-11-02-2026/event/0E00649CC95A9646 | ticketmaster: https://www.ticketmaster.com/music-discovery-series-performance-atlanta-georgia-11-02-2026/event/0E0064A6C36D41CC | seatgeek: https://seatgeek.com/music-discovery-series-tickets/atlanta-georgia-goizueta-stage-at-alliance-theatre-2026-11-02-10-am/concert/18275202,3,Atlanta,33.7971137,-84.3804888
Shorter Hawks at Kennesaw State Owls Womens Basketball,2026-11-02,11:00 AM,"VyStar Arena at the KSU Convocation Center, Kennesaw",,Sports & Fitness,https://seatgeek.com/kennesaw-state-owls-womens-basketball-tickets/ncaa-womens-basketball/2026-11-02-11-am/18633286,,seatgeek: https://seatgeek.com/kennesaw-state-owls-womens-basketball-tickets/ncaa-womens-basketball/2026-11-02-11-am/18633286,1,Atlanta,34.0321,-84.5811
Tours: Truist Park,2026-11-02,2:00 PM,"Truist Park, Atlanta",,Concert / Live Music,https://www.ticketmaster.com/tours-truist-park-atlanta-georgia-11-02-2026/event/0E006511950A6308,"Tours begin based on the following schedule: In-Season (April-September/Playoffs) Monday - Saturday : 10:00am, 11:00am, Noon, 1:00pm, 2:00pm Sundays: 1:00pm, 3:00pm Off-Season (Oct-Mar) Mon-Sat: 10:00am, 12:00pm, 2:00pm Tours are 90 minutes in length. No Tours are given if a day game is being played. Please be sure to not only select the correct number and types of tickets, but also the time you want to attend.",ticketmaster: https://www.ticketmaster.com/tours-truist-park-atlanta-georgia-11-02-2026/event/0E006511950A6308,1,Atlanta,33.890304,-84.468127
Zade Dirani,2026-11-02,8:00 PM,"Atlanta Symphony Hall, Atlanta",,Concert / Live Music,https://www.ticketmaster.com/zade-dirani-atlanta-georgia-11-02-2026/event/0E00650CAAEDAE9C,,ticketmaster: https://www.ticketmaster.com/zade-dirani-atlanta-georgia-11-02-2026/event/0E00650CAAEDAE9C | seatgeek: https://seatgeek.com/zade-dirani-tickets/atlanta-georgia-atlanta-symphony-hall-at-woodruff-arts-center-2026-11-02-8-pm/concert/18529533,2,Atlanta,33.790098,-84.385493
Allan Rayman,2026-11-03,7:00 PM,"The Masquerade - Hell, Atlanta",,Concert / Live Music,https://seatgeek.com/allan-rayman-tickets/atlanta-georgia-the-masquerade-hell-2026-11-03-7-pm/concert/18294779,,seatgeek: https://seatgeek.com/allan-rayman-tickets/atlanta-georgia-the-masquerade-hell-2026-11-03-7-pm/concert/18294779,1,Atlanta,33.7522,-84.3901
Bill Squire,2026-11-03,8:00 PM,"Helium Comedy Club - Atlanta, Alpharetta",,Comedy,https://seatgeek.com/bill-squire-tickets/comedy/2026-11-03-8-pm/18452817,,seatgeek: https://seatgeek.com/bill-squire-tickets/comedy/2026-11-03-8-pm/18452817,1,Atlanta,34.0754,-84.2941
Coco Montoya,2026-11-03,7:00 PM,"Eddie's Attic, Decatur",,Concert / Live Music,https://link.dice.fm/y20e432de51e,,ticketmaster: https://link.dice.fm/y20e432de51e | ticketmaster: https://www.ticketmaster.com/event/Z7r9jZ1A7PY_g | seatgeek: https://seatgeek.com/coco-montoya-tickets/decatur-georgia-eddie-s-attic-decatur-2026-11-03-7-pm/concert/18331679,3,Atlanta,33.773975,-84.296271
Dead Poet Society x Honey Revenge,2026-11-03,5:30 PM,"The Masquerade - Heaven, Atlanta",,Food & Drink,https://www.ticketmaster.com/dead-poet-society-x-honey-revenge-atlanta-georgia-11-03-2026/event/0E0064F8A58A8181,"We look forward to hosting you at The Masquerade! Doors are at 5:30 PM. The Masquerade is now proud to be serving food. Check our socials for the food window's schedule, pinned at the top of the feed. For more info and our FAQ, visit MASQ.com",ticketmaster: https://www.ticketmaster.com/dead-poet-society-x-honey-revenge-atlanta-georgia-11-03-2026/event/0E0064F8A58A8181,1,Atlanta,33.751769,-84.389681
Ella Red with Weathers,2026-11-03,7:00 PM,"The Masquerade - Purgatory, Atlanta",,Food & Drink,https://www.ticketmaster.com/ella-red-weathers-atlanta-georgia-11-03-2026/event/0E00653CD5CB1ABB,"We look forward to hosting you at The Masquerade! Doors are at 7:00 PM. The Masquerade is now proud to be serving food. Check our socials for the food window's schedule, pinned at the top of the feed. For more info and our FAQ, visit MASQ.com",ticketmaster: https://www.ticketmaster.com/ella-red-weathers-atlanta-georgia-11-03-2026/event/0E00653CD5CB1ABB | seatgeek: https://seatgeek.com/ella-red-tickets/atlanta-georgia-the-masquerade-purgatory-2026-11-03-7-pm/concert/18634165,2,Atlanta,33.75184,-84.389887
Georgia Tech Yellow Jackets Mens Basketball vs. Hampton Pirates Mens Basketball,2026-11-03,7:00 PM,"McCamish Pavilion, Atlanta",,Sports & Fitness,https://seatgeek.com/georgia-tech-yellow-jackets-mens-basketball-tickets/ncaa-basketball/2026-11-03-7-pm/18503966,,seatgeek: https://seatgeek.com/georgia-tech-yellow-jackets-mens-basketball-tickets/ncaa-basketball/2026-11-03-7-pm/18503966 | ticketmaster: https://www.ticketmaster.com/event/Z7r9jZ1AAZUFg,2,Atlanta,33.7807,-84.3936
HOTEL ALLAN - The 10 Year Anniversary Tour,2026-11-03,7:00 PM,"The Masquerade - Hell, Atlanta",,Concert / Live Music,https://www.ticketmaster.com/hotel-allan-the-10-year-anniversary-atlanta-georgia-11-03-2026/event/0E0064C5EC076B88,"We look forward to hosting you at The Masquerade! Doors are at 7:00 PM. The Masquerade is now proud to be serving food. Check our socials for the food window's schedule, pinned at the top of the feed. For more info and our FAQ, visit MASQ.com",ticketmaster: https://www.ticketmaster.com/hotel-allan-the-10-year-anniversary-atlanta-georgia-11-03-2026/event/0E0064C5EC076B88,1,Atlanta,33.75184,-84.389887
Holiday Portraits: Capture the Magic at Selfie Paradise Museum,2026-11-03,12:00 PM,"Selfie Paradise Museum, Douglasville",,General,https://www.universe.com/events/holiday-portraits-capture-the-magic-at-selfie-paradise-museum-tickets-6HVT5N?ref=ticketmaster,,ticketmaster: https://www.universe.com/events/holiday-portraits-capture-the-magic-at-selfie-paradise-museum-tickets-6HVT5N?ref=ticketmaster | ticketmaster: https://www.universe.com/events/holiday-portraits-capture-the-magic-at-selfie-paradise-museum-tickets-6HVT5N?ref=ticketmaster | ticketmaster: https://www.universe.com/events/holiday-portraits-capture-the-magic-at-selfie-paradise-museum-tickets-6HVT5N?ref=ticketmaster | ticketmaster: https://www.universe.com/events/holiday-portraits-capture-the-magic-at-selfie-paradise-museum-tickets-6HVT5N?ref=ticketmaster | ticketmaster: https://www.universe.com/events/holiday-portraits-capture-the-magic-at-selfie-paradise-museum-tickets-6HVT5N?ref=ticketmaster | ticketmaster: https://www.universe.com/events/holiday-portraits-capture-the-magic-at-selfie-paradise-museum-tickets-6HVT5N?ref=ticketmaster | ticketmaster: https://www.universe.com/events/holiday-portraits-capture-the-magic-at-selfie-paradise-museum-tickets-6HVT5N?ref=ticketmaster | ticketmaster: https://www.universe.com/events/holiday-portraits-capture-the-magic-at-selfie-paradise-museum-tickets-6HVT5N?ref=ticketmaster | ticketmaster: https://www.universe.com/events/holiday-portraits-capture-the-magic-at-selfie-paradise-museum-tickets-6HVT5N?ref=ticketmaster | ticketmaster: https://www.universe.com/events/holiday-portraits-capture-the-magic-at-selfie-paradise-museum-tickets-6HVT5N?ref=ticketmaster | ticketmaster: https://www.universe.com/events/holiday-portraits-capture-the-magic-at-selfie-paradise-museum-tickets-6HVT5N?ref=ticketmaster | ticketmaster: https://www.universe.com/events/holiday-portraits-capture-the-magic-at-selfie-paradise-museum-tickets-6HVT5N?ref=ticketmaster | ticketmaster: https://www.universe.com/events/holiday-portraits-capture-the-magic-at-selfie-paradise-museum-tickets-6HVT5N?ref=ticketmaster | ticketmaster: https://www.universe.com/events/holiday-portraits-capture-the-magic-at-selfie-paradise-museum-tickets-6HVT5N?ref=ticketmaster | ticketmaster: https://www.universe.com/events/holiday-portraits-capture-the-magic-at-selfie-paradise-museum-tickets-6HVT5N?ref=ticketmaster | ticketmaster: https://www.universe.com/events/holiday-portraits-capture-the-magic-at-selfie-paradise-museum-tickets-6HVT5N?ref=ticketmaster | ticketmaster: https://www.universe.com/events/holiday-portraits-capture-the-magic-at-selfie-paradise-museum-tickets-6HVT5N?ref=ticketmaster | ticketmaster: https://www.universe.com/events/holiday-portraits-capture-the-magic-at-selfie-paradise-museum-tickets-6HVT5N?ref=ticketmaster | ticketmaster: https://www.universe.com/events/holiday-portraits-capture-the-magic-at-selfie-paradise-museum-tickets-6HVT5N?ref=ticketmaster | ticketmaster: https://www.universe.com/events/holiday-portraits-capture-the-magic-at-selfie-paradise-museum-tickets-6HVT5N?ref=ticketmaster | ticketmaster: https://www.universe.com/events/holiday-portraits-capture-the-magic-at-selfie-paradise-museum-tickets-6HVT5N?ref=ticketmaster,21,Atlanta,33.728206,-84.743421
Honey Revenge and Dead Poet Society with Hunny and Broadside,2026-11-03,5:30 PM,"The Masquerade - Heaven, Atlanta",,Concert / Live Music,https://seatgeek.com/honey-revenge-tickets/atlanta-georgia-the-masquerade-heaven-2026-11-03-5-30-pm/concert/18406315,,seatgeek: https://seatgeek.com/honey-revenge-tickets/atlanta-georgia-the-masquerade-heaven-2026-11-03-5-30-pm/concert/18406315,1,Atlanta,33.7518,-84.3897
Mannequin Pu**y w/ Wednesday - Band,2026-11-03,7:00 PM,"The Eastern-GA, Atlanta",,Concert / Live Music,https://www.ticketmaster.com/event/Z7r9jZ1A7PVbz,,ticketmaster: https://www.ticketmaster.com/event/Z7r9jZ1A7PVbz,1,Atlanta,33.7136,-84.332802
Mannequin Pussy and Wednesday with Snooper,2026-11-03,7:00 PM,"The Eastern - Atlanta, Atlanta",,Concert / Live Music,https://seatgeek.com/mannequin-pussy-tickets/atlanta-georgia-the-eastern-atlanta-2026-11-03-7-pm/concert/18345866,,seatgeek: https://seatgeek.com/mannequin-pussy-tickets/atlanta-georgia-the-eastern-atlanta-2026-11-03-7-pm/concert/18345866,1,Atlanta,33.7454,-84.3606
Prayers,2026-11-03,7:30 PM,"Terminal West, Atlanta",,Concert / Live Music,https://seatgeek.com/prayers-tickets/atlanta-georgia-terminal-west-2026-11-03-7-30-pm/concert/18589961,,seatgeek: https://seatgeek.com/prayers-tickets/atlanta-georgia-terminal-west-2026-11-03-7-30-pm/concert/18589961,1,Atlanta,33.782307,-84.4164
Prayers w/ Devora,2026-11-03,7:30 PM,"Terminal West, Atlanta",,Faith & Community,https://www.ticketmaster.com/event/Z7r9jZ1AAZPvA,,ticketmaster: https://www.ticketmaster.com/event/Z7r9jZ1AAZPvA,1,Atlanta,33.791901,-84.446404
Shannon Ford Middleton - ProbablyShannonFord,2026-11-03,7:30 PM,"Helium Comedy Club - Atlanta, Alpharetta",,Comedy,https://seatgeek.com/shannon-ford-middleton-probablyshannonford-tickets/comedy/2026-11-03-7-30-pm/18453515,,seatgeek: https://seatgeek.com/shannon-ford-middleton-probablyshannonford-tickets/comedy/2026-11-03-7-30-pm/18453515,1,Atlanta,34.0754,-84.2941
Surely Tempo,2026-11-03,7:00 PM,"The Masquerade - Altar, Atlanta",,Food & Drink,https://www.ticketmaster.com/surely-tempo-atlanta-georgia-11-03-2026/event/0E0064F5B64BC667,"We look forward to hosting you at The Masquerade! Doors are at 7:00 PM. The Masquerade is now proud to be serving food. Check our socials for the food window's schedule, pinned at the top of the feed. For more info and our FAQ, visit MASQ.com",ticketmaster: https://www.ticketmaster.com/surely-tempo-atlanta-georgia-11-03-2026/event/0E0064F5B64BC667 | seatgeek: https://seatgeek.com/surely-tempo-tickets/atlanta-georgia-the-masquerade-altar-2026-11-03-7-pm/concert/18395103,2,Atlanta,33.75202,-84.38945
TEN - US Showcase Tour,2026-11-03,8:00 PM,"Buckhead Theatre, Atlanta",,Concert / Live Music,https://www.ticketmaster.com/ten-us-showcase-tour-atlanta-georgia-11-03-2026/event/0E00651301874E3F,All ages welcome. Doors at 7:00 PM. Show at 8:00 PM. Main floor is general admission standing. Balcony is reserved seating. GA floor has a pit area with limited capacity. GA ticketholders who arrive after the pit is full will be directed to other open areas on the floor.,ticketmaster: https://www.ticketmaster.com/ten-us-showcase-tour-atlanta-georgia-11-03-2026/event/0E00651301874E3F,1,Atlanta,33.8402272,-84.3795437
Ten,2026-11-03,8:00 PM,"Buckhead Theatre, Atlanta",,Concert / Live Music,https://seatgeek.com/ten-1-tickets/atlanta-georgia-buckhead-theatre-2026-11-03-8-pm/concert/18533472,,seatgeek: https://seatgeek.com/ten-1-tickets/atlanta-georgia-buckhead-theatre-2026-11-03-8-pm/concert/18533472,1,Atlanta,33.8403,-84.3797
The Christmas Carnival at Selfie Paradise Museum,2026-11-03,1:00 PM,"Selfie Paradise Museum, Douglasville",,Festival,https://www.universe.com/events/the-christmas-carnival-at-selfie-paradise-museum-tickets-7PQG9Y?ref=ticketmaster,,ticketmaster: https://www.universe.com/events/the-christmas-carnival-at-selfie-paradise-museum-tickets-7PQG9Y?ref=ticketmaster | ticketmaster: https://www.universe.com/events/the-christmas-carnival-at-selfie-paradise-museum-tickets-7PQG9Y?ref=ticketmaster | ticketmaster: https://www.universe.com/events/the-christmas-carnival-at-selfie-paradise-museum-tickets-7PQG9Y?ref=ticketmaster | ticketmaster: https://www.universe.com/events/the-christmas-carnival-at-selfie-paradise-museum-tickets-7PQG9Y?ref=ticketmaster | ticketmaster: https://www.universe.com/events/the-christmas-carnival-at-selfie-paradise-museum-tickets-7PQG9Y?ref=ticketmaster | ticketmaster: https://www.universe.com/events/the-christmas-carnival-at-selfie-paradise-museum-tickets-7PQG9Y?ref=ticketmaster,6,Atlanta,33.728206,-84.743421
Tours: Truist Park,2026-11-03,2:00 PM,"Truist Park, Atlanta",,Concert / Live Music,https://www.ticketmaster.com/tours-truist-park-atlanta-georgia-11-03-2026/event/0E006511950E631A,"Tours begin based on the following schedule: In-Season (April-September/Playoffs) Monday - Saturday : 10:00am, 11:00am, Noon, 1:00pm, 2:00pm Sundays: 1:00pm, 3:00pm Off-Season (Oct-Mar) Mon-Sat: 10:00am, 12:00pm, 2:00pm Tours are 90 minutes in length. No Tours are given if a day game is being played. Please be sure to not only select the correct number and types of tickets, but also the time you want to attend.",ticketmaster: https://www.ticketmaster.com/tours-truist-park-atlanta-georgia-11-03-2026/event/0E006511950E631A,1,Atlanta,33.890304,-84.468127
Aaron Branch,2026-11-04,7:30 PM,"Helium Comedy Club - Atlanta, Alpharetta",,Concert / Live Music,https://seatgeek.com/aaron-branch-tickets/alpharetta-georgia-helium-comedy-club-atlanta-2026-11-04-7-30-pm/concert/18452734,,seatgeek: https://seatgeek.com/aaron-branch-tickets/alpharetta-georgia-helium-comedy-club-atlanta-2026-11-04-7-30-pm/concert/18452734,1,Atlanta,34.0754,-84.2941
Aaron Lee Tasjan,2026-11-04,7:00 PM,"Eddie's Attic, Decatur",,Concert / Live Music,https://www.ticketmaster.com/event/Z7r9jZ1A7PY_M,,ticketmaster: https://www.ticketmaster.com/event/Z7r9jZ1A7PY_M | seatgeek: https://seatgeek.com/aaron-lee-tasjan-tickets/decatur-georgia-eddie-s-attic-decatur-2026-11-04-7-pm/concert/18331681,2,Atlanta,33.7715,-84.292397
Aaron Lee Tasjan w/ special guest Madeleine Kelson,2026-11-04,7:00 PM,"Eddie's Attic, Decatur",,Concert / Live Music,https://link.dice.fm/l05fe27ed996,,ticketmaster: https://link.dice.fm/l05fe27ed996,1,Atlanta,33.773975,-84.296271
Bruce Cockburn,2026-11-04,8:00 PM,"Variety Playhouse, Atlanta",,Concert / Live Music,https://www.ticketmaster.com/event/Z7r9jZ1A7-9f0,,ticketmaster: https://www.ticketmaster.com/event/Z7r9jZ1A7-9f0 | seatgeek: https://seatgeek.com/bruce-cockburn-tickets/atlanta-georgia-variety-playhouse-2026-11-04-8-pm/concert/18092786,2,Atlanta,33.770199,-84.334602
Clayton State Lakers at Kennesaw State Owls Womens Basketball,2026-11-04,6:00 PM,"VyStar Arena at the KSU Convocation Center, Kennesaw",,Sports & Fitness,https://seatgeek.com/kennesaw-state-owls-womens-basketball-tickets/ncaa-womens-basketball/2026-11-04-6-pm/18633288,,seatgeek: https://seatgeek.com/kennesaw-state-owls-womens-basketball-tickets/ncaa-womens-basketball/2026-11-04-6-pm/18633288,1,Atlanta,34.0321,-84.5811
Daniel Sloss,2026-11-04,7:00 PM,"Tabernacle Presented by iTHINK Financial, Atlanta",,Comedy,https://seatgeek.com/daniel-sloss-tickets/comedy/2026-11-04-7-pm/18065865,,seatgeek: https://seatgeek.com/daniel-sloss-tickets/comedy/2026-11-04-7-pm/18065865,1,Atlanta,33.7589,-84.3914
Daniel Sloss: BITTER (Brand New Tour!),2026-11-04,7:00 PM,"Tabernacle Presented by iTHINK Financial, Atlanta",,Concert / Live Music,https://www.ticketmaster.com/daniel-sloss-bitter-brand-new-tour-atlanta-georgia-11-04-2026/event/0E006442B53B6667,"This is a fully reserved seating performance. Ages 16 and over recommended. Box Office Open at 5pm. Doors at 6pm. Show at 7pm. Please be aware our balconies are not ADA accessible. All accommodations are located on the main floor level. There is no elevator in the building. Please ask event staff for any ADA assistance upon arrival. Guests who have purchased ADA tickets may request assistance from event staff upon arrival. If all ADA accommodations are sold out, please email the venue at tabernacle@livenation.com.",ticketmaster: https://www.ticketmaster.com/daniel-sloss-bitter-brand-new-tour-atlanta-georgia-11-04-2026/event/0E006442B53B6667,1,Atlanta,33.758688,-84.391449
Dave Chappelle,2026-11-04,7:30 PM,"State Farm Arena, Atlanta",,Comedy,https://seatgeek.com/dave-chappelle-tickets/comedy/2026-11-04-7-30-pm/18617423,,seatgeek: https://seatgeek.com/dave-chappelle-tickets/comedy/2026-11-04-7-30-pm/18617423,1,Atlanta,33.7566,-84.3969
Dave Chappelle Karmageddon,2026-11-04,7:30 PM,"State Farm Arena, Atlanta",,Comedy,https://www.ticketmaster.com/dave-chappelle-karmageddon-atlanta-georgia-11-04-2026/event/0E006536B1509C45,"Pilot Boy Productions, Inc. and/or Dave Chappelle own all rights in the content and materials, including any jokes and sketches (the Materials), delivered during his performance. The Materials may not be copied, translated, transmitted, displayed, distributed, or reproduced verbatim (the Use), in whole or in part, in any form, media, or technology now known or later developed, without the express prior written consent of Pilot Boy Productions, Inc. Any Use of the Materials without the express prior written consent of Pilot Boy Productions, Inc. is strictly prohibited and shall be subject to al",ticketmaster: https://www.ticketmaster.com/dave-chappelle-karmageddon-atlanta-georgia-11-04-2026/event/0E006536B1509C45,1,Atlanta,33.757796,-84.394569
Holiday Portraits: Capture the Magic at Selfie Paradise Museum,2026-11-04,12:00 PM,"Selfie Paradise Museum, Douglasville",,General,https://www.universe.com/events/holiday-portraits-capture-the-magic-at-selfie-paradise-museum-tickets-6HVT5N?ref=ticketmaster,,ticketmaster: https://www.universe.com/events/holiday-portraits-capture-the-magic-at-selfie-paradise-museum-tickets-6HVT5N?ref=ticketmaster | ticketmaster: https://www.universe.com/events/holiday-portraits-capture-the-magic-at-selfie-paradise-museum-tickets-6HVT5N?ref=ticketmaster | ticketmaster: https://www.universe.com/events/holiday-portraits-capture-the-magic-at-selfie-paradise-museum-tickets-6HVT5N?ref=ticketmaster | ticketmaster: https://www.universe.com/events/holiday-portraits-capture-the-magic-at-selfie-paradise-museum-tickets-6HVT5N?ref=ticketmaster | ticketmaster: https://www.universe.com/events/holiday-portraits-capture-the-magic-at-selfie-paradise-museum-tickets-6HVT5N?ref=ticketmaster | ticketmaster: https://www.universe.com/events/holiday-portraits-capture-the-magic-at-selfie-paradise-museum-tickets-6HVT5N?ref=ticketmaster | ticketmaster: https://www.universe.com/events/holiday-portraits-capture-the-magic-at-selfie-paradise-museum-tickets-6HVT5N?ref=ticketmaster | ticketmaster: https://www.universe.com/events/holiday-portraits-capture-the-magic-at-selfie-paradise-museum-tickets-6HVT5N?ref=ticketmaster | ticketmaster: https://www.universe.com/events/holiday-portraits-capture-the-magic-at-selfie-paradise-museum-tickets-6HVT5N?ref=ticketmaster | ticketmaster: https://www.universe.com/events/holiday-portraits-capture-the-magic-at-selfie-paradise-museum-tickets-6HVT5N?ref=ticketmaster | ticketmaster: https://www.universe.com/events/holiday-portraits-capture-the-magic-at-selfie-paradise-museum-tickets-6HVT5N?ref=ticketmaster | ticketmaster: https://www.universe.com/events/holiday-portraits-capture-the-magic-at-selfie-paradise-museum-tickets-6HVT5N?ref=ticketmaster | ticketmaster: https://www.universe.com/events/holiday-portraits-capture-the-magic-at-selfie-paradise-museum-tickets-6HVT5N?ref=ticketmaster | ticketmaster: https://www.universe.com/events/holiday-portraits-capture-the-magic-at-selfie-paradise-museum-tickets-6HVT5N?ref=ticketmaster | ticketmaster: https://www.universe.com/events/holiday-portraits-capture-the-magic-at-selfie-paradise-museum-tickets-6HVT5N?ref=ticketmaster | ticketmaster: https://www.universe.com/events/holiday-portraits-capture-the-magic-at-selfie-paradise-museum-tickets-6HVT5N?ref=ticketmaster | ticketmaster: https://www.universe.com/events/holiday-portraits-capture-the-magic-at-selfie-paradise-museum-tickets-6HVT5N?ref=ticketmaster | ticketmaster: https://www.universe.com/events/holiday-portraits-capture-the-magic-at-selfie-paradise-museum-tickets-6HVT5N?ref=ticketmaster | ticketmaster: https://www.universe.com/events/holiday-portraits-capture-the-magic-at-selfie-paradise-museum-tickets-6HVT5N?ref=ticketmaster | ticketmaster: https://www.universe.com/events/holiday-portraits-capture-the-magic-at-selfie-paradise-museum-tickets-6HVT5N?ref=ticketmaster | ticketmaster: https://www.universe.com/events/holiday-portraits-capture-the-magic-at-selfie-paradise-museum-tickets-6HVT5N?ref=ticketmaster,21,Atlanta,33.728206,-84.743421
Humanitarian Water Engineering Fall 2026,2026-11-04,9:00 AM - 7:00 PM,,,Arts & Theatre,https://www.eventbrite.ca/e/humanitarian-water-engineering-fall-2026-registration-1992773753942,,eventbrite: https://www.eventbrite.ca/e/humanitarian-water-engineering-fall-2026-registration-1992773753942,1,Atlanta,33.749,-84.388
Joshua Radin,2026-11-04,7:30 PM,"City Winery - Atlanta, Atlanta",,Concert / Live Music,https://seatgeek.com/joshua-radin-tickets/atlanta-georgia-city-winery-atlanta-2026-11-04-7-30-pm/concert/18512419,,seatgeek: https://seatgeek.com/joshua-radin-tickets/atlanta-georgia-city-winery-atlanta-2026-11-04-7-30-pm/concert/18512419,1,Atlanta,33.6651,-84.4107
Like Father,2026-11-04,7:30 PM,"Alliance Theatre, Atlanta",,General,https://www.ticketmaster.com/event/Z7r9jZ1A70MQ7,,ticketmaster: https://www.ticketmaster.com/event/Z7r9jZ1A70MQ7,1,Atlanta,33.797401,-84.386803
Like Father - Atlanta,2026-11-04,7:30 PM,"Hertz Stage at Alliance Theatre, Atlanta",,Arts & Theatre,https://seatgeek.com/like-father-1-tickets/theater/2026-11-04-7-30-pm/18275334,,seatgeek: https://seatgeek.com/like-father-1-tickets/theater/2026-11-04-7-30-pm/18275334,1,Atlanta,33.7896,-84.3844
Talent & TIARAs - 2026,2026-11-04,9:00 AM - 3:15 PM,"JW Marriott Atlanta Downtown, 45 Ivan Allen Junior Boulevard Northwest, Atlanta, GA 30308",,Conference / Expo,https://www.eventbrite.co.uk/e/talent-tiaras-2026-tickets-1991404422234,Join us for our annual Talent & TIARAs Conference and Awards gala. This event is designed for senior level in-house talent leaders.,eventbrite: https://www.eventbrite.co.uk/e/talent-tiaras-2026-tickets-1991404422234,1,Atlanta,33.749,-84.388
"The Army, The Navy",2026-11-04,8:00 PM,"Center Stage Theater, Atlanta",,Concert / Live Music,https://www.ticketmaster.com/the-army-the-navy-atlanta-georgia-11-04-2026/event/0E0064CBD6F44D3E,"Rival presents: The Army, The Navy w/ Ella Woolsey The Fake Brave Tour 2026 November 4, 2026 | CENTER STAGE THEATER | General Admission | All Ages The price you see is the price you pay! All fees are included in the price you see on Ticketmaster (excluding taxes). For ADA Accommodations, email info@rivalentertainment.com. For parking information and an FAQ, visit us at centerstage-atlanta.com.",ticketmaster: https://www.ticketmaster.com/the-army-the-navy-atlanta-georgia-11-04-2026/event/0E0064CBD6F44D3E | seatgeek: https://seatgeek.com/the-army-the-navy-tickets/atlanta-georgia-center-stage-theater-atlanta-2026-11-04-8-pm/concert/18311590,2,Atlanta,33.7918926,-84.3877907
The Christmas Carnival at Selfie Paradise Museum,2026-11-04,1:00 PM,"Selfie Paradise Museum, Douglasville",,Festival,https://www.universe.com/events/the-christmas-carnival-at-selfie-paradise-museum-tickets-7PQG9Y?ref=ticketmaster,,ticketmaster: https://www.universe.com/events/the-christmas-carnival-at-selfie-paradise-museum-tickets-7PQG9Y?ref=ticketmaster | ticketmaster: https://www.universe.com/events/the-christmas-carnival-at-selfie-paradise-museum-tickets-7PQG9Y?ref=ticketmaster | ticketmaster: https://www.universe.com/events/the-christmas-carnival-at-selfie-paradise-museum-tickets-7PQG9Y?ref=ticketmaster | ticketmaster: https://www.universe.com/events/the-christmas-carnival-at-selfie-paradise-museum-tickets-7PQG9Y?ref=ticketmaster | ticketmaster: https://www.universe.com/events/the-christmas-carnival-at-selfie-paradise-museum-tickets-7PQG9Y?ref=ticketmaster | ticketmaster: https://www.universe.com/events/the-christmas-carnival-at-selfie-paradise-museum-tickets-7PQG9Y?ref=ticketmaster,6,Atlanta,33.728206,-84.743421
Tours: Truist Park,2026-11-04,2:00 PM,"Truist Park, Atlanta",,Concert / Live Music,https://www.ticketmaster.com/tours-truist-park-atlanta-georgia-11-04-2026/event/0E00651195136324,"Tours begin based on the following schedule: In-Season (April-September/Playoffs) Monday - Saturday : 10:00am, 11:00am, Noon, 1:00pm, 2:00pm Sundays: 1:00pm, 3:00pm Off-Season (Oct-Mar) Mon-Sat: 10:00am, 12:00pm, 2:00pm Tours are 90 minutes in length. No Tours are given if a day game is being played. Please be sure to not only select the correct number and types of tickets, but also the time you want to attend.",ticketmaster: https://www.ticketmaster.com/tours-truist-park-atlanta-georgia-11-04-2026/event/0E00651195136324,1,Atlanta,33.890304,-84.468127
Victoria Monet,2026-11-04,8:00 PM,"Fox Theatre Atlanta, Atlanta",,Concert / Live Music,https://seatgeek.com/victoria-monet-tickets/atlanta-georgia-fox-theatre-atlanta-2026-11-04-8-pm/concert/18579808,,seatgeek: https://seatgeek.com/victoria-monet-tickets/atlanta-georgia-fox-theatre-atlanta-2026-11-04-8-pm/concert/18579808,1,Atlanta,33.7726,-84.3855
Victoria Monét - Frequency Of Love Tour,2026-11-04,8:00 PM,"Fox Theatre Atlanta, Atlanta",,Concert / Live Music,https://www.ticketmaster.com/victoria-monet-frequency-of-love-tour-atlanta-georgia-11-04-2026/event/0E00652A95967D17,,ticketmaster: https://www.ticketmaster.com/victoria-monet-frequency-of-love-tour-atlanta-georgia-11-04-2026/event/0E00652A95967D17 | ticketmaster: https://www.ticketmaster.com/event/Z7r9jZ1AAvPbJ,2,Atlanta,33.77264345,-84.38506842
the olllam,2026-11-04,8:00 PM,"Vinyl, Atlanta",,Concert / Live Music,https://www.ticketmaster.com/the-olllam-atlanta-georgia-11-04-2026/event/0E006505D554AC3C,"Rival presents: the olllam November 4, 2026 | VINYL | General Admission | All Ages The price you see is the price you pay! All fees are included in the price you see on Ticketmaster (excluding taxes). For ADA Accommodations, email info@rivalentertainment.com. For parking information and an FAQ, visit us at centerstage-atlanta.com.",ticketmaster: https://www.ticketmaster.com/the-olllam-atlanta-georgia-11-04-2026/event/0E006505D554AC3C,1,Atlanta,33.7918926,-84.3877907
Atlanta Symphony Orchestra: Bach & Brahms,2026-11-05,8:00 PM,"Atlanta Symphony Hall at Woodruff Arts Center, Atlanta",,Arts & Theatre,https://seatgeek.com/atlanta-symphony-orchestra-tickets/classical/2026-11-05-8-pm/18171977,,seatgeek: https://seatgeek.com/atlanta-symphony-orchestra-tickets/classical/2026-11-05-8-pm/18171977,1,Atlanta,33.7893,-84.3847
Bach + Brahms,2026-11-05,8:00 PM,"Atlanta Symphony Hall, Atlanta",,Festival,https://www.ticketmaster.com/bach-brahms-atlanta-georgia-11-05-2026/event/0E0064D88F1462C8,"Brahms Revealed, the season-long Brahms festival, continues with a psychological profile of the composer. Music Director Nathalie Stutzmann kicks it off with a splendorous orchestral suite by Brahms's hero, Johann Sebastian Bach. She follows the suite with something of a joke. When the officials at the University of Breslau awarded Brahms an honorary degree, they hoped that he would write them a symphony. Ever bullheaded and often a tease, Brahms instead gave them the Academic Festival Overture, a rollicking piece packed with student drinking songs. In 1881, Brahms poured that same free spirit",ticketmaster: https://www.ticketmaster.com/bach-brahms-atlanta-georgia-11-05-2026/event/0E0064D88F1462C8,1,Atlanta,33.790098,-84.385493
Brad Goodall,2026-11-05,7:00 PM,"Eddie's Attic, Decatur",,Concert / Live Music,https://www.ticketmaster.com/brad-goodall-decatur-georgia-11-05-2026/event/0E006534F309F7C3,"Brad Goodall live at Eddie's Attic! West Virginia songwriter and piano bard Brad Goodall established himself as a vivid storyteller with his 2022 debut Made In America, drawing comparisons to Randy Newman and Warren Zevon for its uproariously satirical character studies. His latest album Hometown (out May 1st, 2026) is a marked evolution, trading humor for heart and solo perfectionism for full-band collaboration. Recorded at Nashville's The Bomb Shelter with drummer Griffin Goldsmith (Dawes), bassist Macey Taylor (Bright Eyes), and guitarist Zack Owens (Ona), the 9-song LP is joyful, reflectiv",ticketmaster: https://www.ticketmaster.com/brad-goodall-decatur-georgia-11-05-2026/event/0E006534F309F7C3,1,Atlanta,33.773975,-84.296271
Devil Master,2026-11-05,7:00 PM,"Atlanta Utility Works, East Point",,Concert / Live Music,https://seatgeek.com/devil-master-tickets/east-point-georgia-atlanta-utility-works-2026-11-05-7-pm/concert/18589725,,seatgeek: https://seatgeek.com/devil-master-tickets/east-point-georgia-atlanta-utility-works-2026-11-05-7-pm/concert/18589725,1,Atlanta,33.6752,-84.4385
Francis Ellis,2026-11-05,7:30 PM,"Helium Comedy Club - Atlanta, Alpharetta",,Comedy,https://seatgeek.com/francis-ellis-tickets/comedy/2026-11-05-7-30-pm/18453072,,seatgeek: https://seatgeek.com/francis-ellis-tickets/comedy/2026-11-05-7-30-pm/18453072,1,Atlanta,34.0754,-84.2941
Holiday Portraits: Capture the Magic at Selfie Paradise Museum,2026-11-05,12:00 PM,"Selfie Paradise Museum, Douglasville",,General,https://www.universe.com/events/holiday-portraits-capture-the-magic-at-selfie-paradise-museum-tickets-6HVT5N?ref=ticketmaster,,ticketmaster: https://www.universe.com/events/holiday-portraits-capture-the-magic-at-selfie-paradise-museum-tickets-6HVT5N?ref=ticketmaster | ticketmaster: https://www.universe.com/events/holiday-portraits-capture-the-magic-at-selfie-paradise-museum-tickets-6HVT5N?ref=ticketmaster | ticketmaster: https://www.universe.com/events/holiday-portraits-capture-the-magic-at-selfie-paradise-museum-tickets-6HVT5N?ref=ticketmaster | ticketmaster: https://www.universe.com/events/holiday-portraits-capture-the-magic-at-selfie-paradise-museum-tickets-6HVT5N?ref=ticketmaster | ticketmaster: https://www.universe.com/events/holiday-portraits-capture-the-magic-at-selfie-paradise-museum-tickets-6HVT5N?ref=ticketmaster | ticketmaster: https://www.universe.com/events/holiday-portraits-capture-the-magic-at-selfie-paradise-museum-tickets-6HVT5N?ref=ticketmaster | ticketmaster: https://www.universe.com/events/holiday-portraits-capture-the-magic-at-selfie-paradise-museum-tickets-6HVT5N?ref=ticketmaster | ticketmaster: https://www.universe.com/events/holiday-portraits-capture-the-magic-at-selfie-paradise-museum-tickets-6HVT5N?ref=ticketmaster | ticketmaster: https://www.universe.com/events/holiday-portraits-capture-the-magic-at-selfie-paradise-museum-tickets-6HVT5N?ref=ticketmaster | ticketmaster: https://www.universe.com/events/holiday-portraits-capture-the-magic-at-selfie-paradise-museum-tickets-6HVT5N?ref=ticketmaster | ticketmaster: https://www.universe.com/events/holiday-portraits-capture-the-magic-at-selfie-paradise-museum-tickets-6HVT5N?ref=ticketmaster | ticketmaster: https://www.universe.com/events/holiday-portraits-capture-the-magic-at-selfie-paradise-museum-tickets-6HVT5N?ref=ticketmaster | ticketmaster: https://www.universe.com/events/holiday-portraits-capture-the-magic-at-selfie-paradise-museum-tickets-6HVT5N?ref=ticketmaster | ticketmaster: https://www.universe.com/events/holiday-portraits-capture-the-magic-at-selfie-paradise-museum-tickets-6HVT5N?ref=ticketmaster | ticketmaster: https://www.universe.com/events/holiday-portraits-capture-the-magic-at-selfie-paradise-museum-tickets-6HVT5N?ref=ticketmaster | ticketmaster: https://www.universe.com/events/holiday-portraits-capture-the-magic-at-selfie-paradise-museum-tickets-6HVT5N?ref=ticketmaster | ticketmaster: https://www.universe.com/events/holiday-portraits-capture-the-magic-at-selfie-paradise-museum-tickets-6HVT5N?ref=ticketmaster | ticketmaster: https://www.universe.com/events/holiday-portraits-capture-the-magic-at-selfie-paradise-museum-tickets-6HVT5N?ref=ticketmaster | ticketmaster: https://www.universe.com/events/holiday-portraits-capture-the-magic-at-selfie-paradise-museum-tickets-6HVT5N?ref=ticketmaster | ticketmaster: https://www.universe.com/events/holiday-portraits-capture-the-magic-at-selfie-paradise-museum-tickets-6HVT5N?ref=ticketmaster | ticketmaster: https://www.universe.com/events/holiday-portraits-capture-the-magic-at-selfie-paradise-museum-tickets-6HVT5N?ref=ticketmaster,21,Atlanta,33.728206,-84.743421
Joe Jordan,2026-11-05,8:00 PM,"Smiths Olde Bar, Atlanta",,Concert / Live Music,https://app.opendate.io/e/joe-jordan-november-05-2026-709979,,ticketmaster: https://app.opendate.io/e/joe-jordan-november-05-2026-709979 | ticketmaster: https://www.ticketmaster.com/event/Z7r9jZ1A7Ptve,2,Atlanta,33.7975898,-84.3687665
Kitchen Dwellers and Dogs In A Pile,2026-11-05,8:00 PM,"Terminal West, Atlanta",,Concert / Live Music,https://www.ticketmaster.com/event/Z7r9jZ1AAZUQb,,ticketmaster: https://www.ticketmaster.com/event/Z7r9jZ1AAZUQb | seatgeek: https://seatgeek.com/kitchen-dwellers-tickets/atlanta-georgia-terminal-west-2026-11-05-8-pm/concert/18519091,2,Atlanta,33.791901,-84.446404
Knox,2026-11-05,6:30 PM,"The Masquerade - Heaven, Atlanta",,Food & Drink,https://www.ticketmaster.com/knox-atlanta-georgia-11-05-2026/event/0E0064E6E9DC576B,"We look forward to hosting you at The Masquerade! Doors are at 6:30 PM. The Masquerade is now proud to be serving food. Check our socials for the food window's schedule, pinned at the top of the feed. For more info and our FAQ, visit MASQ.com",ticketmaster: https://www.ticketmaster.com/knox-atlanta-georgia-11-05-2026/event/0E0064E6E9DC576B | seatgeek: https://seatgeek.com/knox-tickets/atlanta-georgia-the-masquerade-heaven-2026-11-05-6-30-pm/concert/18370823,2,Atlanta,33.751769,-84.389681
Like Father,2026-11-05,7:30 PM,"Alliance Theatre, Atlanta",,General,https://www.ticketmaster.com/event/Z7r9jZ1A70MQk,,ticketmaster: https://www.ticketmaster.com/event/Z7r9jZ1A70MQk,1,Atlanta,33.797401,-84.386803
Like Father - Atlanta,2026-11-05,7:30 PM,"Hertz Stage at Alliance Theatre, Atlanta",,Arts & Theatre,https://seatgeek.com/like-father-1-tickets/theater/2026-11-05-7-30-pm/18275335,,seatgeek: https://seatgeek.com/like-father-1-tickets/theater/2026-11-05-7-30-pm/18275335,1,Atlanta,33.7896,-84.3844
Live Music,2026-11-05,7:00 PM,"Eddie's Attic - Decatur, Decatur",,Concert / Live Music,https://seatgeek.com/live-music-tickets/decatur-georgia-eddie-s-attic-decatur-2026-11-05-7-pm/concert/18609783,,seatgeek: https://seatgeek.com/live-music-tickets/decatur-georgia-eddie-s-attic-decatur-2026-11-05-7-pm/concert/18609783,1,Atlanta,33.7739,-84.2964
Madeon,2026-11-05,8:00 PM,"The Eastern-GA, Atlanta",,Concert / Live Music,https://www.ticketmaster.com/event/Z7r9jZ1A70t8K,,ticketmaster: https://www.ticketmaster.com/event/Z7r9jZ1A70t8K | seatgeek: https://seatgeek.com/madeon-tickets/atlanta-georgia-the-eastern-atlanta-2026-11-05-8-pm/concert/18231017,2,Atlanta,33.7136,-84.332802
Nico Carney,2026-11-05,8:00 PM,"Helium Comedy Club - GA, Alpharetta",,Comedy,https://www.ticketmaster.com/event/Z7r9jZ1A708Fd,,ticketmaster: https://www.ticketmaster.com/event/Z7r9jZ1A708Fd | seatgeek: https://seatgeek.com/nico-carney-tickets/comedy/2026-11-05-8-pm/18453393,2,Atlanta,34.084301,-84.224899
"No Title, No Permission, No Problem: Harnessing the Power of Influence",2026-11-05,1:00 PM - 2:00 PM,,,Arts & Theatre,https://www.eventbrite.co.uk/e/no-title-no-permission-no-problem-harnessing-the-power-of-influence-tickets-1993676700680,,eventbrite: https://www.eventbrite.co.uk/e/no-title-no-permission-no-problem-harnessing-the-power-of-influence-tickets-1993676700680,1,Atlanta,33.749,-84.388
Qendresa,2026-11-05,7:00 PM,"The Masquerade - Purgatory, Atlanta",,Concert / Live Music,https://seatgeek.com/qendresa-tickets/atlanta-georgia-the-masquerade-purgatory-2026-11-05-7-pm/concert/18505477,,seatgeek: https://seatgeek.com/qendresa-tickets/atlanta-georgia-the-masquerade-purgatory-2026-11-05-7-pm/concert/18505477,1,Atlanta,33.7515,-84.3899
Qendresa: Date Night Tour,2026-11-05,7:00 PM,"The Masquerade - Purgatory, Atlanta",,Concert / Live Music,https://www.ticketmaster.com/qendresa-date-night-tour-atlanta-georgia-11-05-2026/event/0E006505E063BC00,"We look forward to hosting you at The Masquerade! Doors are at 7:00 PM. The Masquerade is now proud to be serving food. Check our socials for the food window's schedule, pinned at the top of the feed. For more info and our FAQ, visit MASQ.com",ticketmaster: https://www.ticketmaster.com/qendresa-date-night-tour-atlanta-georgia-11-05-2026/event/0E006505E063BC00,1,Atlanta,33.75184,-84.389887
Rio Amor,2026-11-05,7:00 PM,"The Masquerade - Hell, Atlanta",,Food & Drink,https://www.ticketmaster.com/rio-amor-atlanta-georgia-11-05-2026/event/0E00652BD10E379F,"We look forward to hosting you at The Masquerade! Doors are at 7:00 PM. The Masquerade is now proud to be serving food. Check our socials for the food window's schedule, pinned at the top of the feed. For more info and our FAQ, visit MASQ.com",ticketmaster: https://www.ticketmaster.com/rio-amor-atlanta-georgia-11-05-2026/event/0E00652BD10E379F | seatgeek: https://seatgeek.com/rio-amor-tickets/atlanta-georgia-the-masquerade-hell-2026-11-05-7-pm/concert/18593801,2,Atlanta,33.75184,-84.389887
Samford Bulldogs at Georgia Tech Yellow Jackets Womens Basketball,2026-11-05,7:00 PM,"McCamish Pavilion, Atlanta",,Sports & Fitness,https://seatgeek.com/georgia-tech-yellow-jackets-womens-basketball-tickets/ncaa-womens-basketball/2026-11-05-7-pm/18493934,,seatgeek: https://seatgeek.com/georgia-tech-yellow-jackets-womens-basketball-tickets/ncaa-womens-basketball/2026-11-05-7-pm/18493934,1,Atlanta,33.7807,-84.3936
The Afghan Whigs,2026-11-05,8:00 PM,"Variety Playhouse, Atlanta",,Concert / Live Music,https://www.ticketmaster.com/event/Z7r9jZ1A7P3bN,,ticketmaster: https://www.ticketmaster.com/event/Z7r9jZ1A7P3bN | seatgeek: https://seatgeek.com/the-afghan-whigs-tickets/atlanta-georgia-variety-playhouse-2026-11-05-8-pm/concert/18283366,2,Atlanta,33.770199,-84.334602
The Arcadian Wild,2026-11-05,8:00 PM,"Center Stage Theater, Atlanta",,Concert / Live Music,https://www.ticketmaster.com/the-arcadian-wild-atlanta-georgia-11-05-2026/event/0E0064CCB69DF9C6,"Rival Presents: The Arcadian Wild Make It Out Alive Tour November 5, 2026 | CENTER STAGE | Reserved Seating | All Ages The price you see is the price you pay! All fees are included in the price you see on Ticketmaster (excluding taxes). For ADA Accommodations, email info@rivalentertainment.com. For parking information and an FAQ, visit us at centerstage-atlanta.com.",ticketmaster: https://www.ticketmaster.com/the-arcadian-wild-atlanta-georgia-11-05-2026/event/0E0064CCB69DF9C6,1,Atlanta,33.7918926,-84.3877907
The Arcadian Wild with Addison Agen,2026-11-05,8:00 PM,"Center Stage Theater - Atlanta, Atlanta",,Concert / Live Music,https://seatgeek.com/the-arcadian-wild-tickets/atlanta-georgia-center-stage-theater-atlanta-2026-11-05-8-pm/concert/18317489,,seatgeek: https://seatgeek.com/the-arcadian-wild-tickets/atlanta-georgia-center-stage-theater-atlanta-2026-11-05-8-pm/concert/18317489,1,Atlanta,33.7922,-84.388
The Christmas Carnival at Selfie Paradise Museum,2026-11-05,1:00 PM,"Selfie Paradise Museum, Douglasville",,Festival,https://www.universe.com/events/the-christmas-carnival-at-selfie-paradise-museum-tickets-7PQG9Y?ref=ticketmaster,,ticketmaster: https://www.universe.com/events/the-christmas-carnival-at-selfie-paradise-museum-tickets-7PQG9Y?ref=ticketmaster | ticketmaster: https://www.universe.com/events/the-christmas-carnival-at-selfie-paradise-museum-tickets-7PQG9Y?ref=ticketmaster | ticketmaster: https://www.universe.com/events/the-christmas-carnival-at-selfie-paradise-museum-tickets-7PQG9Y?ref=ticketmaster | ticketmaster: https://www.universe.com/events/the-christmas-carnival-at-selfie-paradise-museum-tickets-7PQG9Y?ref=ticketmaster | ticketmaster: https://www.universe.com/events/the-christmas-carnival-at-selfie-paradise-museum-tickets-7PQG9Y?ref=ticketmaster | ticketmaster: https://www.universe.com/events/the-christmas-carnival-at-selfie-paradise-museum-tickets-7PQG9Y?ref=ticketmaster,6,Atlanta,33.728206,-84.743421
The R&B Tour - Starring Usher Raymond & Chris Brown,2026-11-05,7:00 PM,"Mercedes-Benz Stadium, Atlanta",,Concert / Live Music,https://www.ticketmaster.com/the-rb-tour-starring-usher-raymond-atlanta-georgia-11-05-2026/event/0E00649A5ADF305A,"Everyone needs a ticket for entry, except children shorter than 33 inches. CLEAR BAG POLICY IN EFFECT for entry into the stadium: visit https://www.mercedesbenzstadium.com/guidelines#bag-policy - must be CLEAR plastic, vinyl or PVC and not exceed 12? x 6? x 12?.. Cannot be tinted with color or include oversized content that prevents visibility into the bag. - Only non-clear bags that are smaller than 4.5"" x 6.5"" will be permitted into the venue. - Any type of NON-CLEAR bag exceeding 4.5"" x 6.5"" will not be permitted. Exceptions made for medically necessary items after inspection onsite by secu",ticketmaster: https://www.ticketmaster.com/the-rb-tour-starring-usher-raymond-atlanta-georgia-11-05-2026/event/0E00649A5ADF305A,1,Atlanta,33.755389,-84.400823
Tours: Truist Park,2026-11-05,2:00 PM,"Truist Park, Atlanta",,Concert / Live Music,https://www.ticketmaster.com/tours-truist-park-atlanta-georgia-11-05-2026/event/0E00651195176339,"Tours begin based on the following schedule: In-Season (April-September/Playoffs) Monday - Saturday : 10:00am, 11:00am, Noon, 1:00pm, 2:00pm Sundays: 1:00pm, 3:00pm Off-Season (Oct-Mar) Mon-Sat: 10:00am, 12:00pm, 2:00pm Tours are 90 minutes in length. No Tours are given if a day game is being played. Please be sure to not only select the correct number and types of tickets, but also the time you want to attend.",ticketmaster: https://www.ticketmaster.com/tours-truist-park-atlanta-georgia-11-05-2026/event/0E00651195176339,1,Atlanta,33.890304,-84.468127
Usher and Chris Brown,2026-11-05,7:00 PM,"Mercedes-Benz Stadium, Atlanta",,Concert / Live Music,https://seatgeek.com/the-r-and-b-tour-tickets/atlanta-georgia-mercedes-benz-stadium-2026-11-05-7-pm/concert/18503801,,seatgeek: https://seatgeek.com/the-r-and-b-tour-tickets/atlanta-georgia-mercedes-benz-stadium-2026-11-05-7-pm/concert/18503801,1,Atlanta,33.7553,-84.4006
Wim Tapley,2026-11-05,8:00 PM,"Aisle 5, Atlanta",,Concert / Live Music,https://seatgeek.com/wim-tapley-the-cannons-tickets/atlanta-georgia-aisle-5-2026-11-05-8-pm/concert/18539610,,seatgeek: https://seatgeek.com/wim-tapley-the-cannons-tickets/atlanta-georgia-aisle-5-2026-11-05-8-pm/concert/18539610,1,Atlanta,33.7643,-84.3502
Wim Tapley & The Cannons,2026-11-05,8:00 PM,"Aisle 5, Atlanta",,Concert / Live Music,https://eventim.us/a5wimtapleynov2026,,ticketmaster: https://eventim.us/a5wimtapleynov2026 | ticketmaster: https://www.ticketmaster.com/event/Z7r9jZ1AAva7F,2,Atlanta,33.764272,-84.350224
Austin Peay Governors at Kennesaw State Owls Mens Basketball,2026-11-06,7:00 PM,"VyStar Arena at the KSU Convocation Center, Kennesaw",,Sports & Fitness,https://seatgeek.com/kennesaw-state-owls-mens-basketball-tickets/ncaa-basketball/2026-11-06-7-pm/18590448,,seatgeek: https://seatgeek.com/kennesaw-state-owls-mens-basketball-tickets/ncaa-basketball/2026-11-06-7-pm/18590448,1,Atlanta,34.0321,-84.5811
College Park Skyhawks vs. Raptors 905,2026-11-06,7:00 PM,"Gateway Center Arena, College Park",,Sports & Fitness,https://www.ticketmaster.com/college-park-skyhawks-vs-raptors-905-college-park-georgia-11-06-2026/event/0E00651BD84D8C81,,ticketmaster: https://www.ticketmaster.com/college-park-skyhawks-vs-raptors-905-college-park-georgia-11-06-2026/event/0E00651BD84D8C81 | seatgeek: https://seatgeek.com/college-park-skyhawks-tickets/nba-g-league/2026-11-06-7-pm/18541389,2,Atlanta,33.645576,-84.457475
Drew Baldridge,2026-11-06,8:00 PM,"Vinyl, Atlanta",,Concert / Live Music,https://www.ticketmaster.com/drew-baldridge-atlanta-georgia-11-06-2026/event/0E00651F3D44C03F,"Rival presents: Drew Baldridge Farm, Faith, Family Tour November 6, 2026 | VINYL | General Admission | All Ages The price you see is the price you pay! All fees are included in the price you see on Ticketmaster (excluding taxes). For ADA Accommodations, email info@rivalentertainment.com. For parking information and an FAQ, visit us at centerstage-atlanta.com.",ticketmaster: https://www.ticketmaster.com/drew-baldridge-atlanta-georgia-11-06-2026/event/0E00651F3D44C03F | seatgeek: https://seatgeek.com/drew-baldridge-tickets/atlanta-georgia-vinyl-at-center-stage-2026-11-06-8-pm/concert/18551702,2,Atlanta,33.7918926,-84.3877907
Dälek,2026-11-06,7:00 PM,"The Masquerade - Purgatory, Atlanta",,Food & Drink,https://www.ticketmaster.com/dalek-atlanta-georgia-11-06-2026/event/0E006511D12CF99C,"We look forward to hosting you at The Masquerade! Doors are at 7:00 PM. The Masquerade is now proud to be serving food. Check our socials for the food window's schedule, pinned at the top of the feed. For more info and our FAQ, visit MASQ.com",ticketmaster: https://www.ticketmaster.com/dalek-atlanta-georgia-11-06-2026/event/0E006511D12CF99C,1,Atlanta,33.75184,-84.389887
Fetty Wap,2026-11-06,8:00 PM,"Coca-Cola Roxy Theatre, Atlanta",,Concert / Live Music,https://seatgeek.com/fetty-wap-tickets/atlanta-georgia-coca-cola-roxy-theatre-2026-11-06-8-pm/concert/18240182,,seatgeek: https://seatgeek.com/fetty-wap-tickets/atlanta-georgia-coca-cola-roxy-theatre-2026-11-06-8-pm/concert/18240182,1,Atlanta,33.8903,-84.4697
Fetty Wap: Nostalgia Tour,2026-11-06,8:00 PM,"Coca-Cola Roxy, Atlanta",,Concert / Live Music,https://www.ticketmaster.com/fetty-wap-nostalgia-tour-atlanta-georgia-11-06-2026/event/0E0064ACD5624485,"All ages welcome. Doors: 7:00 PM Show: 8:0o PM The main floor is general admission, standing room only. The balcony is reserved, assigned seating.",ticketmaster: https://www.ticketmaster.com/fetty-wap-nostalgia-tour-atlanta-georgia-11-06-2026/event/0E0064ACD5624485,1,Atlanta,33.89024,-84.469717
Francis Ellis,2026-11-06,7:00 PM,"Helium Comedy Club - Atlanta, Alpharetta",,Comedy,https://seatgeek.com/francis-ellis-tickets/comedy/2026-11-06-7-pm/18453073,,seatgeek: https://seatgeek.com/francis-ellis-tickets/comedy/2026-11-06-7-pm/18453073 | seatgeek: https://seatgeek.com/francis-ellis-tickets/comedy/2026-11-06-9-15-pm/18453077,2,Atlanta,34.0754,-84.2941
Georgia Tech Yellow Jackets Mens Basketball vs. Georgia Southern Eagles Mens Basketball,2026-11-06,7:00 PM,"McCamish Pavilion, Atlanta",,Sports & Fitness,https://seatgeek.com/georgia-tech-yellow-jackets-mens-basketball-tickets/ncaa-basketball/2026-11-06-7-pm/18503968,,seatgeek: https://seatgeek.com/georgia-tech-yellow-jackets-mens-basketball-tickets/ncaa-basketball/2026-11-06-7-pm/18503968 | ticketmaster: https://www.ticketmaster.com/event/Z7r9jZ1AAZUFV,2,Atlanta,33.7807,-84.3936
Georgia Tech Yellow Jackets Womens Volleyball vs. North Carolina State Wolfpack Womens Volleyball,2026-11-06,7:00 PM,"O'Keefe Gymnasium, Atlanta",,Sports & Fitness,https://www.ticketmaster.com/event/Z7r9jZ1A70z-y,,ticketmaster: https://www.ticketmaster.com/event/Z7r9jZ1A70z-y,1,Atlanta,33.758301,-84.398201
Havok,2026-11-06,6:00 PM,"The Masquerade - Hell, Atlanta",,Food & Drink,https://www.ticketmaster.com/havok-atlanta-georgia-11-06-2026/event/0E006512B576AA1E,"We look forward to hosting you at The Masquerade! Doors are at 6:00 PM. The Masquerade is now proud to be serving food. Check our socials for the food window's schedule, pinned at the top of the feed. For more info and our FAQ, visit MASQ.com",ticketmaster: https://www.ticketmaster.com/havok-atlanta-georgia-11-06-2026/event/0E006512B576AA1E | seatgeek: https://seatgeek.com/havok-tickets/atlanta-georgia-the-masquerade-hell-2026-11-06-6-pm/concert/18515346,2,Atlanta,33.75184,-84.389887
Hawthorne Heights - 20th anniversary of If Only You Were Lonely,2026-11-06,6:00 PM,"The Masquerade - Heaven, Atlanta",,Food & Drink,https://www.ticketmaster.com/hawthorne-heights-20th-anniversary-of-if-atlanta-georgia-11-06-2026/event/0E006470E423DA77,"We look forward to hosting you at The Masquerade! Doors are at 6:00 PM. The Masquerade is now proud to be serving food. Check our socials for the food window's schedule, pinned at the top of the feed. For more info and our FAQ, visit MASQ.com",ticketmaster: https://www.ticketmaster.com/hawthorne-heights-20th-anniversary-of-if-atlanta-georgia-11-06-2026/event/0E006470E423DA77,1,Atlanta,33.751769,-84.389681
Hawthorne Heights with letlive. and Creeper,2026-11-06,6:00 PM,"The Masquerade - Heaven, Atlanta",,Concert / Live Music,https://seatgeek.com/hawthorne-heights-tickets/atlanta-georgia-the-masquerade-heaven-2026-11-06-6-pm/concert/18133221,,seatgeek: https://seatgeek.com/hawthorne-heights-tickets/atlanta-georgia-the-masquerade-heaven-2026-11-06-6-pm/concert/18133221,1,Atlanta,33.7518,-84.3897
Holiday Portraits: Capture the Magic at Selfie Paradise Museum,2026-11-06,12:00 PM,"Selfie Paradise Museum, Douglasville",,General,https://www.universe.com/events/holiday-portraits-capture-the-magic-at-selfie-paradise-museum-tickets-6HVT5N?ref=ticketmaster,,ticketmaster: https://www.universe.com/events/holiday-portraits-capture-the-magic-at-selfie-paradise-museum-tickets-6HVT5N?ref=ticketmaster | ticketmaster: https://www.universe.com/events/holiday-portraits-capture-the-magic-at-selfie-paradise-museum-tickets-6HVT5N?ref=ticketmaster | ticketmaster: https://www.universe.com/events/holiday-portraits-capture-the-magic-at-selfie-paradise-museum-tickets-6HVT5N?ref=ticketmaster | ticketmaster: https://www.universe.com/events/holiday-portraits-capture-the-magic-at-selfie-paradise-museum-tickets-6HVT5N?ref=ticketmaster | ticketmaster: https://www.universe.com/events/holiday-portraits-capture-the-magic-at-selfie-paradise-museum-tickets-6HVT5N?ref=ticketmaster | ticketmaster: https://www.universe.com/events/holiday-portraits-capture-the-magic-at-selfie-paradise-museum-tickets-6HVT5N?ref=ticketmaster | ticketmaster: https://www.universe.com/events/holiday-portraits-capture-the-magic-at-selfie-paradise-museum-tickets-6HVT5N?ref=ticketmaster | ticketmaster: https://www.universe.com/events/holiday-portraits-capture-the-magic-at-selfie-paradise-museum-tickets-6HVT5N?ref=ticketmaster | ticketmaster: https://www.universe.com/events/holiday-portraits-capture-the-magic-at-selfie-paradise-museum-tickets-6HVT5N?ref=ticketmaster | ticketmaster: https://www.universe.com/events/holiday-portraits-capture-the-magic-at-selfie-paradise-museum-tickets-6HVT5N?ref=ticketmaster | ticketmaster: https://www.universe.com/events/holiday-portraits-capture-the-magic-at-selfie-paradise-museum-tickets-6HVT5N?ref=ticketmaster | ticketmaster: https://www.universe.com/events/holiday-portraits-capture-the-magic-at-selfie-paradise-museum-tickets-6HVT5N?ref=ticketmaster | ticketmaster: https://www.universe.com/events/holiday-portraits-capture-the-magic-at-selfie-paradise-museum-tickets-6HVT5N?ref=ticketmaster | ticketmaster: https://www.universe.com/events/holiday-portraits-capture-the-magic-at-selfie-paradise-museum-tickets-6HVT5N?ref=ticketmaster | ticketmaster: https://www.universe.com/events/holiday-portraits-capture-the-magic-at-selfie-paradise-museum-tickets-6HVT5N?ref=ticketmaster | ticketmaster: https://www.universe.com/events/holiday-portraits-capture-the-magic-at-selfie-paradise-museum-tickets-6HVT5N?ref=ticketmaster | ticketmaster: https://www.universe.com/events/holiday-portraits-capture-the-magic-at-selfie-paradise-museum-tickets-6HVT5N?ref=ticketmaster | ticketmaster: https://www.universe.com/events/holiday-portraits-capture-the-magic-at-selfie-paradise-museum-tickets-6HVT5N?ref=ticketmaster | ticketmaster: https://www.universe.com/events/holiday-portraits-capture-the-magic-at-selfie-paradise-museum-tickets-6HVT5N?ref=ticketmaster | ticketmaster: https://www.universe.com/events/holiday-portraits-capture-the-magic-at-selfie-paradise-museum-tickets-6HVT5N?ref=ticketmaster | ticketmaster: https://www.universe.com/events/holiday-portraits-capture-the-magic-at-selfie-paradise-museum-tickets-6HVT5N?ref=ticketmaster,21,Atlanta,33.728206,-84.743421
INNA,2026-11-06,8:00 PM,"Center Stage Theater, Atlanta",,Concert / Live Music,https://www.ticketmaster.com/inna-atlanta-georgia-11-06-2026/event/0E00643CD15EADD4,"INNA November 6, 2026 | Center Stage | GA Pit/Reserved Seating | All Ages INNA is one of the world?s most successful international EDM artists, and she?s going to turn Center Stage Atlanta into a global dance destination on November 6th. Known for her signature blend of infectious dance beats and catchy hooks, INNA has built a career that spans continents, charts, and generations of dance music lovers. With billions of streams worldwide and countless chart-topping singles, she continues to define the sound of modern EDM. From viral anthems to club-defining hits, the setlist will feature ?Hot,?",ticketmaster: https://www.ticketmaster.com/inna-atlanta-georgia-11-06-2026/event/0E00643CD15EADD4 | seatgeek: https://seatgeek.com/inna-tickets/atlanta-georgia-center-stage-theater-atlanta-2026-11-06-8-pm/concert/18043489,2,Atlanta,33.7918926,-84.3877907
It's A Wonderful Life - A Live Radio Play,2026-11-06,7:30 PM,"Strand Theatre - GA, Marietta",,Arts & Theatre,https://www.ticketmaster.com/event/Z7r9jZ1A7xaqK,,ticketmaster: https://www.ticketmaster.com/event/Z7r9jZ1A7xaqK,1,Atlanta,33.922298,-84.546402
Jim Lauderdale,2026-11-06,7:00 PM,"Eddie's Attic, Decatur",,Concert / Live Music,https://www.ticketmaster.com/jim-lauderdale-decatur-georgia-11-06-2026/event/0E006507C695A1C2,"Jim Lauderdale live at Eddie's Attic! A 2025 inductee into the Nashville Songwriters Hall of Fame, Jim Lauderdale embodies the sound of American roots music for listeners around the world. His songs have been recorded by George Strait, Patty Loveless, George Jones, the Chicks, Old Crow Medicine Show, Lucinda Williams, and Charley Crockett, among many others. He wrote and recorded six albums with Grateful Dead songwriter Robert Hunter, has collaborated with Buddy Miller, Elvis Costello, and Ralph Stanley, and has won two Grammys in the Best Bluegrass Album category. In 2016 he received a Lifeti",ticketmaster: https://www.ticketmaster.com/jim-lauderdale-decatur-georgia-11-06-2026/event/0E006507C695A1C2,1,Atlanta,33.773975,-84.296271
Jim Lauderdale with Live Music,2026-11-06,7:00 PM,"Eddie's Attic - Decatur, Decatur",,Concert / Live Music,https://seatgeek.com/jim-lauderdale-tickets/decatur-georgia-eddie-s-attic-decatur-2026-11-06-7-pm/concert/18472497,,seatgeek: https://seatgeek.com/jim-lauderdale-tickets/decatur-georgia-eddie-s-attic-decatur-2026-11-06-7-pm/concert/18472497,1,Atlanta,33.7739,-84.2964
Julia Jacklin,2026-11-06,8:00 PM,"Variety Playhouse, Atlanta",,Concert / Live Music,https://www.ticketmaster.com/event/Z7r9jZ1A7Pfq4,,ticketmaster: https://www.ticketmaster.com/event/Z7r9jZ1A7Pfq4 | seatgeek: https://seatgeek.com/julia-jacklin-tickets/atlanta-georgia-variety-playhouse-2026-11-06-8-pm/concert/18281129,2,Atlanta,33.770199,-84.334602
Like Father,2026-11-06,7:30 PM,"Alliance Theatre, Atlanta",,General,https://www.ticketmaster.com/event/Z7r9jZ1A70MQ6,,ticketmaster: https://www.ticketmaster.com/event/Z7r9jZ1A70MQ6,1,Atlanta,33.797401,-84.386803
Like Father - Atlanta,2026-11-06,7:30 PM,"Hertz Stage at Alliance Theatre, Atlanta",,Arts & Theatre,https://seatgeek.com/like-father-1-tickets/theater/2026-11-06-7-30-pm/18275336,,seatgeek: https://seatgeek.com/like-father-1-tickets/theater/2026-11-06-7-30-pm/18275336,1,Atlanta,33.7896,-84.3844
Lumasi (18+ Event),2026-11-06,10:00 PM,"Wish Lounge at Believe Music Hall, Atlanta",,General,https://www.ticketmaster.com/event/Z7r9jZ1AAvdGw,,ticketmaster: https://www.ticketmaster.com/event/Z7r9jZ1AAvdGw,1,Atlanta,33.744301,-84.375397
Music Discovery Series Performance,2026-11-06,10:00 AM,"Woodruff Arts Center, Atlanta",,Concert / Live Music,https://www.ticketmaster.com/music-discovery-series-performance-atlanta-georgia-11-06-2026/event/0E00649CC95F9652,"School Day Event | Goizueta Stage for Youth and Families | Grades 3 to 12 Up-close performances by ASO and community musicians in an intimate setting, paired with Q&A opportunities that give students a behind-the-scenes look at the art of music-making. Select dates include the addition of a Behind the Scenes Tour. Programs are tailored to fit each group's age and level of musical experience, designed especially for instrumental students from late elementary through high school.",ticketmaster: https://www.ticketmaster.com/music-discovery-series-performance-atlanta-georgia-11-06-2026/event/0E00649CC95F9652 | ticketmaster: https://www.ticketmaster.com/music-discovery-series-performance-atlanta-georgia-11-06-2026/event/0E0064A6C37041D8,2,Atlanta,33.7971137,-84.3804888
NBA Cup: Washington Wizards at Atlanta Hawks,2026-11-06,7:00 PM,"State Farm Arena, Atlanta",,Sports & Fitness,https://www.ticketmaster.com/atlanta-hawks-vs-washington-wizards-atlanta-georgia-11-06-2026/event/0E0065059243521E,,ticketmaster: https://www.ticketmaster.com/atlanta-hawks-vs-washington-wizards-atlanta-georgia-11-06-2026/event/0E0065059243521E | seatgeek: https://seatgeek.com/atlanta-hawks-tickets/11-6-2026-atlanta-georgia-state-farm-arena-1/nba/18485905,2,Atlanta,33.757796,-84.394569
NC State Wolfpack at Georgia Tech Yellow Jackets Womens Volleyball,2026-11-06,7:00 PM,"O'Keefe Gymnasium, Atlanta",,Sports & Fitness,https://seatgeek.com/georgia-tech-yellow-jackets-womens-volleyball-tickets/womens-college-volleyball/2026-11-06-7-pm/18260022,,seatgeek: https://seatgeek.com/georgia-tech-yellow-jackets-womens-volleyball-tickets/womens-college-volleyball/2026-11-06-7-pm/18260022,1,Atlanta,33.81512,-84.474335
Nico Carney,2026-11-06,7:30 PM,"Helium Comedy Club - Atlanta, Alpharetta",,Comedy,https://seatgeek.com/nico-carney-tickets/comedy/2026-11-06-7-30-pm/18453394,,seatgeek: https://seatgeek.com/nico-carney-tickets/comedy/2026-11-06-7-30-pm/18453394 | seatgeek: https://seatgeek.com/nico-carney-tickets/comedy/2026-11-06-9-45-pm/18453395,2,Atlanta,34.0754,-84.2941
Once upon a time by Rahat Fateh Ali Khan,2026-11-06,8:30 PM,"Gas South Arena, Duluth",,Concert / Live Music,https://www.ticketmaster.com/once-upon-a-time-by-rahat-duluth-georgia-11-06-2026/event/0E00652CE3613A8C,"Ages 2 and older require a ticket. No Refunds. No Exchanges. Pricing, line up, and production setup may change without notice. Ticket purchases exceeding the posted ticket limit, either within a single order or across multiple orders, may be subject to order(s) being voided without notice.",ticketmaster: https://www.ticketmaster.com/once-upon-a-time-by-rahat-duluth-georgia-11-06-2026/event/0E00652CE3613A8C,1,Atlanta,33.9869191,-84.0907288
Rahat Fateh Ali Khan,2026-11-06,8:30 PM,"Gas South Arena, Duluth",,Concert / Live Music,https://seatgeek.com/rahat-fateh-ali-khan-tickets/duluth-georgia-gas-south-arena-2026-11-06-8-30-pm/concert/18603598,,seatgeek: https://seatgeek.com/rahat-fateh-ali-khan-tickets/duluth-georgia-gas-south-arena-2026-11-06-8-30-pm/concert/18603598,1,Atlanta,33.9896,-84.0942
Rick Braun,2026-11-06,7:00 PM,"Trilith Live, Fayetteville",,Concert / Live Music,https://seatgeek.com/rick-braun-tickets/fayetteville-georgia-trilith-live-2026-11-06-7-pm/concert/17915697,,seatgeek: https://seatgeek.com/rick-braun-tickets/fayetteville-georgia-trilith-live-2026-11-06-7-pm/concert/17915697,1,Atlanta,33.4711,-84.5072
Rick Braun with special guest Peachtree Jazz Edition,2026-11-06,7:00 PM,"Trilith LIVE, Fayetteville",,Concert / Live Music,https://www.ticketmaster.com/rick-braun-with-special-guest-peachtree-fayetteville-georgia-11-06-2026/event/0E00636B8A4D67DF,Trilith LIVE: No re-entry is allowed. Clear bag policy only! Ages 2 and up must have a ticket!,ticketmaster: https://www.ticketmaster.com/rick-braun-with-special-guest-peachtree-fayetteville-georgia-11-06-2026/event/0E00636B8A4D67DF,1,Atlanta,33.47264,-84.50678
Switchfoot with Anberlin,2026-11-06,8:00 PM,"Tabernacle Presented by iTHINK Financial, Atlanta",,Concert / Live Music,https://seatgeek.com/switchfoot-tickets/atlanta-georgia-the-tabernacle-atlanta-2026-11-06-8-pm/concert/18235777,,seatgeek: https://seatgeek.com/switchfoot-tickets/atlanta-georgia-the-tabernacle-atlanta-2026-11-06-8-pm/concert/18235777,1,Atlanta,33.7589,-84.3914
Switchfoot with special guest Anberlin - Forever Now Tour,2026-11-06,8:00 PM,"Tabernacle Presented by iTHINK Financial, Atlanta",,Concert / Live Music,https://www.ticketmaster.com/switchfoot-with-special-guest-anberlin-forever-atlanta-georgia-11-06-2026/event/0E0064A4A171BDFA,"This is a show has a general admission standing room floor with fully reserved assigned seating balconies. All ages welcome. Box Office Open at 6pm. Doors at 7pm. Show at 8pm. Please be aware our balconies are not ADA accessible. All accommodations are located on the main floor level. There is no elevator in the building. Please ask event staff for any ADA assistance upon arrival. Guests who have purchased ADA tickets may request assistance from event staff upon arrival. If all ADA accommodations are sold out, please email the venue at tabernacle@livenation.com.",ticketmaster: https://www.ticketmaster.com/switchfoot-with-special-guest-anberlin-forever-atlanta-georgia-11-06-2026/event/0E0064A4A171BDFA,1,Atlanta,33.758688,-84.391449
The Christmas Carnival at Selfie Paradise Museum,2026-11-06,1:00 PM,"Selfie Paradise Museum, Douglasville",,Festival,https://www.universe.com/events/the-christmas-carnival-at-selfie-paradise-museum-tickets-7PQG9Y?ref=ticketmaster,,ticketmaster: https://www.universe.com/events/the-christmas-carnival-at-selfie-paradise-museum-tickets-7PQG9Y?ref=ticketmaster | ticketmaster: https://www.universe.com/events/the-christmas-carnival-at-selfie-paradise-museum-tickets-7PQG9Y?ref=ticketmaster | ticketmaster: https://www.universe.com/events/the-christmas-carnival-at-selfie-paradise-museum-tickets-7PQG9Y?ref=ticketmaster | ticketmaster: https://www.universe.com/events/the-christmas-carnival-at-selfie-paradise-museum-tickets-7PQG9Y?ref=ticketmaster | ticketmaster: https://www.universe.com/events/the-christmas-carnival-at-selfie-paradise-museum-tickets-7PQG9Y?ref=ticketmaster | ticketmaster: https://www.universe.com/events/the-christmas-carnival-at-selfie-paradise-museum-tickets-7PQG9Y?ref=ticketmaster,6,Atlanta,33.728206,-84.743421
The Fab Four: Tribute to The Beatles' A Hard Day's Night,2026-11-06,8:00 PM,"Buckhead Theatre, Atlanta",,Concert / Live Music,https://www.ticketmaster.com/the-fab-four-tribute-to-the-atlanta-georgia-11-06-2026/event/0E0064710499DDC0,"This is a fully reserved, seated event. All ages welcome. Doors at 6:30 PM. Show at 7:30 PM.",ticketmaster: https://www.ticketmaster.com/the-fab-four-tribute-to-the-atlanta-georgia-11-06-2026/event/0E0064710499DDC0 | seatgeek: https://seatgeek.com/the-fab-four-the-ultimate-tribute-tickets/atlanta-georgia-buckhead-theatre-2026-11-06-8-pm/concert/18141202,2,Atlanta,33.8402272,-84.3795437
The OBGMs,2026-11-06,7:00 PM,"The Masquerade - Altar, Atlanta",,Concert / Live Music,https://seatgeek.com/the-obgms-tickets/atlanta-georgia-the-masquerade-altar-2026-11-06-7-pm/concert/18473063,,seatgeek: https://seatgeek.com/the-obgms-tickets/atlanta-georgia-the-masquerade-altar-2026-11-06-7-pm/concert/18473063,1,Atlanta,33.752,-84.3895
The OBGMs - Heart Problems,2026-11-06,7:00 PM,"The Masquerade - Altar, Atlanta",,Food & Drink,https://www.ticketmaster.com/the-obgms-heart-problems-atlanta-georgia-11-06-2026/event/0E006507F0EFE09D,"We look forward to hosting you at The Masquerade! Doors are at 7:00 PM. The Masquerade is now proud to be serving food. Check our socials for the food window's schedule, pinned at the top of the feed. For more info and our FAQ, visit MASQ.com",ticketmaster: https://www.ticketmaster.com/the-obgms-heart-problems-atlanta-georgia-11-06-2026/event/0E006507F0EFE09D,1,Atlanta,33.75202,-84.38945
The R&B Tour - Starring Usher Raymond & Chris Brown,2026-11-06,7:00 PM,"Mercedes-Benz Stadium, Atlanta",,Concert / Live Music,https://www.ticketmaster.com/the-rb-tour-starring-usher-raymond-atlanta-georgia-11-06-2026/event/0E00647899FB6F89,"Everyone needs a ticket for entry, except children shorter than 33 inches. CLEAR BAG POLICY IN EFFECT for entry into the stadium: visit https://www.mercedesbenzstadium.com/guidelines#bag-policy - must be CLEAR plastic, vinyl or PVC and not exceed 12? x 6? x 12?.. Cannot be tinted with color or include oversized content that prevents visibility into the bag. - Only non-clear bags that are smaller than 4.5"" x 6.5"" will be permitted into the venue. - Any type of NON-CLEAR bag exceeding 4.5"" x 6.5"" will not be permitted. Exceptions made for medically necessary items after inspection onsite by secu",ticketmaster: https://www.ticketmaster.com/the-rb-tour-starring-usher-raymond-atlanta-georgia-11-06-2026/event/0E00647899FB6F89,1,Atlanta,33.755389,-84.400823
The Record Company,2026-11-06,8:00 PM,"Terminal West, Atlanta",,Concert / Live Music,https://www.ticketmaster.com/event/Z7r9jZ1A7PE86,,ticketmaster: https://www.ticketmaster.com/event/Z7r9jZ1A7PE86 | seatgeek: https://seatgeek.com/the-record-company-tickets/atlanta-georgia-terminal-west-2026-11-06-8-pm/concert/18321587,2,Atlanta,33.791901,-84.446404
Tours: Truist Park,2026-11-06,2:00 PM,"Truist Park, Atlanta",,Concert / Live Music,https://www.ticketmaster.com/tours-truist-park-atlanta-georgia-11-06-2026/event/0E006511951C633F,"Tours begin based on the following schedule: In-Season (April-September/Playoffs) Monday - Saturday : 10:00am, 11:00am, Noon, 1:00pm, 2:00pm Sundays: 1:00pm, 3:00pm Off-Season (Oct-Mar) Mon-Sat: 10:00am, 12:00pm, 2:00pm Tours are 90 minutes in length. No Tours are given if a day game is being played. Please be sure to not only select the correct number and types of tickets, but also the time you want to attend.",ticketmaster: https://www.ticketmaster.com/tours-truist-park-atlanta-georgia-11-06-2026/event/0E006511951C633F,1,Atlanta,33.890304,-84.468127
Trivium w/ In Flames,2026-11-06,6:30 PM,"The Eastern-GA, Atlanta",,Concert / Live Music,https://www.ticketmaster.com/event/Z7r9jZ1AAZdbY,,ticketmaster: https://www.ticketmaster.com/event/Z7r9jZ1AAZdbY,1,Atlanta,33.7136,-84.332802
"Trivium with In Flames, Orbit Culture, and Frozen Soul",2026-11-06,6:30 PM,"The Eastern - Atlanta, Atlanta",,Concert / Live Music,https://seatgeek.com/trivium-tickets/atlanta-georgia-the-eastern-atlanta-2026-11-06-6-30-pm/concert/18391931,,seatgeek: https://seatgeek.com/trivium-tickets/atlanta-georgia-the-eastern-atlanta-2026-11-06-6-30-pm/concert/18391931,1,Atlanta,33.7454,-84.3606
Usher and Chris Brown (Rescheduled from 11/7/2026),2026-11-06,7:00 PM,"Mercedes-Benz Stadium, Atlanta",,Concert / Live Music,https://seatgeek.com/the-r-and-b-tour-tickets/atlanta-georgia-mercedes-benz-stadium-2026-11-06-7-pm/concert/18176792,,seatgeek: https://seatgeek.com/the-r-and-b-tour-tickets/atlanta-georgia-mercedes-benz-stadium-2026-11-06-7-pm/concert/18176792,1,Atlanta,33.7553,-84.4006
Waiting to Exhale - Atlanta,2026-11-06,7:30 PM,"Fox Theatre Atlanta, Atlanta",,Concert / Live Music,https://seatgeek.com/waiting-to-exhale-tickets/atlanta-georgia-fox-theatre-atlanta-2026-11-06-7-30-pm/concert/18515979,,seatgeek: https://seatgeek.com/waiting-to-exhale-tickets/atlanta-georgia-fox-theatre-atlanta-2026-11-06-7-30-pm/concert/18515979,1,Atlanta,33.7726,-84.3855
All Smiles - Atlanta,2026-11-07,10:00 AM,"Selig Family Black Box Theatre at Alliance Theatre, Atlanta",,Fair / Popup,https://seatgeek.com/all-smiles-tickets/family/2026-11-07-10-am/18275389,,seatgeek: https://seatgeek.com/all-smiles-tickets/family/2026-11-07-10-am/18275389,1,Atlanta,33.789246,-84.38541
"An Evening of Fire, Flavor & Tradition",2026-11-07,6:00 PM - 10:00 PM,"Gallery Anderson Smith, 1401 Peachtree Street Northeast #Ste. A200, Atlanta, GA 30309",,Food & Drink,https://www.eventbrite.com/e/an-evening-of-fire-flavor-tradition-tickets-1996057785569,,eventbrite: https://www.eventbrite.com/e/an-evening-of-fire-flavor-tradition-tickets-1996057785569,1,Atlanta,33.749,-84.388
Andrew Jackson Jihad with Greet Death,2026-11-07,7:00 PM,"The Masquerade - Hell, Atlanta",,Concert / Live Music,https://seatgeek.com/andrew-jackson-jihad-tickets/atlanta-georgia-the-masquerade-hell-2026-11-07-7-pm/concert/18426353,,seatgeek: https://seatgeek.com/andrew-jackson-jihad-tickets/atlanta-georgia-the-masquerade-hell-2026-11-07-7-pm/concert/18426353,1,Atlanta,33.7522,-84.3901
Atlanta Opera - Atlanta,2026-11-07,7:30 PM,"Cobb Energy Performing Arts Centre, Atlanta",,Sports & Fitness,https://seatgeek.com/atlanta-opera-tickets/opera/2026-11-07-7-30-pm/18410897,,seatgeek: https://seatgeek.com/atlanta-opera-tickets/opera/2026-11-07-7-30-pm/18410897,1,Atlanta,33.9122,-84.5571
Atlanta Symphony Orchestra: Bach & Brahms,2026-11-07,8:00 PM,"Atlanta Symphony Hall at Woodruff Arts Center, Atlanta",,Arts & Theatre,https://seatgeek.com/atlanta-symphony-orchestra-tickets/classical/2026-11-07-8-pm/18171976,,seatgeek: https://seatgeek.com/atlanta-symphony-orchestra-tickets/classical/2026-11-07-8-pm/18171976,1,Atlanta,33.7893,-84.3847
Brooklyn Nets at Atlanta Hawks,2026-11-07,7:30 PM,"State Farm Arena, Atlanta",,Sports & Fitness,https://seatgeek.com/atlanta-hawks-tickets/11-7-2026-atlanta-georgia-state-farm-arena-1/nba/18495516,,seatgeek: https://seatgeek.com/atlanta-hawks-tickets/11-7-2026-atlanta-georgia-state-farm-arena-1/nba/18495516,1,Atlanta,33.7566,-84.3969
Brutalismus 3000,2026-11-07,9:00 PM,"The Eastern - Atlanta, Atlanta",,Concert / Live Music,https://seatgeek.com/brutalismus-3000-tickets/atlanta-georgia-the-eastern-atlanta-2026-11-07-9-pm/concert/18562846,,seatgeek: https://seatgeek.com/brutalismus-3000-tickets/atlanta-georgia-the-eastern-atlanta-2026-11-07-9-pm/concert/18562846,1,Atlanta,33.7454,-84.3606
Cannelle,2026-11-07,7:00 PM,"The Masquerade - Altar, Atlanta",,Concert / Live Music,https://seatgeek.com/cannelle-tickets/atlanta-georgia-the-masquerade-altar-2026-11-07-7-pm/concert/18544602,,seatgeek: https://seatgeek.com/cannelle-tickets/atlanta-georgia-the-masquerade-altar-2026-11-07-7-pm/concert/18544602,1,Atlanta,33.752,-84.3895
Charlie Berens,2026-11-07,8:00 PM,"Center Stage Theater - Atlanta, Atlanta",,Comedy,https://seatgeek.com/charlie-berens-tickets/comedy/2026-11-07-8-pm/18185920,,seatgeek: https://seatgeek.com/charlie-berens-tickets/comedy/2026-11-07-8-pm/18185920,1,Atlanta,33.7922,-84.388
Daniel In The Lion's Den,2026-11-07,6:30 PM,"Trilith Live, Fayetteville",,Concert / Live Music,https://seatgeek.com/daniel-in-the-lion-s-den-tickets/fayetteville-georgia-trilith-live-2026-11-07-6-30-pm/concert/18393657,,seatgeek: https://seatgeek.com/daniel-in-the-lion-s-den-tickets/fayetteville-georgia-trilith-live-2026-11-07-6-30-pm/concert/18393657,1,Atlanta,33.4711,-84.5072
Deer Tick,2026-11-07,8:30 PM,"Terminal West, Atlanta",,Concert / Live Music,https://seatgeek.com/deer-tick-tickets/atlanta-georgia-terminal-west-2026-11-07-8-30-pm/concert/18117049,,seatgeek: https://seatgeek.com/deer-tick-tickets/atlanta-georgia-terminal-west-2026-11-07-8-30-pm/concert/18117049,1,Atlanta,33.782307,-84.4164
Delaware Blue Hens at Kennesaw State Owls Football,2026-11-07,3:00 PM,"Fifth Third Stadium, Kennesaw",,Sports & Fitness,https://seatgeek.com/kennesaw-state-owls-football-tickets/ncaa-football/2026-11-07-3-pm/18169302,,seatgeek: https://seatgeek.com/kennesaw-state-owls-football-tickets/ncaa-football/2026-11-07-3-pm/18169302,1,Atlanta,34.0289,-84.5676
Francis Ellis,2026-11-07,7:00 PM,"Helium Comedy Club - Atlanta, Alpharetta",,Comedy,https://seatgeek.com/francis-ellis-tickets/comedy/2026-11-07-7-pm/18453081,,seatgeek: https://seatgeek.com/francis-ellis-tickets/comedy/2026-11-07-7-pm/18453081 | seatgeek: https://seatgeek.com/francis-ellis-tickets/comedy/2026-11-07-9-30-pm/18453082,2,Atlanta,34.0754,-84.2941
Holiday Portraits: Capture the Magic at Selfie Paradise Museum,2026-11-07,12:30 PM,"Selfie Paradise Museum, Douglasville",,General,https://www.universe.com/events/holiday-portraits-capture-the-magic-at-selfie-paradise-museum-tickets-6HVT5N?ref=ticketmaster,,ticketmaster: https://www.universe.com/events/holiday-portraits-capture-the-magic-at-selfie-paradise-museum-tickets-6HVT5N?ref=ticketmaster,1,Atlanta,33.728206,-84.743421
Jai Wolf,2026-11-07,7:00 PM,"The Masquerade - Heaven, Atlanta",,Concert / Live Music,https://seatgeek.com/jai-wolf-tickets/atlanta-georgia-the-masquerade-heaven-2026-11-07-7-pm/concert/18328753,,seatgeek: https://seatgeek.com/jai-wolf-tickets/atlanta-georgia-the-masquerade-heaven-2026-11-07-7-pm/concert/18328753,1,Atlanta,33.7518,-84.3897
Like Father - Atlanta,2026-11-07,2:00 PM,"Hertz Stage at Alliance Theatre, Atlanta",,Arts & Theatre,https://seatgeek.com/like-father-1-tickets/theater/2026-11-07-2-pm/18275337,,seatgeek: https://seatgeek.com/like-father-1-tickets/theater/2026-11-07-2-pm/18275337 | seatgeek: https://seatgeek.com/like-father-1-tickets/theater/2026-11-07-7-30-pm/18275344,2,Atlanta,33.7896,-84.3844
Live Music,2026-11-07,9:00 PM,"Eddie's Attic - Decatur, Decatur",,Concert / Live Music,https://seatgeek.com/live-music-tickets/decatur-georgia-eddie-s-attic-decatur-2026-11-07-9-pm/concert/18472496,,seatgeek: https://seatgeek.com/live-music-tickets/decatur-georgia-eddie-s-attic-decatur-2026-11-07-9-pm/concert/18472496,1,Atlanta,33.7739,-84.2964
Louisville Cardinals at Georgia Tech Yellow Jackets Football,2026-11-07,,"Bobby Dodd Stadium, Atlanta",,Sports & Fitness,https://seatgeek.com/georgia-tech-yellow-jackets-football-tickets/ncaa-football/2026-11-07-3-30-am/18033376,,seatgeek: https://seatgeek.com/georgia-tech-yellow-jackets-football-tickets/ncaa-football/2026-11-07-3-30-am/18033376,1,Atlanta,33.7724,-84.3928
Movements with Balance and Composure,2026-11-07,7:30 PM,"Tabernacle Presented by iTHINK Financial, Atlanta",,Concert / Live Music,https://seatgeek.com/movements-tickets/atlanta-georgia-the-tabernacle-atlanta-2026-11-07-7-30-pm/concert/18236069,,seatgeek: https://seatgeek.com/movements-tickets/atlanta-georgia-the-tabernacle-atlanta-2026-11-07-7-30-pm/concert/18236069,1,Atlanta,33.7589,-84.3914
Nico Carney,2026-11-07,7:30 PM,"Helium Comedy Club - Atlanta, Alpharetta",,Comedy,https://seatgeek.com/nico-carney-tickets/comedy/2026-11-07-7-30-pm/18453396,,seatgeek: https://seatgeek.com/nico-carney-tickets/comedy/2026-11-07-7-30-pm/18453396 | seatgeek: https://seatgeek.com/nico-carney-tickets/comedy/2026-11-07-10-pm/18453397,2,Atlanta,34.0754,-84.2941
NieR: Orchestra Concert,2026-11-07,8:00 PM,"Fox Theatre Atlanta, Atlanta",,Concert / Live Music,https://seatgeek.com/nier-orchestra-concert-tickets/atlanta-georgia-fox-theatre-atlanta-2026-11-07-8-pm/concert/18155500,,seatgeek: https://seatgeek.com/nier-orchestra-concert-tickets/atlanta-georgia-fox-theatre-atlanta-2026-11-07-8-pm/concert/18155500,1,Atlanta,33.7726,-84.3855
Paige Fish,2026-11-07,7:00 PM,"The Masquerade - Purgatory, Atlanta",,Concert / Live Music,https://seatgeek.com/paige-fish-tickets/atlanta-georgia-the-masquerade-purgatory-2026-11-07-7-pm/concert/18420558,,seatgeek: https://seatgeek.com/paige-fish-tickets/atlanta-georgia-the-masquerade-purgatory-2026-11-07-7-pm/concert/18420558,1,Atlanta,33.7515,-84.3899
Peter Bradley Adams,2026-11-07,7:00 PM,"Eddie's Attic - Decatur, Decatur",,Concert / Live Music,https://seatgeek.com/peter-bradley-adams-tickets/decatur-georgia-eddie-s-attic-decatur-2026-11-07-7-pm/concert/18356042,,seatgeek: https://seatgeek.com/peter-bradley-adams-tickets/decatur-georgia-eddie-s-attic-decatur-2026-11-07-7-pm/concert/18356042,1,Atlanta,33.7739,-84.2964
Roob and Noob,2026-11-07,2:00 PM,"Goizueta Stage at Alliance Theatre, Atlanta",,Concert / Live Music,https://seatgeek.com/roob-and-noob-tickets/atlanta-georgia-goizueta-stage-at-alliance-theatre-2026-11-07-2-pm/concert/18626755,,seatgeek: https://seatgeek.com/roob-and-noob-tickets/atlanta-georgia-goizueta-stage-at-alliance-theatre-2026-11-07-2-pm/concert/18626755 | seatgeek: https://seatgeek.com/roob-and-noob-tickets/atlanta-georgia-goizueta-stage-at-alliance-theatre-2026-11-07-4-30-pm/concert/18626757,2,Atlanta,33.78999,-84.38616
Slow Pulp with Snuggle,2026-11-07,8:00 PM,"Variety Playhouse, Atlanta",,Concert / Live Music,https://seatgeek.com/slow-pulp-tickets/atlanta-georgia-variety-playhouse-2026-11-07-8-pm/concert/18301812,,seatgeek: https://seatgeek.com/slow-pulp-tickets/atlanta-georgia-variety-playhouse-2026-11-07-8-pm/concert/18301812,1,Atlanta,33.7637,-84.3511
Sugarland,2026-11-07,7:00 PM,"Gas South Arena, Duluth",,Concert / Live Music,https://seatgeek.com/sugarland-tickets/duluth-georgia-gas-south-arena-2026-11-07-7-pm/concert/18475173,,seatgeek: https://seatgeek.com/sugarland-tickets/duluth-georgia-gas-south-arena-2026-11-07-7-pm/concert/18475173,1,Atlanta,33.9896,-84.0942
The Millionaire Minded Blueprint,2026-11-07,10:00 AM - 6:00 PM,"3391 Peachtree Rd NE, 3391 Peachtree Road Northeast, Atlanta, GA 30326",,Conference / Expo,https://www.eventbrite.com/e/the-millionaire-minded-blueprint-tickets-1997156754615,"Step into the room with some of the nation’s top producers to learn the strategies, systems, and mindset to grow and scale your business!",eventbrite: https://www.eventbrite.com/e/the-millionaire-minded-blueprint-tickets-1997156754615,1,Atlanta,33.749,-84.388
Tyler Ballgame,2026-11-07,8:30 PM,"The Earl, Atlanta",,Concert / Live Music,https://seatgeek.com/tyler-ballgame-tickets/atlanta-georgia-the-earl-2026-11-07-8-30-pm/concert/18590597,,seatgeek: https://seatgeek.com/tyler-ballgame-tickets/atlanta-georgia-the-earl-2026-11-07-8-30-pm/concert/18590597,1,Atlanta,33.741,-84.3459
Yasmin (21+),2026-11-07,8:00 PM,"Rabbit Ears, Atlanta",,Concert / Live Music,https://seatgeek.com/yasmin-shahmir-tickets/atlanta-georgia-rabbit-ears-2026-11-07-8-pm/concert/18590001,,seatgeek: https://seatgeek.com/yasmin-shahmir-tickets/atlanta-georgia-rabbit-ears-2026-11-07-8-pm/concert/18590001,1,Atlanta,33.78277,-84.40911
All Smiles - Atlanta,2026-11-08,1:30 PM,"Selig Family Black Box Theatre at Alliance Theatre, Atlanta",,Fair / Popup,https://seatgeek.com/all-smiles-tickets/family/2026-11-08-1-30-pm/18275388,,seatgeek: https://seatgeek.com/all-smiles-tickets/family/2026-11-08-1-30-pm/18275388,1,Atlanta,33.789246,-84.38541
Catch Your Breath with Tx2,2026-11-08,7:00 PM,"Tabernacle Presented by iTHINK Financial, Atlanta",,Concert / Live Music,https://seatgeek.com/catch-your-breath-tickets/atlanta-georgia-the-tabernacle-atlanta-2026-11-08-7-pm/concert/18269349,,seatgeek: https://seatgeek.com/catch-your-breath-tickets/atlanta-georgia-the-tabernacle-atlanta-2026-11-08-7-pm/concert/18269349,1,Atlanta,33.7589,-84.3914
Eric Lindell,2026-11-08,8:00 PM,"Eddie's Attic - Decatur, Decatur",,Concert / Live Music,https://seatgeek.com/eric-lindell-tickets/decatur-georgia-eddie-s-attic-decatur-2026-11-08-8-pm/concert/18344446,,seatgeek: https://seatgeek.com/eric-lindell-tickets/decatur-georgia-eddie-s-attic-decatur-2026-11-08-8-pm/concert/18344446,1,Atlanta,33.7739,-84.2964
First to Eleven,2026-11-08,8:00 PM,"Vinyl at Center Stage, Atlanta",,Concert / Live Music,https://seatgeek.com/first-to-eleven-tickets/atlanta-georgia-vinyl-at-center-stage-2026-11-08-8-pm/concert/18357734,,seatgeek: https://seatgeek.com/first-to-eleven-tickets/atlanta-georgia-vinyl-at-center-stage-2026-11-08-8-pm/concert/18357734,1,Atlanta,33.7922,-84.3883
Griffin House,2026-11-08,6:00 PM,"Eddie's Attic - Decatur, Decatur",,Concert / Live Music,https://seatgeek.com/griffin-house-tickets/decatur-georgia-eddie-s-attic-decatur-2026-11-08-6-pm/concert/18344442,,seatgeek: https://seatgeek.com/griffin-house-tickets/decatur-georgia-eddie-s-attic-decatur-2026-11-08-6-pm/concert/18344442,1,Atlanta,33.7739,-84.2964
Holywatr with Mercury,2026-11-08,7:00 PM,"The Masquerade - Heaven, Atlanta",,Concert / Live Music,https://seatgeek.com/holywatr-tickets/atlanta-georgia-the-masquerade-heaven-2026-11-08-7-pm/concert/18312191,,seatgeek: https://seatgeek.com/holywatr-tickets/atlanta-georgia-the-masquerade-heaven-2026-11-08-7-pm/concert/18312191,1,Atlanta,33.7518,-84.3897
Jim Hensons Labyrinth - In Concert,2026-11-08,7:30 PM,"The Eastern - Atlanta, Atlanta",,Arts & Theatre,https://seatgeek.com/jim-hensons-labyrinth-in-concert-tickets/classical/2026-11-08-7-30-pm/18021890,,seatgeek: https://seatgeek.com/jim-hensons-labyrinth-in-concert-tickets/classical/2026-11-08-7-30-pm/18021890,1,Atlanta,33.7454,-84.3606
Like Father - Atlanta,2026-11-08,2:00 PM,"Hertz Stage at Alliance Theatre, Atlanta",,Arts & Theatre,https://seatgeek.com/like-father-1-tickets/theater/2026-11-08-2-pm/18275345,,seatgeek: https://seatgeek.com/like-father-1-tickets/theater/2026-11-08-2-pm/18275345 | seatgeek: https://seatgeek.com/like-father-1-tickets/theater/2026-11-08-7-30-pm/18275346,2,Atlanta,33.7896,-84.3844
Raptors 905 at College Park Skyhawks,2026-11-08,2:00 PM,"Gateway Center Arena at College Park, College Park",,Sports & Fitness,https://seatgeek.com/college-park-skyhawks-tickets/nba-g-league/2026-11-08-2-pm/18541391,,seatgeek: https://seatgeek.com/college-park-skyhawks-tickets/nba-g-league/2026-11-08-2-pm/18541391,1,Atlanta,33.6473,-84.4596
Reem Edan,2026-11-08,7:00 PM,"Helium Comedy Club - Atlanta, Alpharetta",,Comedy,https://seatgeek.com/reem-edan-tickets/comedy/2026-11-08-7-pm/18567482,,seatgeek: https://seatgeek.com/reem-edan-tickets/comedy/2026-11-08-7-pm/18567482,1,Atlanta,34.0754,-84.2941
Usher and Chris Brown,2026-11-08,7:00 PM,"Mercedes-Benz Stadium, Atlanta",,Concert / Live Music,https://seatgeek.com/the-r-and-b-tour-tickets/atlanta-georgia-mercedes-benz-stadium-2026-11-08-7-pm/concert/18176802,,seatgeek: https://seatgeek.com/the-r-and-b-tour-tickets/atlanta-georgia-mercedes-benz-stadium-2026-11-08-7-pm/concert/18176802,1,Atlanta,33.7553,-84.4006
Wake Forest Demon Deacons at Georgia Tech Yellow Jackets Womens Volleyball,2026-11-08,1:00 PM,"O'Keefe Gymnasium, Atlanta",,Sports & Fitness,https://seatgeek.com/georgia-tech-yellow-jackets-womens-volleyball-tickets/womens-college-volleyball/2026-11-08-1-pm/18260025,,seatgeek: https://seatgeek.com/georgia-tech-yellow-jackets-womens-volleyball-tickets/womens-college-volleyball/2026-11-08-1-pm/18260025,1,Atlanta,33.81512,-84.474335
West Virginia Mountaineers at Georgia Tech Yellow Jackets Womens Basketball,2026-11-08,2:00 PM,"McCamish Pavilion, Atlanta",,Sports & Fitness,https://seatgeek.com/georgia-tech-yellow-jackets-womens-basketball-tickets/ncaa-womens-basketball/2026-11-08-2-pm/18493933,,seatgeek: https://seatgeek.com/georgia-tech-yellow-jackets-womens-basketball-tickets/ncaa-womens-basketball/2026-11-08-2-pm/18493933,1,Atlanta,33.7807,-84.3936
Zauntee,2026-11-08,7:00 PM,"The Masquerade - Altar, Atlanta",,Concert / Live Music,https://seatgeek.com/zauntee-tickets/atlanta-georgia-the-masquerade-altar-2026-11-08-7-pm/concert/18376100,,seatgeek: https://seatgeek.com/zauntee-tickets/atlanta-georgia-the-masquerade-altar-2026-11-08-7-pm/concert/18376100,1,Atlanta,33.752,-84.3895
honestav,2026-11-08,8:00 PM,"Center Stage Theater - Atlanta, Atlanta",,Concert / Live Music,https://seatgeek.com/honestav-tickets/atlanta-georgia-center-stage-theater-atlanta-2026-11-08-8-pm/concert/18311588,,seatgeek: https://seatgeek.com/honestav-tickets/atlanta-georgia-center-stage-theater-atlanta-2026-11-08-8-pm/concert/18311588,1,Atlanta,33.7922,-84.388
Los Angeles Lakers at Atlanta Hawks,2026-11-09,7:00 PM,"State Farm Arena, Atlanta",,Sports & Fitness,https://seatgeek.com/atlanta-hawks-tickets/11-9-2026-atlanta-georgia-state-farm-arena-1/nba/18495514,,seatgeek: https://seatgeek.com/atlanta-hawks-tickets/11-9-2026-atlanta-georgia-state-farm-arena-1/nba/18495514,1,Atlanta,33.7566,-84.3969
Surprise Chef,2026-11-09,8:00 PM,"Terminal West, Atlanta",,Concert / Live Music,https://seatgeek.com/surprise-chef-tickets/atlanta-georgia-terminal-west-2026-11-09-8-pm/concert/18508084,,seatgeek: https://seatgeek.com/surprise-chef-tickets/atlanta-georgia-terminal-west-2026-11-09-8-pm/concert/18508084,1,Atlanta,33.782307,-84.4164
Atlanta Opera - Atlanta,2026-11-10,7:30 PM,"Cobb Energy Performing Arts Centre, Atlanta",,Sports & Fitness,https://seatgeek.com/atlanta-opera-tickets/opera/2026-11-10-7-30-pm/18410903,,seatgeek: https://seatgeek.com/atlanta-opera-tickets/opera/2026-11-10-7-30-pm/18410903,1,Atlanta,33.9122,-84.5571
Eastern Kentucky Colonels at Georgia Tech Yellow Jackets Mens Basketball,2026-11-10,7:00 PM,"McCamish Pavilion, Atlanta",,Sports & Fitness,https://seatgeek.com/georgia-tech-yellow-jackets-mens-basketball-tickets/ncaa-basketball/2026-11-10-7-pm/18503970,,seatgeek: https://seatgeek.com/georgia-tech-yellow-jackets-mens-basketball-tickets/ncaa-basketball/2026-11-10-7-pm/18503970,1,Atlanta,33.7807,-84.3936
Gnarls Barkley with Gallant,2026-11-10,8:00 PM,"Coca-Cola Roxy Theatre, Atlanta",,Concert / Live Music,https://seatgeek.com/gnarls-barkley-tickets/atlanta-georgia-coca-cola-roxy-theatre-2026-11-10-8-pm/concert/18604540,,seatgeek: https://seatgeek.com/gnarls-barkley-tickets/atlanta-georgia-coca-cola-roxy-theatre-2026-11-10-8-pm/concert/18604540,1,Atlanta,33.8903,-84.4697
Live Music,2026-11-10,7:00 PM,"Eddie's Attic - Decatur, Decatur",,Concert / Live Music,https://seatgeek.com/live-music-tickets/decatur-georgia-eddie-s-attic-decatur-2026-11-10-7-pm/concert/18629656,,seatgeek: https://seatgeek.com/live-music-tickets/decatur-georgia-eddie-s-attic-decatur-2026-11-10-7-pm/concert/18629656,1,Atlanta,33.7739,-84.2964
Long Island Nets at College Park Skyhawks,2026-11-10,7:00 PM,"Gateway Center Arena at College Park, College Park",,Sports & Fitness,https://seatgeek.com/college-park-skyhawks-tickets/nba-g-league/2026-11-10-7-pm/18541394,,seatgeek: https://seatgeek.com/college-park-skyhawks-tickets/nba-g-league/2026-11-10-7-pm/18541394,1,Atlanta,33.6473,-84.4596
Sir Woman,2026-11-10,8:00 PM,"Aisle 5, Atlanta",,Concert / Live Music,https://seatgeek.com/sir-woman-tickets/atlanta-georgia-aisle-5-2026-11-10-8-pm/concert/18539609,,seatgeek: https://seatgeek.com/sir-woman-tickets/atlanta-georgia-aisle-5-2026-11-10-8-pm/concert/18539609,1,Atlanta,33.7643,-84.3502
Stella Lefty,2026-11-10,7:00 PM,"The Masquerade - Hell, Atlanta",,Concert / Live Music,https://seatgeek.com/stella-lefty-tickets/atlanta-georgia-the-masquerade-hell-2026-11-10-7-pm/concert/18251775,,seatgeek: https://seatgeek.com/stella-lefty-tickets/atlanta-georgia-the-masquerade-hell-2026-11-10-7-pm/concert/18251775,1,Atlanta,33.7522,-84.3901
The Neighbourhood,2026-11-10,7:30 PM,"State Farm Arena, Atlanta",,Concert / Live Music,https://seatgeek.com/the-neighbourhood-tickets/atlanta-georgia-state-farm-arena-1-2026-11-10-7-30-pm/concert/18085136,,seatgeek: https://seatgeek.com/the-neighbourhood-tickets/atlanta-georgia-state-farm-arena-1-2026-11-10-7-30-pm/concert/18085136,1,Atlanta,33.7566,-84.3969
Usher and Chris Brown,2026-11-10,7:00 PM,"Mercedes-Benz Stadium, Atlanta",,Concert / Live Music,https://seatgeek.com/the-r-and-b-tour-tickets/atlanta-georgia-mercedes-benz-stadium-2026-11-10-7-pm/concert/18196567,,seatgeek: https://seatgeek.com/the-r-and-b-tour-tickets/atlanta-georgia-mercedes-benz-stadium-2026-11-10-7-pm/concert/18196567,1,Atlanta,33.7553,-84.4006
Winthrop Eagles at Kennesaw State Owls Mens Basketball,2026-11-10,7:00 PM,"VyStar Arena at the KSU Convocation Center, Kennesaw",,Sports & Fitness,https://seatgeek.com/kennesaw-state-owls-mens-basketball-tickets/ncaa-basketball/2026-11-10-7-pm/18590443,,seatgeek: https://seatgeek.com/kennesaw-state-owls-mens-basketball-tickets/ncaa-basketball/2026-11-10-7-pm/18590443,1,Atlanta,34.0321,-84.5811
Wolf & Bear,2026-11-10,6:30 PM,"The Masquerade - Purgatory, Atlanta",,Concert / Live Music,https://seatgeek.com/wolf-bear-tickets/atlanta-georgia-the-masquerade-purgatory-2026-11-10-6-30-pm/concert/18358026,,seatgeek: https://seatgeek.com/wolf-bear-tickets/atlanta-georgia-the-masquerade-purgatory-2026-11-10-6-30-pm/concert/18358026,1,Atlanta,33.7515,-84.3899
Yaelokre with Ben Caplan,2026-11-10,8:00 PM,"Variety Playhouse, Atlanta",,Concert / Live Music,https://seatgeek.com/yaelokre-tickets/atlanta-georgia-variety-playhouse-2026-11-10-8-pm/concert/18336844,,seatgeek: https://seatgeek.com/yaelokre-tickets/atlanta-georgia-variety-playhouse-2026-11-10-8-pm/concert/18336844,1,Atlanta,33.7637,-84.3511
Yana with Ethan Regan,2026-11-10,8:00 PM,"The Loft at Center Stage, Atlanta",,Concert / Live Music,https://seatgeek.com/yana-tickets/atlanta-georgia-the-loft-at-center-stage-2026-11-10-8-pm/concert/18392718,,seatgeek: https://seatgeek.com/yana-tickets/atlanta-georgia-the-loft-at-center-stage-2026-11-10-8-pm/concert/18392718,1,Atlanta,33.792,-84.3879
gavn,2026-11-10,7:00 PM,"The Masquerade - Altar, Atlanta",,Concert / Live Music,https://seatgeek.com/gavn-tickets/atlanta-georgia-the-masquerade-altar-2026-11-10-7-pm/concert/18326682,,seatgeek: https://seatgeek.com/gavn-tickets/atlanta-georgia-the-masquerade-altar-2026-11-10-7-pm/concert/18326682,1,Atlanta,33.752,-84.3895
Grateful Shred,2026-11-11,8:00 PM,"Center Stage Theater - Atlanta, Atlanta",,Concert / Live Music,https://seatgeek.com/grateful-shred-tickets/atlanta-georgia-center-stage-theater-atlanta-2026-11-11-8-pm/concert/18165806,,seatgeek: https://seatgeek.com/grateful-shred-tickets/atlanta-georgia-center-stage-theater-atlanta-2026-11-11-8-pm/concert/18165806,1,Atlanta,33.7922,-84.388
Jinkx Monsoon and BenDeLaCreme - Holiday Show (18+),2026-11-11,8:00 PM,"The Eastern - Atlanta, Atlanta",,Concert / Live Music,https://seatgeek.com/jinkx-monsoon-tickets/atlanta-georgia-the-eastern-atlanta-2026-11-11-8-pm/concert/18371440,,seatgeek: https://seatgeek.com/jinkx-monsoon-tickets/atlanta-georgia-the-eastern-atlanta-2026-11-11-8-pm/concert/18371440,1,Atlanta,33.7454,-84.3606
Josh Garrels,2026-11-11,7:30 PM,"Buckhead Theatre, Atlanta",,Concert / Live Music,https://seatgeek.com/josh-garrels-tickets/atlanta-georgia-buckhead-theatre-2026-11-11-7-30-pm/concert/18111831,,seatgeek: https://seatgeek.com/josh-garrels-tickets/atlanta-georgia-buckhead-theatre-2026-11-11-7-30-pm/concert/18111831,1,Atlanta,33.8403,-84.3797
Like Father - Atlanta,2026-11-11,7:30 PM,"Hertz Stage at Alliance Theatre, Atlanta",,Arts & Theatre,https://seatgeek.com/like-father-1-tickets/theater/2026-11-11-7-30-pm/18275347,,seatgeek: https://seatgeek.com/like-father-1-tickets/theater/2026-11-11-7-30-pm/18275347,1,Atlanta,33.7896,-84.3844
"Noah Gundersen with Runner, Breakup Shoes",2026-11-11,7:00 PM,"Eddie's Attic - Decatur, Decatur",,Concert / Live Music,https://seatgeek.com/noah-gundersen-tickets/decatur-georgia-eddie-s-attic-decatur-2026-11-11-7-pm/concert/18274957,,seatgeek: https://seatgeek.com/noah-gundersen-tickets/decatur-georgia-eddie-s-attic-decatur-2026-11-11-7-pm/concert/18274957 | seatgeek: https://seatgeek.com/noah-gundersen-tickets/decatur-georgia-eddie-s-attic-decatur-2026-11-11-9-pm/concert/18274958,2,Atlanta,33.7739,-84.2964
Olivia Rodrigo with Devon Again,2026-11-11,7:00 PM,"State Farm Arena, Atlanta",,Concert / Live Music,https://seatgeek.com/olivia-rodrigo-tickets/atlanta-georgia-state-farm-arena-1-2026-11-11-7-pm/concert/18211693,,seatgeek: https://seatgeek.com/olivia-rodrigo-tickets/atlanta-georgia-state-farm-arena-1-2026-11-11-7-pm/concert/18211693,1,Atlanta,33.7566,-84.3969
Sweet Pill with Heart To Gold,2026-11-11,7:00 PM,"The Masquerade - Hell, Atlanta",,Concert / Live Music,https://seatgeek.com/sweet-pill-tickets/atlanta-georgia-the-masquerade-hell-2026-11-11-7-pm/concert/18254050,,seatgeek: https://seatgeek.com/sweet-pill-tickets/atlanta-georgia-the-masquerade-hell-2026-11-11-7-pm/concert/18254050,1,Atlanta,33.7522,-84.3901
Tab Benoit,2026-11-11,8:00 PM,"Variety Playhouse, Atlanta",,Concert / Live Music,https://seatgeek.com/tab-benoit-tickets/atlanta-georgia-variety-playhouse-2026-11-11-8-pm/concert/18286371,,seatgeek: https://seatgeek.com/tab-benoit-tickets/atlanta-georgia-variety-playhouse-2026-11-11-8-pm/concert/18286371,1,Atlanta,33.7637,-84.3511
The Wrecks with Worry Club and Kid Sistr,2026-11-11,7:00 PM,"The Masquerade - Heaven, Atlanta",,Concert / Live Music,https://seatgeek.com/the-wrecks-tickets/atlanta-georgia-the-masquerade-heaven-2026-11-11-7-pm/concert/18327469,,seatgeek: https://seatgeek.com/the-wrecks-tickets/atlanta-georgia-the-masquerade-heaven-2026-11-11-7-pm/concert/18327469,1,Atlanta,33.7518,-84.3897
Usher and Chris Brown,2026-11-11,7:00 PM,"Mercedes-Benz Stadium, Atlanta",,Concert / Live Music,https://seatgeek.com/the-r-and-b-tour-tickets/atlanta-georgia-mercedes-benz-stadium-2026-11-11-7-pm/concert/18199504,,seatgeek: https://seatgeek.com/the-r-and-b-tour-tickets/atlanta-georgia-mercedes-benz-stadium-2026-11-11-7-pm/concert/18199504,1,Atlanta,33.7553,-84.4006
"Whitechapel with Chelsea Grin, The Acacia Strain, Netherwalker",2026-11-11,7:00 PM,"Tabernacle Presented by iTHINK Financial, Atlanta",,Concert / Live Music,https://seatgeek.com/whitechapel-tickets/atlanta-georgia-the-tabernacle-atlanta-2026-11-11-7-pm/concert/18297143,,seatgeek: https://seatgeek.com/whitechapel-tickets/atlanta-georgia-the-tabernacle-atlanta-2026-11-11-7-pm/concert/18297143,1,Atlanta,33.7589,-84.3914
Atlanta Symphony Orchestra - Faures Requiem,2026-11-12,8:00 PM,"Atlanta Symphony Hall at Woodruff Arts Center, Atlanta",,Arts & Theatre,https://seatgeek.com/atlanta-symphony-orchestra-tickets/classical/2026-11-12-8-pm/18442693,,seatgeek: https://seatgeek.com/atlanta-symphony-orchestra-tickets/classical/2026-11-12-8-pm/18442693,1,Atlanta,33.7893,-84.3847
Blake Whiten,2026-11-12,8:00 PM,"Terminal West, Atlanta",,Concert / Live Music,https://seatgeek.com/blake-whiten-tickets/atlanta-georgia-terminal-west-2026-11-12-8-pm/concert/18351113,,seatgeek: https://seatgeek.com/blake-whiten-tickets/atlanta-georgia-terminal-west-2026-11-12-8-pm/concert/18351113,1,Atlanta,33.782307,-84.4164
Judah & The Lion with Boy Named Banjo,2026-11-12,7:30 PM,"Tabernacle Presented by iTHINK Financial, Atlanta",,Concert / Live Music,https://seatgeek.com/judah-the-lion-tickets/atlanta-georgia-the-tabernacle-atlanta-2026-11-12-7-30-pm/concert/18308017,,seatgeek: https://seatgeek.com/judah-the-lion-tickets/atlanta-georgia-the-tabernacle-atlanta-2026-11-12-7-30-pm/concert/18308017,1,Atlanta,33.7589,-84.3914
LaGrange College Panthers at Kennesaw State Owls Mens Basketball,2026-11-12,7:00 PM,"VyStar Arena at the KSU Convocation Center, Kennesaw",,Sports & Fitness,https://seatgeek.com/kennesaw-state-owls-mens-basketball-tickets/ncaa-basketball/2026-11-12-7-pm/18590445,,seatgeek: https://seatgeek.com/kennesaw-state-owls-mens-basketball-tickets/ncaa-basketball/2026-11-12-7-pm/18590445,1,Atlanta,34.0321,-84.5811
Like Father - Atlanta,2026-11-12,7:30 PM,"Hertz Stage at Alliance Theatre, Atlanta",,Arts & Theatre,https://seatgeek.com/like-father-1-tickets/theater/2026-11-12-7-30-pm/18275351,,seatgeek: https://seatgeek.com/like-father-1-tickets/theater/2026-11-12-7-30-pm/18275351,1,Atlanta,33.7896,-84.3844
Live Music,2026-11-12,9:00 PM,"Eddie's Attic - Decatur, Decatur",,Concert / Live Music,https://seatgeek.com/live-music-tickets/decatur-georgia-eddie-s-attic-decatur-2026-11-12-9-pm/concert/18617902,,seatgeek: https://seatgeek.com/live-music-tickets/decatur-georgia-eddie-s-attic-decatur-2026-11-12-9-pm/concert/18617902,1,Atlanta,33.7739,-84.2964
Maryland Eastern Shore Hawks at Georgia Tech Yellow Jackets Womens Basketball,2026-11-12,7:00 PM,"McCamish Pavilion, Atlanta",,Sports & Fitness,https://seatgeek.com/georgia-tech-yellow-jackets-womens-basketball-tickets/ncaa-womens-basketball/2026-11-12-7-pm/18493936,,seatgeek: https://seatgeek.com/georgia-tech-yellow-jackets-womens-basketball-tickets/ncaa-womens-basketball/2026-11-12-7-pm/18493936,1,Atlanta,33.7807,-84.3936
Olivia Rodrigo with Devon Again,2026-11-12,7:00 PM,"State Farm Arena, Atlanta",,Concert / Live Music,https://seatgeek.com/olivia-rodrigo-tickets/atlanta-georgia-state-farm-arena-1-2026-11-12-7-pm/concert/18211698,,seatgeek: https://seatgeek.com/olivia-rodrigo-tickets/atlanta-georgia-state-farm-arena-1-2026-11-12-7-pm/concert/18211698,1,Atlanta,33.7566,-84.3969
SiM,2026-11-12,7:30 PM,"Buckhead Theatre, Atlanta",,Concert / Live Music,https://seatgeek.com/sim-tickets/atlanta-georgia-buckhead-theatre-2026-11-12-7-30-pm/concert/18254177,,seatgeek: https://seatgeek.com/sim-tickets/atlanta-georgia-buckhead-theatre-2026-11-12-7-30-pm/concert/18254177,1,Atlanta,33.8403,-84.3797
Sleeping With Sirens with Rain City Drive and Shyeye,2026-11-12,7:30 PM,"The Eastern - Atlanta, Atlanta",,Concert / Live Music,https://seatgeek.com/sleeping-with-sirens-tickets/atlanta-georgia-the-eastern-atlanta-2026-11-12-7-30-pm/concert/18327312,,seatgeek: https://seatgeek.com/sleeping-with-sirens-tickets/atlanta-georgia-the-eastern-atlanta-2026-11-12-7-30-pm/concert/18327312,1,Atlanta,33.7454,-84.3606
The Jayhawks,2026-11-12,8:00 PM,"Variety Playhouse, Atlanta",,Concert / Live Music,https://seatgeek.com/the-jayhawks-tickets/atlanta-georgia-variety-playhouse-2026-11-12-8-pm/concert/18589385,,seatgeek: https://seatgeek.com/the-jayhawks-tickets/atlanta-georgia-variety-playhouse-2026-11-12-8-pm/concert/18589385,1,Atlanta,33.7637,-84.3511
UB40,2026-11-12,8:00 PM,"Center Stage Theater - Atlanta, Atlanta",,Concert / Live Music,https://seatgeek.com/ub40-tickets/atlanta-georgia-center-stage-theater-atlanta-2026-11-12-8-pm/concert/18035245,,seatgeek: https://seatgeek.com/ub40-tickets/atlanta-georgia-center-stage-theater-atlanta-2026-11-12-8-pm/concert/18035245,1,Atlanta,33.7922,-84.388
Yebba,2026-11-12,8:00 PM,"Coca-Cola Roxy Theatre, Atlanta",,Concert / Live Music,https://seatgeek.com/yebba-tickets/atlanta-georgia-coca-cola-roxy-theatre-2026-11-12-8-pm/concert/18534483,,seatgeek: https://seatgeek.com/yebba-tickets/atlanta-georgia-coca-cola-roxy-theatre-2026-11-12-8-pm/concert/18534483,1,Atlanta,33.8903,-84.4697
tiLLie with Glimmer Twins,2026-11-12,7:00 PM,"The Masquerade - Altar, Atlanta",,Concert / Live Music,https://seatgeek.com/tillie-tickets/atlanta-georgia-the-masquerade-altar-2026-11-12-7-pm/concert/18499225,,seatgeek: https://seatgeek.com/tillie-tickets/atlanta-georgia-the-masquerade-altar-2026-11-12-7-pm/concert/18499225,1,Atlanta,33.752,-84.3895
Amble,2026-11-13,8:00 PM,"Terminal West, Atlanta",,Concert / Live Music,https://seatgeek.com/amble-tickets/atlanta-georgia-terminal-west-2026-11-13-8-pm/concert/18322791,,seatgeek: https://seatgeek.com/amble-tickets/atlanta-georgia-terminal-west-2026-11-13-8-pm/concert/18322791,1,Atlanta,33.782307,-84.4164
Atlanta Opera - Atlanta,2026-11-13,7:30 PM,"Cobb Energy Performing Arts Centre, Atlanta",,Sports & Fitness,https://seatgeek.com/atlanta-opera-tickets/opera/2026-11-13-7-30-pm/18410908,,seatgeek: https://seatgeek.com/atlanta-opera-tickets/opera/2026-11-13-7-30-pm/18410908,1,Atlanta,33.9122,-84.5571
Bryce Alakai (21+),2026-11-13,10:00 PM,"District Atlanta, Atlanta",,Concert / Live Music,https://seatgeek.com/bryce-alakai-tickets/atlanta-georgia-district-atlanta-2026-11-13-10-pm/concert/18573247,,seatgeek: https://seatgeek.com/bryce-alakai-tickets/atlanta-georgia-district-atlanta-2026-11-13-10-pm/concert/18573247,1,Atlanta,33.812,-84.3786
Carl Cox,2026-11-13,9:00 PM,"Coca-Cola Roxy Theatre, Atlanta",,Concert / Live Music,https://seatgeek.com/carl-cox-tickets/atlanta-georgia-coca-cola-roxy-theatre-2026-11-13-9-pm/concert/18281628,,seatgeek: https://seatgeek.com/carl-cox-tickets/atlanta-georgia-coca-cola-roxy-theatre-2026-11-13-9-pm/concert/18281628,1,Atlanta,33.8903,-84.4697
Emily Catalano,2026-11-13,7:00 PM,"Helium Comedy Club - Atlanta, Alpharetta",,Comedy,https://seatgeek.com/emily-catalano-tickets/comedy/2026-11-13-7-pm/18453049,,seatgeek: https://seatgeek.com/emily-catalano-tickets/comedy/2026-11-13-7-pm/18453049 | seatgeek: https://seatgeek.com/emily-catalano-tickets/comedy/2026-11-13-9-15-pm/18453050,2,Atlanta,34.0754,-84.2941
Forbidden with Heathen,2026-11-13,6:00 PM,"The Masquerade - Altar, Atlanta",,Concert / Live Music,https://seatgeek.com/forbidden-tickets/atlanta-georgia-the-masquerade-altar-2026-11-13-6-pm/concert/18395104,,seatgeek: https://seatgeek.com/forbidden-tickets/atlanta-georgia-the-masquerade-altar-2026-11-13-6-pm/concert/18395104,1,Atlanta,33.752,-84.3895
Greg Freeman,2026-11-13,7:00 PM,"The Masquerade - Purgatory, Atlanta",,Concert / Live Music,https://seatgeek.com/greg-freeman-tickets/atlanta-georgia-the-masquerade-purgatory-2026-11-13-7-pm/concert/18393168,,seatgeek: https://seatgeek.com/greg-freeman-tickets/atlanta-georgia-the-masquerade-purgatory-2026-11-13-7-pm/concert/18393168,1,Atlanta,33.7515,-84.3899
Jeffrey Keller,2026-11-13,7:30 PM,"Helium Comedy Club - Atlanta, Alpharetta",,Comedy,https://seatgeek.com/jeffrey-keller-tickets/comedy/2026-11-13-7-30-pm/18453170,,seatgeek: https://seatgeek.com/jeffrey-keller-tickets/comedy/2026-11-13-7-30-pm/18453170 | seatgeek: https://seatgeek.com/jeffrey-keller-tickets/comedy/2026-11-13-9-45-pm/18453171,2,Atlanta,34.0754,-84.2941
Late Night Thoughts with Live Music,2026-11-13,9:00 PM,"Eddie's Attic - Decatur, Decatur",,Concert / Live Music,https://seatgeek.com/late-night-thoughts-tickets/decatur-georgia-eddie-s-attic-decatur-2026-11-13-9-pm/concert/18533471,,seatgeek: https://seatgeek.com/late-night-thoughts-tickets/decatur-georgia-eddie-s-attic-decatur-2026-11-13-9-pm/concert/18533471,1,Atlanta,33.7739,-84.2964
Like Father - Atlanta,2026-11-13,7:30 PM,"Hertz Stage at Alliance Theatre, Atlanta",,Arts & Theatre,https://seatgeek.com/like-father-1-tickets/theater/2026-11-13-7-30-pm/18275353,,seatgeek: https://seatgeek.com/like-father-1-tickets/theater/2026-11-13-7-30-pm/18275353,1,Atlanta,33.7896,-84.3844
Little Image,2026-11-13,8:00 PM,"Vinyl at Center Stage, Atlanta",,Concert / Live Music,https://seatgeek.com/little-image-tickets/atlanta-georgia-vinyl-at-center-stage-2026-11-13-8-pm/concert/18593879,,seatgeek: https://seatgeek.com/little-image-tickets/atlanta-georgia-vinyl-at-center-stage-2026-11-13-8-pm/concert/18593879,1,Atlanta,33.7922,-84.3883
Little Shop of Horrors 40th Anniversary Screening with Audrey Ellen Greene,2026-11-13,8:00 PM,"Atlanta Symphony Hall at Woodruff Arts Center, Atlanta",,Sports & Fitness,https://seatgeek.com/little-shop-of-horrors-film-tickets/film/2026-11-13-8-pm/18238703,,seatgeek: https://seatgeek.com/little-shop-of-horrors-film-tickets/film/2026-11-13-8-pm/18238703,1,Atlanta,33.7893,-84.3847
North Atlantic Dance Theatre - The Nutcracker,2026-11-13,7:30 PM,"Gas South Theater, Duluth",,Arts & Theatre,https://seatgeek.com/north-atlantic-dance-theatre-tickets/dance/2026-11-13-7-30-pm/18602549,,seatgeek: https://seatgeek.com/north-atlantic-dance-theatre-tickets/dance/2026-11-13-7-30-pm/18602549,1,Atlanta,33.9913,-84.0941
Orville Peck with Abbie Callahan,2026-11-13,8:00 PM,"Tabernacle Presented by iTHINK Financial, Atlanta",,Concert / Live Music,https://seatgeek.com/orville-peck-tickets/atlanta-georgia-the-tabernacle-atlanta-2026-11-13-8-pm/concert/18398323,,seatgeek: https://seatgeek.com/orville-peck-tickets/atlanta-georgia-the-tabernacle-atlanta-2026-11-13-8-pm/concert/18398323,1,Atlanta,33.7589,-84.3914
"Pain of Truth with Madball, Rotting Out, Contention, and xforever warx",2026-11-13,6:00 PM,"The Masquerade - Hell, Atlanta",,Concert / Live Music,https://seatgeek.com/pain-of-truth-tickets/atlanta-georgia-the-masquerade-hell-2026-11-13-6-pm/concert/18424020,,seatgeek: https://seatgeek.com/pain-of-truth-tickets/atlanta-georgia-the-masquerade-hell-2026-11-13-6-pm/concert/18424020,1,Atlanta,33.7522,-84.3901
"Suicide Silence with Emmure, AngelMaker, and Synestia",2026-11-13,6:00 PM,"The Masquerade - Heaven, Atlanta",,Concert / Live Music,https://seatgeek.com/suicide-silence-tickets/atlanta-georgia-the-masquerade-heaven-2026-11-13-6-pm/concert/18393471,,seatgeek: https://seatgeek.com/suicide-silence-tickets/atlanta-georgia-the-masquerade-heaven-2026-11-13-6-pm/concert/18393471,1,Atlanta,33.7518,-84.3897
The Elovaters,2026-11-13,7:30 PM,"Variety Playhouse, Atlanta",,Concert / Live Music,https://seatgeek.com/the-elovaters-tickets/atlanta-georgia-variety-playhouse-2026-11-13-7-30-pm/concert/18621800,,seatgeek: https://seatgeek.com/the-elovaters-tickets/atlanta-georgia-variety-playhouse-2026-11-13-7-30-pm/concert/18621800,1,Atlanta,33.7637,-84.3511
The Red Clay Strays with Travis Tritt,2026-11-13,6:30 PM,"State Farm Arena, Atlanta",,Concert / Live Music,https://seatgeek.com/the-red-clay-strays-tickets/atlanta-georgia-state-farm-arena-1-2026-11-13-6-30-pm/concert/18085601,,seatgeek: https://seatgeek.com/the-red-clay-strays-tickets/atlanta-georgia-state-farm-arena-1-2026-11-13-6-30-pm/concert/18085601,1,Atlanta,33.7566,-84.3969
The Revivalists with Olivia Barnes,2026-11-13,8:00 PM,"The Eastern - Atlanta, Atlanta",,Concert / Live Music,https://seatgeek.com/the-revivalists-tickets/atlanta-georgia-the-eastern-atlanta-2026-11-13-8-pm/concert/18522536,,seatgeek: https://seatgeek.com/the-revivalists-tickets/atlanta-georgia-the-eastern-atlanta-2026-11-13-8-pm/concert/18522536,1,Atlanta,33.7454,-84.3606
Trois-Rivieres Lions at Atlanta Gladiators,2026-11-13,7:10 PM,"Gas South Arena, Duluth",,Sports & Fitness,https://seatgeek.com/atlanta-gladiators-tickets/minor-league-hockey/2026-11-13-7-10-pm/18242509,,seatgeek: https://seatgeek.com/atlanta-gladiators-tickets/minor-league-hockey/2026-11-13-7-10-pm/18242509,1,Atlanta,33.9896,-84.0942
A Christmas Carol - Atlanta,2026-11-14,2:00 PM,"Coca-Cola Stage at Alliance Theatre, Atlanta",,Arts & Theatre,https://seatgeek.com/a-christmas-carol-tickets/theater/2026-11-14-2-pm/18275020,,seatgeek: https://seatgeek.com/a-christmas-carol-tickets/theater/2026-11-14-2-pm/18275020 | seatgeek: https://seatgeek.com/a-christmas-carol-tickets/theater/2026-11-14-7-pm/18275021,2,Atlanta,33.7901,-84.3855
Atlanta Symphony Orchestra: Faure's Requiem,2026-11-14,8:00 PM,"Atlanta Symphony Hall at Woodruff Arts Center, Atlanta",,Arts & Theatre,https://seatgeek.com/atlanta-symphony-orchestra-tickets/classical/2026-11-14-8-pm/18171978,,seatgeek: https://seatgeek.com/atlanta-symphony-orchestra-tickets/classical/2026-11-14-8-pm/18171978,1,Atlanta,33.7893,-84.3847
Banda MS,2026-11-14,8:00 PM,"Gas South Arena, Duluth",,Concert / Live Music,https://seatgeek.com/banda-ms-tickets/duluth-georgia-gas-south-arena-2026-11-14-8-pm/concert/18138730,,seatgeek: https://seatgeek.com/banda-ms-tickets/duluth-georgia-gas-south-arena-2026-11-14-8-pm/concert/18138730,1,Atlanta,33.9896,-84.0942
Emily Catalano,2026-11-14,7:00 PM,"Helium Comedy Club - Atlanta, Alpharetta",,Comedy,https://seatgeek.com/emily-catalano-tickets/comedy/2026-11-14-7-pm/18453055,,seatgeek: https://seatgeek.com/emily-catalano-tickets/comedy/2026-11-14-7-pm/18453055 | seatgeek: https://seatgeek.com/emily-catalano-tickets/comedy/2026-11-14-9-30-pm/18453056,2,Atlanta,34.0754,-84.2941
George Clanton with Valgur,2026-11-14,7:00 PM,"The Masquerade - Heaven, Atlanta",,Concert / Live Music,https://seatgeek.com/george-clanton-tickets/atlanta-georgia-the-masquerade-heaven-2026-11-14-7-pm/concert/18426964,,seatgeek: https://seatgeek.com/george-clanton-tickets/atlanta-georgia-the-masquerade-heaven-2026-11-14-7-pm/concert/18426964,1,Atlanta,33.7518,-84.3897
Georgia Southern Eagles at Georgia State Panthers Football,2026-11-14,,"Center Parc Stadium, Atlanta",,Sports & Fitness,https://seatgeek.com/georgia-state-panthers-football-tickets/ncaa-football/2026-11-14-3-30-am/18150179,,seatgeek: https://seatgeek.com/georgia-state-panthers-football-tickets/ncaa-football/2026-11-14-3-30-am/18150179,1,Atlanta,33.7362,-84.3894
Hunter Flynn,2026-11-14,9:00 PM,"Eddie's Attic - Decatur, Decatur",,Concert / Live Music,https://seatgeek.com/hunter-flynn-tickets/decatur-georgia-eddie-s-attic-decatur-2026-11-14-9-pm/concert/18532786,,seatgeek: https://seatgeek.com/hunter-flynn-tickets/decatur-georgia-eddie-s-attic-decatur-2026-11-14-9-pm/concert/18532786,1,Atlanta,33.7739,-84.2964
Jeffrey Keller,2026-11-14,7:30 PM,"Helium Comedy Club - Atlanta, Alpharetta",,Comedy,https://seatgeek.com/jeffrey-keller-tickets/comedy/2026-11-14-7-30-pm/18453174,,seatgeek: https://seatgeek.com/jeffrey-keller-tickets/comedy/2026-11-14-7-30-pm/18453174 | seatgeek: https://seatgeek.com/jeffrey-keller-tickets/comedy/2026-11-14-10-pm/18453175,2,Atlanta,34.0754,-84.2941
"Knock, Knock - Atlanta",2026-11-14,10:00 AM,"Selig Family Black Box Theatre at Alliance Theatre, Atlanta",,Arts & Theatre,https://seatgeek.com/knock-knock-tickets/theater/2026-11-14-10-am/18275390,,seatgeek: https://seatgeek.com/knock-knock-tickets/theater/2026-11-14-10-am/18275390,1,Atlanta,33.789246,-84.38541
Lenny Pearce,2026-11-14,12:30 PM,"The Eastern - Atlanta, Atlanta",,Concert / Live Music,https://seatgeek.com/lenny-pearce-tickets/atlanta-georgia-the-eastern-atlanta-2026-11-14-12-30-pm/concert/18305101,,seatgeek: https://seatgeek.com/lenny-pearce-tickets/atlanta-georgia-the-eastern-atlanta-2026-11-14-12-30-pm/concert/18305101,1,Atlanta,33.7454,-84.3606
Like Father - Atlanta,2026-11-14,2:00 PM,"Hertz Stage at Alliance Theatre, Atlanta",,Arts & Theatre,https://seatgeek.com/like-father-1-tickets/theater/2026-11-14-2-pm/18275356,,seatgeek: https://seatgeek.com/like-father-1-tickets/theater/2026-11-14-2-pm/18275356 | seatgeek: https://seatgeek.com/like-father-1-tickets/theater/2026-11-14-7-30-pm/18275357,2,Atlanta,33.7896,-84.3844
Live Music,2026-11-14,5:00 PM,"Eddie's Attic - Decatur, Decatur",,Concert / Live Music,https://seatgeek.com/live-music-tickets/decatur-georgia-eddie-s-attic-decatur-2026-11-14-5-pm/concert/18442565,,seatgeek: https://seatgeek.com/live-music-tickets/decatur-georgia-eddie-s-attic-decatur-2026-11-14-5-pm/concert/18442565 | seatgeek: https://seatgeek.com/live-music-tickets/decatur-georgia-eddie-s-attic-decatur-2026-11-14-9-pm/concert/18511955,2,Atlanta,33.7739,-84.2964
Mannheim Steamroller Christmas,2026-11-14,3:00 PM,"Fox Theatre Atlanta, Atlanta",,Concert / Live Music,https://seatgeek.com/mannheim-steamroller-christmas-tickets/atlanta-georgia-fox-theatre-atlanta-2026-11-14-3-pm/concert/18346513,,seatgeek: https://seatgeek.com/mannheim-steamroller-christmas-tickets/atlanta-georgia-fox-theatre-atlanta-2026-11-14-3-pm/concert/18346513,1,Atlanta,33.7726,-84.3855
Medium Build,2026-11-14,8:30 PM,"The Eastern - Atlanta, Atlanta",,Concert / Live Music,https://seatgeek.com/medium-build-tickets/atlanta-georgia-the-eastern-atlanta-2026-11-14-8-30-pm/concert/18589687,,seatgeek: https://seatgeek.com/medium-build-tickets/atlanta-georgia-the-eastern-atlanta-2026-11-14-8-30-pm/concert/18589687,1,Atlanta,33.7454,-84.3606
New Constellations,2026-11-14,8:00 PM,"The Loft at Center Stage, Atlanta",,Concert / Live Music,https://seatgeek.com/new-constellations-tickets/atlanta-georgia-the-loft-at-center-stage-2026-11-14-8-pm/concert/18356073,,seatgeek: https://seatgeek.com/new-constellations-tickets/atlanta-georgia-the-loft-at-center-stage-2026-11-14-8-pm/concert/18356073,1,Atlanta,33.792,-84.3879
No Cure with Chamber (Band),2026-11-14,6:00 PM,"The Masquerade - Purgatory, Atlanta",,Concert / Live Music,https://seatgeek.com/no-cure-tickets/atlanta-georgia-the-masquerade-purgatory-2026-11-14-6-pm/concert/18512212,,seatgeek: https://seatgeek.com/no-cure-tickets/atlanta-georgia-the-masquerade-purgatory-2026-11-14-6-pm/concert/18512212,1,Atlanta,33.7515,-84.3899
North Atlantic Dance Theatre - The Nutcracker,2026-11-14,2:30 PM,"Gas South Theater, Duluth",,Arts & Theatre,https://seatgeek.com/north-atlantic-dance-theatre-tickets/dance/2026-11-14-2-30-pm/18602551,,seatgeek: https://seatgeek.com/north-atlantic-dance-theatre-tickets/dance/2026-11-14-2-30-pm/18602551 | seatgeek: https://seatgeek.com/north-atlantic-dance-theatre-tickets/dance/2026-11-14-7-30-pm/18602553,2,Atlanta,33.9913,-84.0941
Randy Feltface,2026-11-14,7:00 PM,"Center Stage Theater - Atlanta, Atlanta",,Comedy,https://seatgeek.com/randy-feltface-tickets/comedy/2026-11-14-7-pm/18118993,,seatgeek: https://seatgeek.com/randy-feltface-tickets/comedy/2026-11-14-7-pm/18118993,1,Atlanta,33.7922,-84.388
Subtronics with Wink,2026-11-14,8:00 PM,"Coca-Cola Roxy Theatre, Atlanta",,Concert / Live Music,https://seatgeek.com/subtronics-tickets/atlanta-georgia-coca-cola-roxy-theatre-2026-11-14-8-pm/concert/18223161,,seatgeek: https://seatgeek.com/subtronics-tickets/atlanta-georgia-coca-cola-roxy-theatre-2026-11-14-8-pm/concert/18223161,1,Atlanta,33.8903,-84.4697
The Haunt (18+),2026-11-14,8:00 PM,"Smith's Olde Bar, Atlanta",,Concert / Live Music,https://seatgeek.com/the-haunt-tickets/atlanta-georgia-smith-s-olde-bar-2026-11-14-8-pm/concert/18410564,,seatgeek: https://seatgeek.com/the-haunt-tickets/atlanta-georgia-smith-s-olde-bar-2026-11-14-8-pm/concert/18410564,1,Atlanta,33.7977,-84.3689
Tokyo Machine,2026-11-14,8:00 PM,"Terminal West, Atlanta",,Concert / Live Music,https://seatgeek.com/tokyo-machine-tickets/atlanta-georgia-terminal-west-2026-11-14-8-pm/concert/18589977,,seatgeek: https://seatgeek.com/tokyo-machine-tickets/atlanta-georgia-terminal-west-2026-11-14-8-pm/concert/18589977,1,Atlanta,33.782307,-84.4164
UNC Asheville Bulldogs at Georgia Tech Yellow Jackets Mens Basketball,2026-11-14,,"McCamish Pavilion, Atlanta",,Sports & Fitness,https://seatgeek.com/georgia-tech-yellow-jackets-mens-basketball-tickets/ncaa-basketball/2026-11-14-3-30-am/18503972,,seatgeek: https://seatgeek.com/georgia-tech-yellow-jackets-mens-basketball-tickets/ncaa-basketball/2026-11-14-3-30-am/18503972,1,Atlanta,33.7807,-84.3936
Wolves of Glendale,2026-11-14,8:30 PM,"Aisle 5, Atlanta",,Concert / Live Music,https://seatgeek.com/wolves-of-glendale-tickets/atlanta-georgia-aisle-5-2026-11-14-8-30-pm/concert/18284408,,seatgeek: https://seatgeek.com/wolves-of-glendale-tickets/atlanta-georgia-aisle-5-2026-11-14-8-30-pm/concert/18284408,1,Atlanta,33.7643,-84.3502
A Christmas Carol - Atlanta,2026-11-15,2:00 PM,"Coca-Cola Stage at Alliance Theatre, Atlanta",,Arts & Theatre,https://seatgeek.com/a-christmas-carol-tickets/theater/2026-11-15-2-pm/18275022,,seatgeek: https://seatgeek.com/a-christmas-carol-tickets/theater/2026-11-15-2-pm/18275022 | seatgeek: https://seatgeek.com/a-christmas-carol-tickets/theater/2026-11-15-7-pm/18275023,2,Atlanta,33.7901,-84.3855
Archer Oh,2026-11-15,7:00 PM,"The Masquerade - Altar, Atlanta",,Concert / Live Music,https://seatgeek.com/archer-oh-tickets/atlanta-georgia-the-masquerade-altar-2026-11-15-7-pm/concert/18654171,,seatgeek: https://seatgeek.com/archer-oh-tickets/atlanta-georgia-the-masquerade-altar-2026-11-15-7-pm/concert/18654171,1,Atlanta,33.752,-84.3895
Atlanta Opera - Atlanta,2026-11-15,3:00 PM,"Cobb Energy Performing Arts Centre, Atlanta",,Sports & Fitness,https://seatgeek.com/atlanta-opera-tickets/opera/2026-11-15-3-pm/18410912,,seatgeek: https://seatgeek.com/atlanta-opera-tickets/opera/2026-11-15-3-pm/18410912,1,Atlanta,33.9122,-84.5571
Atlanta Symphony Orchestra: Faure's Requiem,2026-11-15,3:00 PM,"Atlanta Symphony Hall at Woodruff Arts Center, Atlanta",,Arts & Theatre,https://seatgeek.com/atlanta-symphony-orchestra-tickets/classical/2026-11-15-3-pm/18171981,,seatgeek: https://seatgeek.com/atlanta-symphony-orchestra-tickets/classical/2026-11-15-3-pm/18171981,1,Atlanta,33.7893,-84.3847
"Chat Pile with Soul Glo, Shallowater",2026-11-15,6:30 PM,"The Masquerade - Heaven, Atlanta",,Concert / Live Music,https://seatgeek.com/chat-pile-tickets/atlanta-georgia-the-masquerade-heaven-2026-11-15-6-30-pm/concert/18296998,,seatgeek: https://seatgeek.com/chat-pile-tickets/atlanta-georgia-the-masquerade-heaven-2026-11-15-6-30-pm/concert/18296998,1,Atlanta,33.7518,-84.3897
Christone Kingfish Ingram,2026-11-15,8:00 PM,"Variety Playhouse, Atlanta",,Concert / Live Music,https://seatgeek.com/christone-kingfish-ingram-tickets/atlanta-georgia-variety-playhouse-2026-11-15-8-pm/concert/18355397,,seatgeek: https://seatgeek.com/christone-kingfish-ingram-tickets/atlanta-georgia-variety-playhouse-2026-11-15-8-pm/concert/18355397,1,Atlanta,33.7637,-84.3511
Franni Cash,2026-11-15,7:00 PM,"Vinyl at Center Stage, Atlanta",,Concert / Live Music,https://seatgeek.com/franni-cash-tickets/atlanta-georgia-vinyl-at-center-stage-2026-11-15-7-pm/concert/18593878,,seatgeek: https://seatgeek.com/franni-cash-tickets/atlanta-georgia-vinyl-at-center-stage-2026-11-15-7-pm/concert/18593878,1,Atlanta,33.7922,-84.3883
Georgia State Panthers at Georgia Tech Yellow Jackets Womens Basketball,2026-11-15,2:00 PM,"McCamish Pavilion, Atlanta",,Sports & Fitness,https://seatgeek.com/georgia-tech-yellow-jackets-womens-basketball-tickets/ncaa-womens-basketball/2026-11-15-2-pm/18493935,,seatgeek: https://seatgeek.com/georgia-tech-yellow-jackets-womens-basketball-tickets/ncaa-womens-basketball/2026-11-15-2-pm/18493935,1,Atlanta,33.7807,-84.3936
Giles Corey,2026-11-15,7:00 PM,"The Masquerade - Purgatory, Atlanta",,Concert / Live Music,https://seatgeek.com/giles-corey-tickets/atlanta-georgia-the-masquerade-purgatory-2026-11-15-7-pm/concert/18512213,,seatgeek: https://seatgeek.com/giles-corey-tickets/atlanta-georgia-the-masquerade-purgatory-2026-11-15-7-pm/concert/18512213,1,Atlanta,33.7515,-84.3899
Jeffrey Keller,2026-11-15,7:30 PM,"Helium Comedy Club - Atlanta, Alpharetta",,Comedy,https://seatgeek.com/jeffrey-keller-tickets/comedy/2026-11-15-7-30-pm/18453173,,seatgeek: https://seatgeek.com/jeffrey-keller-tickets/comedy/2026-11-15-7-30-pm/18453173,1,Atlanta,34.0754,-84.2941
John Summit,2026-11-15,7:00 PM,"State Farm Arena, Atlanta",,Concert / Live Music,https://seatgeek.com/john-summit-tickets/atlanta-georgia-state-farm-arena-1-2026-11-15-7-pm/concert/18257254,,seatgeek: https://seatgeek.com/john-summit-tickets/atlanta-georgia-state-farm-arena-1-2026-11-15-7-pm/concert/18257254,1,Atlanta,33.7566,-84.3969
Kansas City Chiefs at Atlanta Falcons,2026-11-15,1:00 PM,"Mercedes-Benz Stadium, Atlanta",,Sports & Fitness,https://seatgeek.com/atlanta-falcons-tickets/11-15-2026-atlanta-georgia-mercedes-benz-stadium/nfl/18016671,,seatgeek: https://seatgeek.com/atlanta-falcons-tickets/11-15-2026-atlanta-georgia-mercedes-benz-stadium/nfl/18016671,1,Atlanta,33.7553,-84.4006
"Knock, Knock - Atlanta",2026-11-15,3:00 PM,"Selig Family Black Box Theatre at Alliance Theatre, Atlanta",,Arts & Theatre,https://seatgeek.com/knock-knock-tickets/theater/2026-11-15-3-pm/18275391,,seatgeek: https://seatgeek.com/knock-knock-tickets/theater/2026-11-15-3-pm/18275391,1,Atlanta,33.789246,-84.38541
Like Father - Atlanta,2026-11-15,2:00 PM,"Hertz Stage at Alliance Theatre, Atlanta",,Arts & Theatre,https://seatgeek.com/like-father-1-tickets/theater/2026-11-15-2-pm/18275358,,seatgeek: https://seatgeek.com/like-father-1-tickets/theater/2026-11-15-2-pm/18275358,1,Atlanta,33.7896,-84.3844
North Atlantic Dance Theatre - The Nutcracker,2026-11-15,2:30 PM,"Gas South Theater, Duluth",,Arts & Theatre,https://seatgeek.com/north-atlantic-dance-theatre-tickets/dance/2026-11-15-2-30-pm/18602555,,seatgeek: https://seatgeek.com/north-atlantic-dance-theatre-tickets/dance/2026-11-15-2-30-pm/18602555,1,Atlanta,33.9913,-84.0941
South Alabama Jaguars at Kennesaw State Owls Womens Basketball,2026-11-15,2:00 PM,"VyStar Arena at the KSU Convocation Center, Kennesaw",,Sports & Fitness,https://seatgeek.com/kennesaw-state-owls-womens-basketball-tickets/ncaa-womens-basketball/2026-11-15-2-pm/18633289,,seatgeek: https://seatgeek.com/kennesaw-state-owls-womens-basketball-tickets/ncaa-womens-basketball/2026-11-15-2-pm/18633289,1,Atlanta,34.0321,-84.5811
The Fretliners with Live Music,2026-11-15,5:00 PM,"Eddie's Attic - Decatur, Decatur",,Concert / Live Music,https://seatgeek.com/the-fretliners-tickets/decatur-georgia-eddie-s-attic-decatur-2026-11-15-5-pm/concert/18424113,,seatgeek: https://seatgeek.com/the-fretliners-tickets/decatur-georgia-eddie-s-attic-decatur-2026-11-15-5-pm/concert/18424113,1,Atlanta,33.7739,-84.2964
Tim Hawkins,2026-11-15,7:00 PM,"Community Bible Church - Stockbridge, Stockbridge",,Concert / Live Music,https://seatgeek.com/tim-hawkins-tickets/stockbridge-georgia-community-bible-church-stockbridge-2026-11-15-7-pm/concert/18596210,,seatgeek: https://seatgeek.com/tim-hawkins-tickets/stockbridge-georgia-community-bible-church-stockbridge-2026-11-15-7-pm/concert/18596210,1,Atlanta,33.481575,-84.22708
Trois-Rivieres Lions at Atlanta Gladiators,2026-11-15,3:10 PM,"Gas South Arena, Duluth",,Sports & Fitness,https://seatgeek.com/atlanta-gladiators-tickets/minor-league-hockey/2026-11-15-3-10-pm/18242510,,seatgeek: https://seatgeek.com/atlanta-gladiators-tickets/minor-league-hockey/2026-11-15-3-10-pm/18242510,1,Atlanta,33.9896,-84.0942
Father of Peace,2026-11-16,8:00 PM,"The Loft at Center Stage, Atlanta",,Concert / Live Music,https://seatgeek.com/father-of-peace-tickets/atlanta-georgia-the-loft-at-center-stage-2026-11-16-8-pm/concert/18325442,,seatgeek: https://seatgeek.com/father-of-peace-tickets/atlanta-georgia-the-loft-at-center-stage-2026-11-16-8-pm/concert/18325442,1,Atlanta,33.792,-84.3879
Karan Aujla with Ikky,2026-11-16,8:00 PM,"State Farm Arena, Atlanta",,Concert / Live Music,https://seatgeek.com/karan-aujla-tickets/atlanta-georgia-state-farm-arena-1-2026-11-16-8-pm/concert/18592290,,seatgeek: https://seatgeek.com/karan-aujla-tickets/atlanta-georgia-state-farm-arena-1-2026-11-16-8-pm/concert/18592290,1,Atlanta,33.7566,-84.3969
Music Discovery Series Performance - Atlanta,2026-11-16,11:15 AM,"Goizueta Stage at Alliance Theatre, Atlanta",,Concert / Live Music,https://seatgeek.com/music-discovery-series-tickets/atlanta-georgia-goizueta-stage-at-alliance-theatre-2026-11-16-11-15-am/concert/18275208,,seatgeek: https://seatgeek.com/music-discovery-series-tickets/atlanta-georgia-goizueta-stage-at-alliance-theatre-2026-11-16-11-15-am/concert/18275208 | seatgeek: https://seatgeek.com/music-discovery-series-tickets/atlanta-georgia-goizueta-stage-at-alliance-theatre-2026-11-16-11-16-am/concert/18275209,2,Atlanta,33.78999,-84.38616
Rocky In Concert - Atlanta,2026-11-16,7:00 PM,"Atlanta Symphony Hall at Woodruff Arts Center, Atlanta",,Concert / Live Music,https://seatgeek.com/rocky-in-concert-tickets/film/2026-11-16-7-pm/18298189,,seatgeek: https://seatgeek.com/rocky-in-concert-tickets/film/2026-11-16-7-pm/18298189,1,Atlanta,33.7893,-84.3847
Tiny Habits,2026-11-16,8:00 PM,"Terminal West, Atlanta",,Concert / Live Music,https://seatgeek.com/tiny-habits-tickets/atlanta-georgia-terminal-west-2026-11-16-8-pm/concert/18589971,,seatgeek: https://seatgeek.com/tiny-habits-tickets/atlanta-georgia-terminal-west-2026-11-16-8-pm/concert/18589971,1,Atlanta,33.782307,-84.4164
Boston Manor with Spaced,2026-11-17,6:30 PM,"The Masquerade - Hell, Atlanta",,Concert / Live Music,https://seatgeek.com/boston-manor-tickets/atlanta-georgia-the-masquerade-hell-2026-11-17-6-30-pm/concert/18267281,,seatgeek: https://seatgeek.com/boston-manor-tickets/atlanta-georgia-the-masquerade-hell-2026-11-17-6-30-pm/concert/18267281,1,Atlanta,33.7522,-84.3901
Claudio Simonetti's Goblin,2026-11-17,7:00 PM,"Center Stage Theater - Atlanta, Atlanta",,Concert / Live Music,https://seatgeek.com/claudio-simonetti-s-goblin-tickets/atlanta-georgia-center-stage-theater-atlanta-2026-11-17-7-pm/concert/18605924,,seatgeek: https://seatgeek.com/claudio-simonetti-s-goblin-tickets/atlanta-georgia-center-stage-theater-atlanta-2026-11-17-7-pm/concert/18605924,1,Atlanta,33.7922,-84.388
Dave Hause,2026-11-17,8:00 PM,"Vinyl at Center Stage, Atlanta",,Concert / Live Music,https://seatgeek.com/dave-hause-tickets/atlanta-georgia-vinyl-at-center-stage-2026-11-17-8-pm/concert/18228768,,seatgeek: https://seatgeek.com/dave-hause-tickets/atlanta-georgia-vinyl-at-center-stage-2026-11-17-8-pm/concert/18228768,1,Atlanta,33.7922,-84.3883
Death Becomes Her - Atlanta,2026-11-17,7:30 PM,"Fox Theatre Atlanta, Atlanta",,Sports & Fitness,https://seatgeek.com/death-becomes-her-tickets/broadway/2026-11-17-7-30-pm/18039816,,seatgeek: https://seatgeek.com/death-becomes-her-tickets/broadway/2026-11-17-7-30-pm/18039816,1,Atlanta,33.7726,-84.3855
Doja Cat with Latto,2026-11-17,7:30 PM,"State Farm Arena, Atlanta",,Concert / Live Music,https://seatgeek.com/doja-cat-tickets/atlanta-georgia-state-farm-arena-1-2026-11-17-7-30-pm/concert/17769342,,seatgeek: https://seatgeek.com/doja-cat-tickets/atlanta-georgia-state-farm-arena-1-2026-11-17-7-30-pm/concert/17769342,1,Atlanta,33.7566,-84.3969
Elijah Fox with Live Music,2026-11-17,7:00 PM,"Eddie's Attic - Decatur, Decatur",,Concert / Live Music,https://seatgeek.com/elijah-fox-tickets/decatur-georgia-eddie-s-attic-decatur-2026-11-17-7-pm/concert/18593938,,seatgeek: https://seatgeek.com/elijah-fox-tickets/decatur-georgia-eddie-s-attic-decatur-2026-11-17-7-pm/concert/18593938 | seatgeek: https://seatgeek.com/elijah-fox-tickets/decatur-georgia-eddie-s-attic-decatur-2026-11-17-9-15-pm/concert/18645493,2,Atlanta,33.7739,-84.2964
Fruit Bats,2026-11-17,8:00 PM,"Variety Playhouse, Atlanta",,Concert / Live Music,https://seatgeek.com/fruit-bats-tickets/atlanta-georgia-variety-playhouse-2026-11-17-8-pm/concert/18149339,,seatgeek: https://seatgeek.com/fruit-bats-tickets/atlanta-georgia-variety-playhouse-2026-11-17-8-pm/concert/18149339,1,Atlanta,33.7637,-84.3511
Josie Edwards,2026-11-17,7:00 PM,"The Masquerade - Altar, Atlanta",,Concert / Live Music,https://seatgeek.com/josie-edwards-tickets/atlanta-georgia-the-masquerade-altar-2026-11-17-7-pm/concert/18576661,,seatgeek: https://seatgeek.com/josie-edwards-tickets/atlanta-georgia-the-masquerade-altar-2026-11-17-7-pm/concert/18576661,1,Atlanta,33.752,-84.3895
Music Discovery Series Performance - Atlanta,2026-11-17,10:00 AM,"Goizueta Stage at Alliance Theatre, Atlanta",,Concert / Live Music,https://seatgeek.com/music-discovery-series-tickets/atlanta-georgia-goizueta-stage-at-alliance-theatre-2026-11-17-10-am/concert/18275210,,seatgeek: https://seatgeek.com/music-discovery-series-tickets/atlanta-georgia-goizueta-stage-at-alliance-theatre-2026-11-17-10-am/concert/18275210,1,Atlanta,33.78999,-84.38616
Norfolk State Spartans at Georgia Tech Yellow Jackets Mens Basketball,2026-11-17,7:00 PM,"McCamish Pavilion, Atlanta",,Sports & Fitness,https://seatgeek.com/georgia-tech-yellow-jackets-mens-basketball-tickets/ncaa-basketball/2026-11-17-7-pm/18503974,,seatgeek: https://seatgeek.com/georgia-tech-yellow-jackets-mens-basketball-tickets/ncaa-basketball/2026-11-17-7-pm/18503974,1,Atlanta,33.7807,-84.3936
Palace,2026-11-17,8:00 PM,"The Eastern - Atlanta, Atlanta",,Concert / Live Music,https://seatgeek.com/palace-tickets/atlanta-georgia-the-eastern-atlanta-2026-11-17-8-pm/concert/18589470,,seatgeek: https://seatgeek.com/palace-tickets/atlanta-georgia-the-eastern-atlanta-2026-11-17-8-pm/concert/18589470,1,Atlanta,33.7454,-84.3606
Periphery,2026-11-17,6:30 PM,"Tabernacle Presented by iTHINK Financial, Atlanta",,Concert / Live Music,https://seatgeek.com/periphery-tickets/atlanta-georgia-the-tabernacle-atlanta-2026-11-17-6-30-pm/concert/18266243,,seatgeek: https://seatgeek.com/periphery-tickets/atlanta-georgia-the-tabernacle-atlanta-2026-11-17-6-30-pm/concert/18266243,1,Atlanta,33.7589,-84.3914
Reem Edan,2026-11-17,7:30 PM,"Helium Comedy Club - Atlanta, Alpharetta",,Comedy,https://seatgeek.com/reem-edan-tickets/comedy/2026-11-17-7-30-pm/18567485,,seatgeek: https://seatgeek.com/reem-edan-tickets/comedy/2026-11-17-7-30-pm/18567485,1,Atlanta,34.0754,-84.2941
Russ Taff,2026-11-17,7:30 PM,"Buckhead Theatre, Atlanta",,Concert / Live Music,https://seatgeek.com/russ-taff-tickets/atlanta-georgia-buckhead-theatre-2026-11-17-7-30-pm/concert/18492366,,seatgeek: https://seatgeek.com/russ-taff-tickets/atlanta-georgia-buckhead-theatre-2026-11-17-7-30-pm/concert/18492366,1,Atlanta,33.8403,-84.3797
Sweeping Promises,2026-11-17,7:00 PM,"The Masquerade - Purgatory, Atlanta",,Concert / Live Music,https://seatgeek.com/sweeping-promises-tickets/atlanta-georgia-the-masquerade-purgatory-2026-11-17-7-pm/concert/18239014,,seatgeek: https://seatgeek.com/sweeping-promises-tickets/atlanta-georgia-the-masquerade-purgatory-2026-11-17-7-pm/concert/18239014,1,Atlanta,33.7515,-84.3899
AJ McLean,2026-11-18,8:00 PM,"Buckhead Theatre, Atlanta",,Concert / Live Music,https://seatgeek.com/a-j-mclean-tickets/atlanta-georgia-buckhead-theatre-2026-11-18-8-pm/concert/18324691,,seatgeek: https://seatgeek.com/a-j-mclean-tickets/atlanta-georgia-buckhead-theatre-2026-11-18-8-pm/concert/18324691,1,Atlanta,33.8403,-84.3797
Clemson Tigers at Georgia Tech Yellow Jackets Womens Volleyball,2026-11-18,7:00 PM,"O'Keefe Gymnasium, Atlanta",,Sports & Fitness,https://seatgeek.com/georgia-tech-yellow-jackets-womens-volleyball-tickets/womens-college-volleyball/2026-11-18-7-pm/18260026,,seatgeek: https://seatgeek.com/georgia-tech-yellow-jackets-womens-volleyball-tickets/womens-college-volleyball/2026-11-18-7-pm/18260026,1,Atlanta,33.81512,-84.474335
Death Becomes Her - Atlanta,2026-11-18,7:30 PM,"Fox Theatre Atlanta, Atlanta",,Sports & Fitness,https://seatgeek.com/death-becomes-her-tickets/broadway/2026-11-18-7-30-pm/18039818,,seatgeek: https://seatgeek.com/death-becomes-her-tickets/broadway/2026-11-18-7-30-pm/18039818,1,Atlanta,33.7726,-84.3855
Georgia Bulldogs at Georgia Tech Yellow Jackets Womens Basketball,2026-11-18,6:00 PM,"McCamish Pavilion, Atlanta",,Sports & Fitness,https://seatgeek.com/georgia-tech-yellow-jackets-womens-basketball-tickets/ncaa-womens-basketball/2026-11-18-6-pm/18493937,,seatgeek: https://seatgeek.com/georgia-tech-yellow-jackets-womens-basketball-tickets/ncaa-womens-basketball/2026-11-18-6-pm/18493937,1,Atlanta,33.7807,-84.3936
Helado Negro with Reyna Tropical,2026-11-18,8:00 PM,"The Loft at Center Stage, Atlanta",,Concert / Live Music,https://seatgeek.com/helado-negro-tickets/atlanta-georgia-the-loft-at-center-stage-2026-11-18-8-pm/concert/18298199,,seatgeek: https://seatgeek.com/helado-negro-tickets/atlanta-georgia-the-loft-at-center-stage-2026-11-18-8-pm/concert/18298199,1,Atlanta,33.792,-84.3879
I Set My Friends On Fire,2026-11-18,6:00 PM,"The Masquerade - Purgatory, Atlanta",,Concert / Live Music,https://seatgeek.com/i-set-my-friends-on-fire-tickets/atlanta-georgia-the-masquerade-purgatory-2026-11-18-6-pm/concert/18637814,,seatgeek: https://seatgeek.com/i-set-my-friends-on-fire-tickets/atlanta-georgia-the-masquerade-purgatory-2026-11-18-6-pm/concert/18637814,1,Atlanta,33.7515,-84.3899
Live Music,2026-11-18,7:00 PM,"Eddie's Attic - Decatur, Decatur",,Concert / Live Music,https://seatgeek.com/live-music-tickets/decatur-georgia-eddie-s-attic-decatur-2026-11-18-7-pm/concert/18472486,,seatgeek: https://seatgeek.com/live-music-tickets/decatur-georgia-eddie-s-attic-decatur-2026-11-18-7-pm/concert/18472486,1,Atlanta,33.7739,-84.2964
Los Gaiteros de San Jacinto with Fruko Y Sus Tesos,2026-11-18,7:00 PM,"The Masquerade - Altar, Atlanta",,Concert / Live Music,https://seatgeek.com/los-gaiteros-de-san-jacinto-tickets/atlanta-georgia-the-masquerade-altar-2026-11-18-7-pm/concert/18406413,,seatgeek: https://seatgeek.com/los-gaiteros-de-san-jacinto-tickets/atlanta-georgia-the-masquerade-altar-2026-11-18-7-pm/concert/18406413,1,Atlanta,33.752,-84.3895
Ray Lau,2026-11-18,7:30 PM,"Helium Comedy Club - Atlanta, Alpharetta",,Comedy,https://seatgeek.com/ray-lau-tickets/comedy/2026-11-18-7-30-pm/18453447,,seatgeek: https://seatgeek.com/ray-lau-tickets/comedy/2026-11-18-7-30-pm/18453447,1,Atlanta,34.0754,-84.2941
Rod Wave with FRIDAYY,2026-11-18,8:30 PM,"State Farm Arena, Atlanta",,Concert / Live Music,https://seatgeek.com/rod-wave-tickets/atlanta-georgia-state-farm-arena-1-2026-11-18-8-30-pm/concert/18320070,,seatgeek: https://seatgeek.com/rod-wave-tickets/atlanta-georgia-state-farm-arena-1-2026-11-18-8-30-pm/concert/18320070,1,Atlanta,33.7566,-84.3969
The Paradox,2026-11-18,7:00 PM,"The Masquerade - Hell, Atlanta",,Concert / Live Music,https://seatgeek.com/paradox-tickets/atlanta-georgia-the-masquerade-hell-2026-11-18-7-pm/concert/18325387,,seatgeek: https://seatgeek.com/paradox-tickets/atlanta-georgia-the-masquerade-hell-2026-11-18-7-pm/concert/18325387,1,Atlanta,33.7522,-84.3901
Women in Tech Atlanta - OutGeekWomen,2026-11-18,6:00 PM - 8:30 PM,"Downtown Atlanta, TBA, Atlanta, GA 10000",,Arts & Theatre,https://www.eventbrite.com/e/women-in-tech-atlanta-outgeekwomen-tickets-1049946938557,,eventbrite: https://www.eventbrite.com/e/women-in-tech-atlanta-outgeekwomen-tickets-1049946938557,1,Atlanta,33.749,-84.388
82MAJOR,2026-11-19,7:00 PM,"Ray Charles Performing Arts Center, Atlanta",,Concert / Live Music,https://seatgeek.com/82major-tickets/atlanta-georgia-ray-charles-performing-arts-center-2026-11-19-7-pm/concert/18639625,,seatgeek: https://seatgeek.com/82major-tickets/atlanta-georgia-ray-charles-performing-arts-center-2026-11-19-7-pm/concert/18639625,1,Atlanta,33.7442,-84.4171
A Christmas Carol - Atlanta,2026-11-19,7:00 PM,"Coca-Cola Stage at Alliance Theatre, Atlanta",,Arts & Theatre,https://seatgeek.com/a-christmas-carol-tickets/theater/2026-11-19-7-pm/18444162,,seatgeek: https://seatgeek.com/a-christmas-carol-tickets/theater/2026-11-19-7-pm/18444162,1,Atlanta,33.7901,-84.3855
Adam Ray,2026-11-19,7:00 PM,"Buckhead Theatre, Atlanta",,Comedy,https://seatgeek.com/adam-ray-tickets/comedy/2026-11-19-7-pm/18660079,,seatgeek: https://seatgeek.com/adam-ray-tickets/comedy/2026-11-19-7-pm/18660079,1,Atlanta,33.8403,-84.3797
Atlanta Symphony Orchestra: Schumann & Bruckner,2026-11-19,8:00 PM,"Atlanta Symphony Hall at Woodruff Arts Center, Atlanta",,Arts & Theatre,https://seatgeek.com/atlanta-symphony-orchestra-tickets/classical/2026-11-19-8-pm/18171982,,seatgeek: https://seatgeek.com/atlanta-symphony-orchestra-tickets/classical/2026-11-19-8-pm/18171982,1,Atlanta,33.7893,-84.3847
BEAT: Belew/Vai/Levin/Bozzio Performing the Music of KING CRIMSON,2026-11-19,8:00 PM,"Cobb Energy Performing Arts Centre, Atlanta",,Concert / Live Music,https://seatgeek.com/beat-tickets/atlanta-georgia-cobb-energy-performing-arts-centre-2026-11-19-8-pm/concert/18450009,,seatgeek: https://seatgeek.com/beat-tickets/atlanta-georgia-cobb-energy-performing-arts-centre-2026-11-19-8-pm/concert/18450009,1,Atlanta,33.9122,-84.5571
Bleood,2026-11-19,8:00 PM,"Center Stage Theater - Atlanta, Atlanta",,Concert / Live Music,https://seatgeek.com/bleood-tickets/atlanta-georgia-center-stage-theater-atlanta-2026-11-19-8-pm/concert/18517844,,seatgeek: https://seatgeek.com/bleood-tickets/atlanta-georgia-center-stage-theater-atlanta-2026-11-19-8-pm/concert/18517844,1,Atlanta,33.7922,-84.388
Chase Petra with JER,2026-11-19,6:00 PM,"The Masquerade - Purgatory, Atlanta",,Concert / Live Music,https://seatgeek.com/chase-petra-tickets/atlanta-georgia-the-masquerade-purgatory-2026-11-19-6-pm/concert/18420559,,seatgeek: https://seatgeek.com/chase-petra-tickets/atlanta-georgia-the-masquerade-purgatory-2026-11-19-6-pm/concert/18420559,1,Atlanta,33.7515,-84.3899
Chrissy Chlapecka,2026-11-19,8:00 PM,"Vinyl at Center Stage, Atlanta",,Concert / Live Music,https://seatgeek.com/chrissy-chlapecka-tickets/atlanta-georgia-vinyl-at-center-stage-2026-11-19-8-pm/concert/18355974,,seatgeek: https://seatgeek.com/chrissy-chlapecka-tickets/atlanta-georgia-vinyl-at-center-stage-2026-11-19-8-pm/concert/18355974,1,Atlanta,33.7922,-84.3883
Death Becomes Her - Atlanta,2026-11-19,7:30 PM,"Fox Theatre Atlanta, Atlanta",,Sports & Fitness,https://seatgeek.com/death-becomes-her-tickets/broadway/2026-11-19-7-30-pm/18039817,,seatgeek: https://seatgeek.com/death-becomes-her-tickets/broadway/2026-11-19-7-30-pm/18039817,1,Atlanta,33.7726,-84.3855
Donny Benet,2026-11-19,8:00 PM,"Terminal West, Atlanta",,Concert / Live Music,https://seatgeek.com/donny-benet-tickets/atlanta-georgia-terminal-west-2026-11-19-8-pm/concert/18589963,,seatgeek: https://seatgeek.com/donny-benet-tickets/atlanta-georgia-terminal-west-2026-11-19-8-pm/concert/18589963,1,Atlanta,33.782307,-84.4164
Hovvdy with Christian Lee Hutson,2026-11-19,7:00 PM,"The Masquerade - Hell, Atlanta",,Concert / Live Music,https://seatgeek.com/hovvdy-tickets/atlanta-georgia-the-masquerade-hell-2026-11-19-7-pm/concert/18241574,,seatgeek: https://seatgeek.com/hovvdy-tickets/atlanta-georgia-the-masquerade-hell-2026-11-19-7-pm/concert/18241574,1,Atlanta,33.7522,-84.3901
Jalen Ngonda,2026-11-19,8:00 PM,"Variety Playhouse, Atlanta",,Concert / Live Music,https://seatgeek.com/jalen-ngonda-tickets/atlanta-georgia-variety-playhouse-2026-11-19-8-pm/concert/18320894,,seatgeek: https://seatgeek.com/jalen-ngonda-tickets/atlanta-georgia-variety-playhouse-2026-11-19-8-pm/concert/18320894,1,Atlanta,33.7637,-84.3511
Joe Alterman,2026-11-19,7:00 PM,"Eddie's Attic - Decatur, Decatur",,Concert / Live Music,https://seatgeek.com/joe-alterman-tickets/decatur-georgia-eddie-s-attic-decatur-2026-11-19-7-pm/concert/18331691,,seatgeek: https://seatgeek.com/joe-alterman-tickets/decatur-georgia-eddie-s-attic-decatur-2026-11-19-7-pm/concert/18331691,1,Atlanta,33.7739,-84.2964
Matthew Broussard,2026-11-19,7:30 PM,"Helium Comedy Club - Atlanta, Alpharetta",,Comedy,https://seatgeek.com/matthew-broussard-tickets/comedy/2026-11-19-7-30-pm/18453333,,seatgeek: https://seatgeek.com/matthew-broussard-tickets/comedy/2026-11-19-7-30-pm/18453333,1,Atlanta,34.0754,-84.2941
Rod Wave,2026-11-19,8:00 PM,"State Farm Arena, Atlanta",,Concert / Live Music,https://seatgeek.com/rod-wave-tickets/atlanta-georgia-state-farm-arena-1-2026-11-19-8-pm/concert/18414834,,seatgeek: https://seatgeek.com/rod-wave-tickets/atlanta-georgia-state-farm-arena-1-2026-11-19-8-pm/concert/18414834,1,Atlanta,33.7566,-84.3969
A Christmas Carol - Atlanta,2026-11-20,7:00 PM,"Coca-Cola Stage at Alliance Theatre, Atlanta",,Arts & Theatre,https://seatgeek.com/a-christmas-carol-tickets/theater/2026-11-20-7-pm/18275028,,seatgeek: https://seatgeek.com/a-christmas-carol-tickets/theater/2026-11-20-7-pm/18275028,1,Atlanta,33.7901,-84.3855
Alyssa Grace,2026-11-20,8:00 PM,"Center Stage Theater - Atlanta, Atlanta",,Concert / Live Music,https://seatgeek.com/alyssa-grace-tickets/atlanta-georgia-center-stage-theater-atlanta-2026-11-20-8-pm/concert/18572084,,seatgeek: https://seatgeek.com/alyssa-grace-tickets/atlanta-georgia-center-stage-theater-atlanta-2026-11-20-8-pm/concert/18572084,1,Atlanta,33.7922,-84.388
Death Becomes Her - Atlanta,2026-11-20,7:30 PM,"Fox Theatre Atlanta, Atlanta",,Sports & Fitness,https://seatgeek.com/death-becomes-her-tickets/broadway/2026-11-20-7-30-pm/18039815,,seatgeek: https://seatgeek.com/death-becomes-her-tickets/broadway/2026-11-20-7-30-pm/18039815,1,Atlanta,33.7726,-84.3855
Delaware Blue Coats at College Park Skyhawks,2026-11-20,7:00 PM,"Gateway Center Arena at College Park, College Park",,Sports & Fitness,https://seatgeek.com/college-park-skyhawks-tickets/nba-g-league/2026-11-20-7-pm/18541395,,seatgeek: https://seatgeek.com/college-park-skyhawks-tickets/nba-g-league/2026-11-20-7-pm/18541395,1,Atlanta,33.6473,-84.4596
Emily Ann Roberts,2026-11-20,8:00 PM,"Trilith Live, Fayetteville",,Concert / Live Music,https://seatgeek.com/emily-ann-roberts-tickets/fayetteville-georgia-trilith-live-2026-11-20-8-pm/concert/18634379,,seatgeek: https://seatgeek.com/emily-ann-roberts-tickets/fayetteville-georgia-trilith-live-2026-11-20-8-pm/concert/18634379,1,Atlanta,33.4711,-84.5072
Georgia Bulldogs at Georgia Tech Yellow Jackets Mens Basketball,2026-11-20,8:00 PM,"McCamish Pavilion, Atlanta",,Sports & Fitness,https://seatgeek.com/georgia-tech-yellow-jackets-mens-basketball-tickets/ncaa-basketball/2026-11-20-8-pm/18503976,,seatgeek: https://seatgeek.com/georgia-tech-yellow-jackets-mens-basketball-tickets/ncaa-basketball/2026-11-20-8-pm/18503976,1,Atlanta,33.7807,-84.3936
Guaco,2026-11-20,8:00 PM,"Buckhead Theatre, Atlanta",,Concert / Live Music,https://seatgeek.com/guaco-tickets/atlanta-georgia-buckhead-theatre-2026-11-20-8-pm/concert/18281513,,seatgeek: https://seatgeek.com/guaco-tickets/atlanta-georgia-buckhead-theatre-2026-11-20-8-pm/concert/18281513,1,Atlanta,33.8403,-84.3797
Imminence with Dying Wish and Gaerea,2026-11-20,7:30 PM,"Tabernacle Presented by iTHINK Financial, Atlanta",,Concert / Live Music,https://seatgeek.com/imminence-tickets/atlanta-georgia-the-tabernacle-atlanta-2026-11-20-7-30-pm/concert/18314097,,seatgeek: https://seatgeek.com/imminence-tickets/atlanta-georgia-the-tabernacle-atlanta-2026-11-20-7-30-pm/concert/18314097,1,Atlanta,33.7589,-84.3914
Indy Fuel at Atlanta Gladiators,2026-11-20,7:10 PM,"Gas South Arena, Duluth",,Sports & Fitness,https://seatgeek.com/atlanta-gladiators-tickets/minor-league-hockey/2026-11-20-7-10-pm/18242537,,seatgeek: https://seatgeek.com/atlanta-gladiators-tickets/minor-league-hockey/2026-11-20-7-10-pm/18242537,1,Atlanta,33.9896,-84.0942
Jack White,2026-11-20,8:00 PM,"Coca-Cola Roxy Theatre, Atlanta",,Concert / Live Music,https://seatgeek.com/jack-white-tickets/atlanta-georgia-coca-cola-roxy-theatre-2026-11-20-8-pm/concert/18168206,,seatgeek: https://seatgeek.com/jack-white-tickets/atlanta-georgia-coca-cola-roxy-theatre-2026-11-20-8-pm/concert/18168206,1,Atlanta,33.8903,-84.4697
Jessica Audiffred,2026-11-20,10:00 PM,"District Atlanta, Atlanta",,Concert / Live Music,https://seatgeek.com/jessica-audiffred-tickets/atlanta-georgia-district-atlanta-2026-11-20-10-pm/concert/18346766,,seatgeek: https://seatgeek.com/jessica-audiffred-tickets/atlanta-georgia-district-atlanta-2026-11-20-10-pm/concert/18346766,1,Atlanta,33.812,-84.3786
Jessica Michelle Singleton,2026-11-20,7:30 PM,"Helium Comedy Club - Atlanta, Alpharetta",,Comedy,https://seatgeek.com/jessica-michelle-singleton-tickets/comedy/2026-11-20-7-30-pm/18535413,,seatgeek: https://seatgeek.com/jessica-michelle-singleton-tickets/comedy/2026-11-20-7-30-pm/18535413 | seatgeek: https://seatgeek.com/jessica-michelle-singleton-tickets/comedy/2026-11-20-9-45-pm/18535415,2,Atlanta,34.0754,-84.2941
Kinahau,2026-11-20,10:00 PM,"Believe Music Hall, Atlanta",,Concert / Live Music,https://seatgeek.com/kinahau-tickets/atlanta-georgia-believe-music-hall-2026-11-20-10-pm/concert/18403439,,seatgeek: https://seatgeek.com/kinahau-tickets/atlanta-georgia-believe-music-hall-2026-11-20-10-pm/concert/18403439,1,Atlanta,33.737,-84.3938
King Bo,2026-11-20,7:30 PM,"Helium Comedy Club - Atlanta, Alpharetta",,Comedy,https://seatgeek.com/king-bo-tickets/comedy/2026-11-20-7-30-pm/18453246,,seatgeek: https://seatgeek.com/king-bo-tickets/comedy/2026-11-20-7-30-pm/18453246 | seatgeek: https://seatgeek.com/king-bo-tickets/comedy/2026-11-20-9-45-pm/18453247,2,Atlanta,34.0754,-84.2941
"Knock, Knock - Atlanta",2026-11-20,11:30 AM,"Selig Family Black Box Theatre at Alliance Theatre, Atlanta",,Arts & Theatre,https://seatgeek.com/knock-knock-tickets/theater/2026-11-20-11-30-am/18275394,,seatgeek: https://seatgeek.com/knock-knock-tickets/theater/2026-11-20-11-30-am/18275394,1,Atlanta,33.789246,-84.38541
Matthew Broussard,2026-11-20,7:00 PM,"Helium Comedy Club - Atlanta, Alpharetta",,Comedy,https://seatgeek.com/matthew-broussard-tickets/comedy/2026-11-20-7-pm/18453331,,seatgeek: https://seatgeek.com/matthew-broussard-tickets/comedy/2026-11-20-7-pm/18453331 | seatgeek: https://seatgeek.com/matthew-broussard-tickets/comedy/2026-11-20-9-15-pm/18453332,2,Atlanta,34.0754,-84.2941
NBA Cup: Charlotte Hornets at Atlanta Hawks,2026-11-20,7:00 PM,"State Farm Arena, Atlanta",,Sports & Fitness,https://seatgeek.com/atlanta-hawks-tickets/11-20-2026-atlanta-georgia-state-farm-arena-1/nba/18485907,,seatgeek: https://seatgeek.com/atlanta-hawks-tickets/11-20-2026-atlanta-georgia-state-farm-arena-1/nba/18485907,1,Atlanta,33.7566,-84.3969
Orchestra Noir,2026-11-20,8:00 PM,"Cobb Energy Performing Arts Centre, Atlanta",,Concert / Live Music,https://seatgeek.com/orchestra-noir-tickets/atlanta-georgia-cobb-energy-performing-arts-centre-2026-11-20-8-pm/concert/18605348,,seatgeek: https://seatgeek.com/orchestra-noir-tickets/atlanta-georgia-cobb-energy-performing-arts-centre-2026-11-20-8-pm/concert/18605348,1,Atlanta,33.9122,-84.5571
Red Leather,2026-11-20,8:00 PM,"Vinyl at Center Stage, Atlanta",,Concert / Live Music,https://seatgeek.com/red-leather-tickets/atlanta-georgia-vinyl-at-center-stage-2026-11-20-8-pm/concert/18129710,,seatgeek: https://seatgeek.com/red-leather-tickets/atlanta-georgia-vinyl-at-center-stage-2026-11-20-8-pm/concert/18129710,1,Atlanta,33.7922,-84.3883
Southeastern Louisiana Lions at Kennesaw State Owls Mens Basketball,2026-11-20,7:00 PM,"VyStar Arena at the KSU Convocation Center, Kennesaw",,Sports & Fitness,https://seatgeek.com/kennesaw-state-owls-mens-basketball-tickets/ncaa-basketball/2026-11-20-7-pm/18590446,,seatgeek: https://seatgeek.com/kennesaw-state-owls-mens-basketball-tickets/ncaa-basketball/2026-11-20-7-pm/18590446,1,Atlanta,34.0321,-84.5811
The Bad Plus,2026-11-20,8:00 PM,"The Garden Club at Wild Heaven West End, Atlanta",,Concert / Live Music,https://seatgeek.com/the-bad-plus-tickets/atlanta-georgia-the-garden-club-at-wild-heaven-west-end-2026-11-20-8-pm/concert/18363589,,seatgeek: https://seatgeek.com/the-bad-plus-tickets/atlanta-georgia-the-garden-club-at-wild-heaven-west-end-2026-11-20-8-pm/concert/18363589,1,Atlanta,33.7501,-84.3885
The Bends,2026-11-20,8:00 PM,"Terminal West, Atlanta",,Concert / Live Music,https://seatgeek.com/the-bends-tickets/atlanta-georgia-terminal-west-2026-11-20-8-pm/concert/18213019,,seatgeek: https://seatgeek.com/the-bends-tickets/atlanta-georgia-terminal-west-2026-11-20-8-pm/concert/18213019,1,Atlanta,33.782307,-84.4164
Waterparks,2026-11-20,7:00 PM,"The Masquerade - Hell, Atlanta",,Concert / Live Music,https://seatgeek.com/waterparks-tickets/atlanta-georgia-the-masquerade-hell-2026-11-20-7-pm/concert/18484970,,seatgeek: https://seatgeek.com/waterparks-tickets/atlanta-georgia-the-masquerade-hell-2026-11-20-7-pm/concert/18484970,1,Atlanta,33.7522,-84.3901
A Christmas Carol - Atlanta,2026-11-21,2:00 PM,"Coca-Cola Stage at Alliance Theatre, Atlanta",,Arts & Theatre,https://seatgeek.com/a-christmas-carol-tickets/theater/2026-11-21-2-pm/18275029,,seatgeek: https://seatgeek.com/a-christmas-carol-tickets/theater/2026-11-21-2-pm/18275029 | seatgeek: https://seatgeek.com/a-christmas-carol-tickets/theater/2026-11-21-7-pm/18275030,2,Atlanta,33.7901,-84.3855
A Magical Cirque Christmas - Sandy Springs,2026-11-21,8:00 PM,"Byers Theatre - Sandy Springs Performing Arts, Sandy Springs",,Sports & Fitness,https://seatgeek.com/a-magical-cirque-christmas-tickets/cirque-du-soleil/2026-11-21-8-pm/18584910,,seatgeek: https://seatgeek.com/a-magical-cirque-christmas-tickets/cirque-du-soleil/2026-11-21-8-pm/18584910,1,Atlanta,33.9245,-84.3807
Atlanta Symphony Orchestra: Schumann & Bruckner,2026-11-21,8:00 PM,"Atlanta Symphony Hall at Woodruff Arts Center, Atlanta",,Arts & Theatre,https://seatgeek.com/atlanta-symphony-orchestra-tickets/classical/2026-11-21-8-pm/18171985,,seatgeek: https://seatgeek.com/atlanta-symphony-orchestra-tickets/classical/2026-11-21-8-pm/18171985,1,Atlanta,33.7893,-84.3847
Big Head Todd & The Monsters (Rescheduled from 2/27/2026),2026-11-21,8:00 PM,"Variety Playhouse, Atlanta",,Concert / Live Music,https://seatgeek.com/big-head-todd-the-monsters-tickets/atlanta-georgia-variety-playhouse-2026-11-21-8-pm/concert/17708060,,seatgeek: https://seatgeek.com/big-head-todd-the-monsters-tickets/atlanta-georgia-variety-playhouse-2026-11-21-8-pm/concert/17708060,1,Atlanta,33.7637,-84.3511
Broadway Rave - Atlanta,2026-11-21,9:00 PM,"The Masquerade - Purgatory, Atlanta",,Sports & Fitness,https://seatgeek.com/broadway-rave-tickets/entertainment/2026-11-21-9-pm/18551835,,seatgeek: https://seatgeek.com/broadway-rave-tickets/entertainment/2026-11-21-9-pm/18551835,1,Atlanta,33.7515,-84.3899
Death Becomes Her - Atlanta,2026-11-21,2:00 PM,"Fox Theatre Atlanta, Atlanta",,Sports & Fitness,https://seatgeek.com/death-becomes-her-tickets/broadway/2026-11-21-2-pm/18039820,,seatgeek: https://seatgeek.com/death-becomes-her-tickets/broadway/2026-11-21-2-pm/18039820 | seatgeek: https://seatgeek.com/death-becomes-her-tickets/broadway/2026-11-21-7-30-pm/18039819,2,Atlanta,33.7726,-84.3855
Eddie B,2026-11-21,8:00 PM,"Trilith Live, Fayetteville",,Comedy,https://seatgeek.com/eddie-b-tickets/comedy/2026-11-21-8-pm/18176699,,seatgeek: https://seatgeek.com/eddie-b-tickets/comedy/2026-11-21-8-pm/18176699,1,Atlanta,33.4711,-84.5072
Edgewood Avenue The Musical: The Finale,2026-11-21,7:00 PM - 10:00 PM,"Center For Puppetry Arts, 1404 Spring Street Northwest, Atlanta, GA 30309",,Arts & Theatre,https://www.eventbrite.com/e/edgewood-avenue-the-musical-the-finale-tickets-2000523491616,,eventbrite: https://www.eventbrite.com/e/edgewood-avenue-the-musical-the-finale-tickets-2000523491616,1,Atlanta,33.749,-84.388
Florida International Panthers at Kennesaw State Owls Football,2026-11-21,3:00 PM,"Fifth Third Stadium, Kennesaw",,Sports & Fitness,https://seatgeek.com/kennesaw-state-owls-football-tickets/ncaa-football/2026-11-21-3-pm/18210266,,seatgeek: https://seatgeek.com/kennesaw-state-owls-football-tickets/ncaa-football/2026-11-21-3-pm/18210266,1,Atlanta,34.0289,-84.5676
Georgia Festival of Trees,2026-11-21,10:00 AM,"Gas South Convention Center, Duluth",,Fair / Popup,https://seatgeek.com/festival-of-trees-tickets/family/2026-11-21-10-am/18642543,,seatgeek: https://seatgeek.com/festival-of-trees-tickets/family/2026-11-21-10-am/18642543,1,Atlanta,33.989525,-84.09404
Indy Fuel at Atlanta Gladiators,2026-11-21,7:10 PM,"Gas South Arena, Duluth",,Sports & Fitness,https://seatgeek.com/atlanta-gladiators-tickets/minor-league-hockey/2026-11-21-7-10-pm/18242538,,seatgeek: https://seatgeek.com/atlanta-gladiators-tickets/minor-league-hockey/2026-11-21-7-10-pm/18242538,1,Atlanta,33.9896,-84.0942
Jack White,2026-11-21,8:00 PM,"Coca-Cola Roxy Theatre, Atlanta",,Concert / Live Music,https://seatgeek.com/jack-white-tickets/atlanta-georgia-coca-cola-roxy-theatre-2026-11-21-8-pm/concert/18168207,,seatgeek: https://seatgeek.com/jack-white-tickets/atlanta-georgia-coca-cola-roxy-theatre-2026-11-21-8-pm/concert/18168207,1,Atlanta,33.8903,-84.4697
Jessica Michelle Singleton,2026-11-21,7:30 PM,"Helium Comedy Club - Atlanta, Alpharetta",,Comedy,https://seatgeek.com/jessica-michelle-singleton-tickets/comedy/2026-11-21-7-30-pm/18535417,,seatgeek: https://seatgeek.com/jessica-michelle-singleton-tickets/comedy/2026-11-21-7-30-pm/18535417 | seatgeek: https://seatgeek.com/jessica-michelle-singleton-tickets/comedy/2026-11-21-10-pm/18535421,2,Atlanta,34.0754,-84.2941
Jonathan Van Ness,2026-11-21,7:00 PM,"Center Stage Theater - Atlanta, Atlanta",,Concert / Live Music,https://seatgeek.com/jonathan-van-ness-tickets/atlanta-georgia-center-stage-theater-atlanta-2026-11-21-7-pm/concert/18138666,,seatgeek: https://seatgeek.com/jonathan-van-ness-tickets/atlanta-georgia-center-stage-theater-atlanta-2026-11-21-7-pm/concert/18138666,1,Atlanta,33.7922,-84.388
King Bo,2026-11-21,7:30 PM,"Helium Comedy Club - Atlanta, Alpharetta",,Comedy,https://seatgeek.com/king-bo-tickets/comedy/2026-11-21-7-30-pm/18453249,,seatgeek: https://seatgeek.com/king-bo-tickets/comedy/2026-11-21-7-30-pm/18453249 | seatgeek: https://seatgeek.com/king-bo-tickets/comedy/2026-11-21-10-pm/18453250,2,Atlanta,34.0754,-84.2941
"Knock, Knock - Atlanta",2026-11-21,10:00 AM,"Selig Family Black Box Theatre at Alliance Theatre, Atlanta",,Arts & Theatre,https://seatgeek.com/knock-knock-tickets/theater/2026-11-21-10-am/18275395,,seatgeek: https://seatgeek.com/knock-knock-tickets/theater/2026-11-21-10-am/18275395,1,Atlanta,33.789246,-84.38541
"Know Good with Blookah, Terminal 6",2026-11-21,8:00 PM,"Terminal West, Atlanta",,Concert / Live Music,https://seatgeek.com/know-good-tickets/atlanta-georgia-terminal-west-2026-11-21-8-pm/concert/18548720,,seatgeek: https://seatgeek.com/know-good-tickets/atlanta-georgia-terminal-west-2026-11-21-8-pm/concert/18548720,1,Atlanta,33.782307,-84.4164
Live Music,2026-11-21,9:15 PM,"Eddie's Attic - Decatur, Decatur",,Concert / Live Music,https://seatgeek.com/live-music-tickets/decatur-georgia-eddie-s-attic-decatur-2026-11-21-9-15-pm/concert/18655920,,seatgeek: https://seatgeek.com/live-music-tickets/decatur-georgia-eddie-s-attic-decatur-2026-11-21-9-15-pm/concert/18655920,1,Atlanta,33.7739,-84.2964
Manchester Orchestra,2026-11-21,6:30 PM,"Tabernacle Presented by iTHINK Financial, Atlanta",,Concert / Live Music,https://seatgeek.com/manchester-orchestra-tickets/atlanta-georgia-the-tabernacle-atlanta-2026-11-21-6-30-pm/concert/18539228,,seatgeek: https://seatgeek.com/manchester-orchestra-tickets/atlanta-georgia-the-tabernacle-atlanta-2026-11-21-6-30-pm/concert/18539228,1,Atlanta,33.7589,-84.3914
Matthew Broussard,2026-11-21,7:00 PM,"Helium Comedy Club - Atlanta, Alpharetta",,Comedy,https://seatgeek.com/matthew-broussard-tickets/comedy/2026-11-21-7-pm/18453335,,seatgeek: https://seatgeek.com/matthew-broussard-tickets/comedy/2026-11-21-7-pm/18453335 | seatgeek: https://seatgeek.com/matthew-broussard-tickets/comedy/2026-11-21-9-30-pm/18453334,2,Atlanta,34.0754,-84.2941
Pinky Patel,2026-11-21,4:00 PM,"Helium Comedy Club - Atlanta, Alpharetta",,Comedy,https://seatgeek.com/pinky-patel-tickets/comedy/2026-11-21-4-pm/18567480,,seatgeek: https://seatgeek.com/pinky-patel-tickets/comedy/2026-11-21-4-pm/18567480,1,Atlanta,34.0754,-84.2941
Sicard Hollow,2026-11-21,8:00 PM,"Aisle 5, Atlanta",,Concert / Live Music,https://seatgeek.com/sicard-hollow-tickets/atlanta-georgia-aisle-5-2026-11-21-8-pm/concert/18365147,,seatgeek: https://seatgeek.com/sicard-hollow-tickets/atlanta-georgia-aisle-5-2026-11-21-8-pm/concert/18365147,1,Atlanta,33.7643,-84.3502
The Atlanta Street Wear Market Fall 2026 (Day 1),2026-11-21,1:00 PM - 9:00 PM,"Atlanta Expo Center North, 3650 Jonesboro Rd SE, Atlanta, GA 30354",,Conference / Expo,https://www.eventbrite.com/e/the-atlanta-street-wear-market-fall-2026-day-1-tickets-1999230740964,,eventbrite: https://www.eventbrite.com/e/the-atlanta-street-wear-market-fall-2026-day-1-tickets-1999230740964,1,Atlanta,33.749,-84.388
The Rock Orchestra By Candlelight,2026-11-21,8:00 PM,"Cobb Energy Performing Arts Centre, Atlanta",,Concert / Live Music,https://seatgeek.com/the-rock-orchestra-by-candlelight-tickets/atlanta-georgia-cobb-energy-performing-arts-centre-2026-11-21-8-pm/concert/18176223,,seatgeek: https://seatgeek.com/the-rock-orchestra-by-candlelight-tickets/atlanta-georgia-cobb-energy-performing-arts-centre-2026-11-21-8-pm/concert/18176223,1,Atlanta,33.9122,-84.5571
The War and Treaty,2026-11-21,8:00 PM,"Buckhead Theatre, Atlanta",,Concert / Live Music,https://seatgeek.com/the-war-and-treaty-tickets/atlanta-georgia-buckhead-theatre-2026-11-21-8-pm/concert/18325689,,seatgeek: https://seatgeek.com/the-war-and-treaty-tickets/atlanta-georgia-buckhead-theatre-2026-11-21-8-pm/concert/18325689,1,Atlanta,33.8403,-84.3797
Wake Forest Demon Deacons at Georgia Tech Yellow Jackets Football,2026-11-21,,"Bobby Dodd Stadium, Atlanta",,Sports & Fitness,https://seatgeek.com/georgia-tech-yellow-jackets-football-tickets/ncaa-football/2026-11-21-3-30-am/18033378,,seatgeek: https://seatgeek.com/georgia-tech-yellow-jackets-football-tickets/ncaa-football/2026-11-21-3-30-am/18033378,1,Atlanta,33.7724,-84.3928
Waterparks,2026-11-21,7:00 PM,"The Masquerade - Hell, Atlanta",,Concert / Live Music,https://seatgeek.com/waterparks-tickets/atlanta-georgia-the-masquerade-hell-2026-11-21-7-pm/concert/18484969,,seatgeek: https://seatgeek.com/waterparks-tickets/atlanta-georgia-the-masquerade-hell-2026-11-21-7-pm/concert/18484969,1,Atlanta,33.7522,-84.3901
A Christmas Carol - Atlanta,2026-11-22,2:00 PM,"Coca-Cola Stage at Alliance Theatre, Atlanta",,Arts & Theatre,https://seatgeek.com/a-christmas-carol-tickets/theater/2026-11-22-2-pm/18275031,,seatgeek: https://seatgeek.com/a-christmas-carol-tickets/theater/2026-11-22-2-pm/18275031 | seatgeek: https://seatgeek.com/a-christmas-carol-tickets/theater/2026-11-22-7-pm/18275035,2,Atlanta,33.7901,-84.3855
Blue October with Jess Woodland,2026-11-22,8:00 PM,"Tabernacle Presented by iTHINK Financial, Atlanta",,Concert / Live Music,https://seatgeek.com/blue-october-tickets/atlanta-georgia-the-tabernacle-atlanta-2026-11-22-8-pm/concert/18140880,,seatgeek: https://seatgeek.com/blue-october-tickets/atlanta-georgia-the-tabernacle-atlanta-2026-11-22-8-pm/concert/18140880,1,Atlanta,33.7589,-84.3914
Death Becomes Her - Atlanta,2026-11-22,1:00 PM,"Fox Theatre Atlanta, Atlanta",,Sports & Fitness,https://seatgeek.com/death-becomes-her-tickets/broadway/2026-11-22-1-pm/18039827,,seatgeek: https://seatgeek.com/death-becomes-her-tickets/broadway/2026-11-22-1-pm/18039827 | seatgeek: https://seatgeek.com/death-becomes-her-tickets/broadway/2026-11-22-6-30-pm/18039828,2,Atlanta,33.7726,-84.3855
Delaware Blue Coats at College Park Skyhawks,2026-11-22,2:00 PM,"Gateway Center Arena at College Park, College Park",,Sports & Fitness,https://seatgeek.com/college-park-skyhawks-tickets/nba-g-league/2026-11-22-2-pm/18541396,,seatgeek: https://seatgeek.com/college-park-skyhawks-tickets/nba-g-league/2026-11-22-2-pm/18541396,1,Atlanta,33.6473,-84.4596
Detroit Pistons at Atlanta Hawks,2026-11-22,3:30 PM,"State Farm Arena, Atlanta",,Sports & Fitness,https://seatgeek.com/atlanta-hawks-tickets/11-22-2026-atlanta-georgia-state-farm-arena-1/nba/18495517,,seatgeek: https://seatgeek.com/atlanta-hawks-tickets/11-22-2026-atlanta-georgia-state-farm-arena-1/nba/18495517,1,Atlanta,33.7566,-84.3969
Dragonforce with Ensiferum and Rhapsody of Fire,2026-11-22,6:30 PM,"The Masquerade - Heaven, Atlanta",,Concert / Live Music,https://seatgeek.com/dragonforce-tickets/atlanta-georgia-the-masquerade-heaven-2026-11-22-6-30-pm/concert/18266389,,seatgeek: https://seatgeek.com/dragonforce-tickets/atlanta-georgia-the-masquerade-heaven-2026-11-22-6-30-pm/concert/18266389,1,Atlanta,33.7518,-84.3897
Georgia Festival of Trees,2026-11-22,10:00 AM,"Gas South Convention Center, Duluth",,Fair / Popup,https://seatgeek.com/festival-of-trees-tickets/family/2026-11-22-10-am/18642545,,seatgeek: https://seatgeek.com/festival-of-trees-tickets/family/2026-11-22-10-am/18642545,1,Atlanta,33.989525,-84.09404
Girl Tones with Live Music,2026-11-22,8:00 PM,"Eddie's Attic - Decatur, Decatur",,Concert / Live Music,https://seatgeek.com/girl-tones-tickets/decatur-georgia-eddie-s-attic-decatur-2026-11-22-8-pm/concert/18500450,,seatgeek: https://seatgeek.com/girl-tones-tickets/decatur-georgia-eddie-s-attic-decatur-2026-11-22-8-pm/concert/18500450,1,Atlanta,33.7739,-84.2964
HO99O9 with N8NOFACE,2026-11-22,7:00 PM,"The Masquerade - Purgatory, Atlanta",,Concert / Live Music,https://seatgeek.com/ho99o9-tickets/atlanta-georgia-the-masquerade-purgatory-2026-11-22-7-pm/concert/18356141,,seatgeek: https://seatgeek.com/ho99o9-tickets/atlanta-georgia-the-masquerade-purgatory-2026-11-22-7-pm/concert/18356141,1,Atlanta,33.7515,-84.3899
Indy Fuel at Atlanta Gladiators,2026-11-22,3:10 PM,"Gas South Arena, Duluth",,Sports & Fitness,https://seatgeek.com/atlanta-gladiators-tickets/minor-league-hockey/2026-11-22-3-10-pm/18242636,,seatgeek: https://seatgeek.com/atlanta-gladiators-tickets/minor-league-hockey/2026-11-22-3-10-pm/18242636,1,Atlanta,33.9896,-84.0942
JoJo,2026-11-22,8:00 PM,"Variety Playhouse, Atlanta",,Concert / Live Music,https://seatgeek.com/jojo-tickets/atlanta-georgia-variety-playhouse-2026-11-22-8-pm/concert/18599427,,seatgeek: https://seatgeek.com/jojo-tickets/atlanta-georgia-variety-playhouse-2026-11-22-8-pm/concert/18599427,1,Atlanta,33.7637,-84.3511
King Bo,2026-11-22,7:30 PM,"Helium Comedy Club - Atlanta, Alpharetta",,Comedy,https://seatgeek.com/king-bo-tickets/comedy/2026-11-22-7-30-pm/18453255,,seatgeek: https://seatgeek.com/king-bo-tickets/comedy/2026-11-22-7-30-pm/18453255,1,Atlanta,34.0754,-84.2941
"Knock, Knock - Atlanta",2026-11-22,1:30 PM,"Selig Family Black Box Theatre at Alliance Theatre, Atlanta",,Arts & Theatre,https://seatgeek.com/knock-knock-tickets/theater/2026-11-22-1-30-pm/18275400,,seatgeek: https://seatgeek.com/knock-knock-tickets/theater/2026-11-22-1-30-pm/18275400,1,Atlanta,33.789246,-84.38541
Los Gemelos de Sinaloa,2026-11-22,8:00 PM,"Coca-Cola Roxy Theatre, Atlanta",,Concert / Live Music,https://seatgeek.com/los-gemelos-de-sinaloa-tickets/atlanta-georgia-coca-cola-roxy-theatre-2026-11-22-8-pm/concert/18573212,,seatgeek: https://seatgeek.com/los-gemelos-de-sinaloa-tickets/atlanta-georgia-coca-cola-roxy-theatre-2026-11-22-8-pm/concert/18573212,1,Atlanta,33.8903,-84.4697
Moral,2026-11-22,7:00 PM,"Vinyl at Center Stage, Atlanta",,Concert / Live Music,https://seatgeek.com/moral-tickets/atlanta-georgia-vinyl-at-center-stage-2026-11-22-7-pm/concert/18426380,,seatgeek: https://seatgeek.com/moral-tickets/atlanta-georgia-vinyl-at-center-stage-2026-11-22-7-pm/concert/18426380,1,Atlanta,33.7922,-84.3883
Pat Barrett,2026-11-22,7:00 PM,"Grace United Methodist Church, Atlanta",,Concert / Live Music,https://seatgeek.com/pat-barrett-tickets/atlanta-georgia-grace-united-methodist-church-6-2026-11-22-7-pm/concert/18649016,,seatgeek: https://seatgeek.com/pat-barrett-tickets/atlanta-georgia-grace-united-methodist-church-6-2026-11-22-7-pm/concert/18649016,1,Atlanta,33.7739,-84.3719
Phillip Phillips with Briscoe,2026-11-22,7:00 PM,"Center Stage Theater - Atlanta, Atlanta",,Concert / Live Music,https://seatgeek.com/phillip-phillips-tickets/atlanta-georgia-center-stage-theater-atlanta-2026-11-22-7-pm/concert/18328063,,seatgeek: https://seatgeek.com/phillip-phillips-tickets/atlanta-georgia-center-stage-theater-atlanta-2026-11-22-7-pm/concert/18328063,1,Atlanta,33.7922,-84.388
Swan Lake: Symphony of Lights - Atlanta,2026-11-22,4:00 PM,"Atlanta Symphony Hall at Woodruff Arts Center, Atlanta",,Sports & Fitness,https://seatgeek.com/swan-lake-symphony-of-lights-tickets/dance/2026-11-22-4-pm/18572057,,seatgeek: https://seatgeek.com/swan-lake-symphony-of-lights-tickets/dance/2026-11-22-4-pm/18572057,1,Atlanta,33.7893,-84.3847
Waterparks,2026-11-22,7:00 PM,"The Masquerade - Hell, Atlanta",,Concert / Live Music,https://seatgeek.com/waterparks-tickets/atlanta-georgia-the-masquerade-hell-2026-11-22-7-pm/concert/18484968,,seatgeek: https://seatgeek.com/waterparks-tickets/atlanta-georgia-the-masquerade-hell-2026-11-22-7-pm/concert/18484968,1,Atlanta,33.7522,-84.3901
Wes Barker,2026-11-22,7:00 PM,"Helium Comedy Club - Atlanta, Alpharetta",,Comedy,https://seatgeek.com/wes-barker-tickets/comedy/2026-11-22-7-pm/18522288,,seatgeek: https://seatgeek.com/wes-barker-tickets/comedy/2026-11-22-7-pm/18522288,1,Atlanta,34.0754,-84.2941
A Christmas Carol - Atlanta,2026-11-23,7:00 PM,"Coca-Cola Stage at Alliance Theatre, Atlanta",,Arts & Theatre,https://seatgeek.com/a-christmas-carol-tickets/theater/2026-11-23-7-pm/18275034,,seatgeek: https://seatgeek.com/a-christmas-carol-tickets/theater/2026-11-23-7-pm/18275034,1,Atlanta,33.7901,-84.3855
Georgia Festival of Trees,2026-11-23,9:00 AM,"Gas South Convention Center, Duluth",,Fair / Popup,https://seatgeek.com/festival-of-trees-tickets/family/2026-11-23-9-am/18642547,,seatgeek: https://seatgeek.com/festival-of-trees-tickets/family/2026-11-23-9-am/18642547,1,Atlanta,33.989525,-84.09404
A Christmas Carol - Atlanta,2026-11-24,2:00 PM,"Coca-Cola Stage at Alliance Theatre, Atlanta",,Arts & Theatre,https://seatgeek.com/a-christmas-carol-tickets/theater/2026-11-24-2-pm/18275041,,seatgeek: https://seatgeek.com/a-christmas-carol-tickets/theater/2026-11-24-2-pm/18275041 | seatgeek: https://seatgeek.com/a-christmas-carol-tickets/theater/2026-11-24-7-pm/18275040,2,Atlanta,33.7901,-84.3855
Deante Hitchcock (18+),2026-11-24,8:00 PM,"Smith's Olde Bar, Atlanta",,Concert / Live Music,https://seatgeek.com/deante-hitchcock-tickets/atlanta-georgia-smith-s-olde-bar-2026-11-24-8-pm/concert/18608518,,seatgeek: https://seatgeek.com/deante-hitchcock-tickets/atlanta-georgia-smith-s-olde-bar-2026-11-24-8-pm/concert/18608518,1,Atlanta,33.7977,-84.3689
Georgia Festival of Trees,2026-11-24,10:00 AM,"Gas South Convention Center, Duluth",,Fair / Popup,https://seatgeek.com/festival-of-trees-tickets/family/2026-11-24-10-am/18415650,,seatgeek: https://seatgeek.com/festival-of-trees-tickets/family/2026-11-24-10-am/18415650,1,Atlanta,33.989525,-84.09404
Samford Bulldogs at Georgia Tech Yellow Jackets Mens Basketball,2026-11-24,7:00 PM,"McCamish Pavilion, Atlanta",,Sports & Fitness,https://seatgeek.com/georgia-tech-yellow-jackets-mens-basketball-tickets/ncaa-basketball/2026-11-24-7-pm/18503978,,seatgeek: https://seatgeek.com/georgia-tech-yellow-jackets-mens-basketball-tickets/ncaa-basketball/2026-11-24-7-pm/18503978,1,Atlanta,33.7807,-84.3936
Syd,2026-11-24,8:00 PM,"Tabernacle Presented by iTHINK Financial, Atlanta",,Concert / Live Music,https://seatgeek.com/syd-tickets/atlanta-georgia-the-tabernacle-atlanta-2026-11-24-8-pm/concert/18592330,,seatgeek: https://seatgeek.com/syd-tickets/atlanta-georgia-the-tabernacle-atlanta-2026-11-24-8-pm/concert/18592330,1,Atlanta,33.7589,-84.3914
Trippie Redd,2026-11-24,8:00 PM,"Coca-Cola Roxy Theatre, Atlanta",,Concert / Live Music,https://seatgeek.com/trippie-redd-tickets/atlanta-georgia-coca-cola-roxy-theatre-2026-11-24-8-pm/concert/18618443,,seatgeek: https://seatgeek.com/trippie-redd-tickets/atlanta-georgia-coca-cola-roxy-theatre-2026-11-24-8-pm/concert/18618443,1,Atlanta,33.8903,-84.4697
Angine de Poitrine,2026-11-25,7:00 PM,"The Eastern - Atlanta, Atlanta",,Concert / Live Music,https://seatgeek.com/angine-de-poitrine-tickets/atlanta-georgia-the-eastern-atlanta-2026-11-25-7-pm/concert/18248718,,seatgeek: https://seatgeek.com/angine-de-poitrine-tickets/atlanta-georgia-the-eastern-atlanta-2026-11-25-7-pm/concert/18248718,1,Atlanta,33.7454,-84.3606
Buzzcocks with Grade 2,2026-11-25,7:00 PM,"The Masquerade - Heaven, Atlanta",,Concert / Live Music,https://seatgeek.com/buzzcocks-tickets/atlanta-georgia-the-masquerade-heaven-2026-11-25-7-pm/concert/18319407,,seatgeek: https://seatgeek.com/buzzcocks-tickets/atlanta-georgia-the-masquerade-heaven-2026-11-25-7-pm/concert/18319407,1,Atlanta,33.7518,-84.3897
ERIC PRYDZ | Wednesday November 25th 2026,2026-11-25,10:00 PM - 3:00 AM,"District Atlanta, 269 Armour Dr Ne Suite B, Atlanta, Georgia 30324",,Nightlife / Party,https://www.eventbrite.com/e/eric-prydz-wednesday-november-25th-2026-tickets-1997061230901,,eventbrite: https://www.eventbrite.com/e/eric-prydz-wednesday-november-25th-2026-tickets-1997061230901,1,Atlanta,33.749,-84.388
Eric Prydz,2026-11-25,10:00 PM,"District Atlanta, Atlanta",,Concert / Live Music,https://seatgeek.com/eric-prydz-tickets/atlanta-georgia-district-atlanta-2026-11-25-10-pm/concert/18498593,,seatgeek: https://seatgeek.com/eric-prydz-tickets/atlanta-georgia-district-atlanta-2026-11-25-10-pm/concert/18498593,1,Atlanta,33.812,-84.3786
Florida A&M Rattlers at Kennesaw State Owls Womens Basketball,2026-11-25,2:00 PM,"VyStar Arena at the KSU Convocation Center, Kennesaw",,Sports & Fitness,https://seatgeek.com/kennesaw-state-owls-womens-basketball-tickets/ncaa-womens-basketball/2026-11-25-2-pm/18633287,,seatgeek: https://seatgeek.com/kennesaw-state-owls-womens-basketball-tickets/ncaa-womens-basketball/2026-11-25-2-pm/18633287,1,Atlanta,34.0321,-84.5811
Live Music,2026-11-25,7:00 PM,"Eddie's Attic - Decatur, Decatur",,Concert / Live Music,https://seatgeek.com/live-music-tickets/decatur-georgia-eddie-s-attic-decatur-2026-11-25-7-pm/concert/18420359,,seatgeek: https://seatgeek.com/live-music-tickets/decatur-georgia-eddie-s-attic-decatur-2026-11-25-7-pm/concert/18420359,1,Atlanta,33.7739,-84.2964
Makari with Kurt Travis,2026-11-25,6:00 PM,"The Masquerade - Hell, Atlanta",,Concert / Live Music,https://seatgeek.com/makari-tickets/atlanta-georgia-the-masquerade-hell-2026-11-25-6-pm/concert/18511836,,seatgeek: https://seatgeek.com/makari-tickets/atlanta-georgia-the-masquerade-hell-2026-11-25-6-pm/concert/18511836,1,Atlanta,33.7522,-84.3901
Rush,2026-11-25,7:30 PM,"State Farm Arena, Atlanta",,Concert / Live Music,https://seatgeek.com/rush-tickets/atlanta-georgia-state-farm-arena-1-2026-11-25-7-30-pm/concert/17846261,,seatgeek: https://seatgeek.com/rush-tickets/atlanta-georgia-state-farm-arena-1-2026-11-25-7-30-pm/concert/17846261,1,Atlanta,33.7566,-84.3969
Savannah Ghost Pirates at Atlanta Gladiators,2026-11-25,7:10 PM,"Gas South Arena, Duluth",,Sports & Fitness,https://seatgeek.com/atlanta-gladiators-tickets/minor-league-hockey/2026-11-25-7-10-pm/18242540,,seatgeek: https://seatgeek.com/atlanta-gladiators-tickets/minor-league-hockey/2026-11-25-7-10-pm/18242540,1,Atlanta,33.9896,-84.0942
A Christmas Carol - Atlanta,2026-11-27,7:00 PM,"Coca-Cola Stage at Alliance Theatre, Atlanta",,Arts & Theatre,https://seatgeek.com/a-christmas-carol-tickets/theater/2026-11-27-7-pm/18275042,,seatgeek: https://seatgeek.com/a-christmas-carol-tickets/theater/2026-11-27-7-pm/18275042,1,Atlanta,33.7901,-84.3855
A Hundred Drums,2026-11-27,8:00 PM,"Terminal West, Atlanta",,Concert / Live Music,https://seatgeek.com/a-hundred-drums-tickets/atlanta-georgia-terminal-west-2026-11-27-8-pm/concert/18299218,,seatgeek: https://seatgeek.com/a-hundred-drums-tickets/atlanta-georgia-terminal-west-2026-11-27-8-pm/concert/18299218,1,Atlanta,33.782307,-84.4164
Arnez J,2026-11-27,7:00 PM,"Helium Comedy Club - Atlanta, Alpharetta",,Comedy,https://seatgeek.com/arnez-j-tickets/comedy/2026-11-27-7-pm/18567441,,seatgeek: https://seatgeek.com/arnez-j-tickets/comedy/2026-11-27-7-pm/18567441 | seatgeek: https://seatgeek.com/arnez-j-tickets/comedy/2026-11-27-9-15-pm/18567449,2,Atlanta,34.0754,-84.2941
Blackberry Smoke,2026-11-27,8:00 PM,"Tabernacle Presented by iTHINK Financial, Atlanta",,Concert / Live Music,https://seatgeek.com/blackberry-smoke-tickets/atlanta-georgia-the-tabernacle-atlanta-2026-11-27-8-pm/concert/18317061,,seatgeek: https://seatgeek.com/blackberry-smoke-tickets/atlanta-georgia-the-tabernacle-atlanta-2026-11-27-8-pm/concert/18317061,1,Atlanta,33.7589,-84.3914
For King & Country,2026-11-27,7:00 PM,"Gas South Arena, Duluth",,Concert / Live Music,https://seatgeek.com/for-king-country-tickets/duluth-georgia-gas-south-arena-2026-11-27-7-pm/concert/18390302,,seatgeek: https://seatgeek.com/for-king-country-tickets/duluth-georgia-gas-south-arena-2026-11-27-7-pm/concert/18390302,1,Atlanta,33.9896,-84.0942
Futurebirds,2026-11-27,8:00 PM,"The Eastern - Atlanta, Atlanta",,Concert / Live Music,https://seatgeek.com/futurebirds-tickets/atlanta-georgia-the-eastern-atlanta-2026-11-27-8-pm/concert/18528455,,seatgeek: https://seatgeek.com/futurebirds-tickets/atlanta-georgia-the-eastern-atlanta-2026-11-27-8-pm/concert/18528455,1,Atlanta,33.7454,-84.3606
Georgia Festival of Trees,2026-11-27,10:00 AM,"Gas South Convention Center, Duluth",,Fair / Popup,https://seatgeek.com/festival-of-trees-tickets/family/2026-11-27-10-am/18642549,,seatgeek: https://seatgeek.com/festival-of-trees-tickets/family/2026-11-27-10-am/18642549,1,Atlanta,33.989525,-84.09404
Hunxho,2026-11-27,8:00 PM,"Coca-Cola Roxy Theatre, Atlanta",,Concert / Live Music,https://seatgeek.com/hunxho-tickets/atlanta-georgia-coca-cola-roxy-theatre-2026-11-27-8-pm/concert/18618442,,seatgeek: https://seatgeek.com/hunxho-tickets/atlanta-georgia-coca-cola-roxy-theatre-2026-11-27-8-pm/concert/18618442,1,Atlanta,33.8903,-84.4697
Love Actually in Concert - Atlanta,2026-11-27,8:00 PM,"Cobb Energy Performing Arts Centre, Atlanta",,Concert / Live Music,https://seatgeek.com/love-actually-in-concert-tickets/film/2026-11-27-8-pm/18394754,,seatgeek: https://seatgeek.com/love-actually-in-concert-tickets/film/2026-11-27-8-pm/18394754,1,Atlanta,33.9122,-84.5571
Northeast Atlanta Ballet - The Nutcracker,2026-11-27,2:00 PM,"Gas South Theater, Duluth",,Arts & Theatre,https://seatgeek.com/northeast-atlanta-ballet-tickets/dance/2026-11-27-2-pm/18312222,,seatgeek: https://seatgeek.com/northeast-atlanta-ballet-tickets/dance/2026-11-27-2-pm/18312222 | seatgeek: https://seatgeek.com/northeast-atlanta-ballet-tickets/dance/2026-11-27-7-30-pm/18312223,2,Atlanta,33.9913,-84.0941
Roswell Dance Theatre - The Nutcracker,2026-11-27,2:00 PM,"Byers Theatre - Sandy Springs Performing Arts, Sandy Springs",,Arts & Theatre,https://seatgeek.com/roswell-dance-theatre-tickets/dance/2026-11-27-2-pm/18613666,,seatgeek: https://seatgeek.com/roswell-dance-theatre-tickets/dance/2026-11-27-2-pm/18613666 | seatgeek: https://seatgeek.com/roswell-dance-theatre-tickets/dance/2026-11-27-7-pm/18613667,2,Atlanta,33.9245,-84.3807
Rush,2026-11-27,7:30 PM,"State Farm Arena, Atlanta",,Concert / Live Music,https://seatgeek.com/rush-tickets/atlanta-georgia-state-farm-arena-1-2026-11-27-7-30-pm/concert/17853752,,seatgeek: https://seatgeek.com/rush-tickets/atlanta-georgia-state-farm-arena-1-2026-11-27-7-30-pm/concert/17853752,1,Atlanta,33.7566,-84.3969
Static Dress with I Promised The World,2026-11-27,6:00 PM,"The Masquerade - Hell, Atlanta",,Concert / Live Music,https://seatgeek.com/static-dress-tickets/atlanta-georgia-the-masquerade-hell-2026-11-27-6-pm/concert/18511837,,seatgeek: https://seatgeek.com/static-dress-tickets/atlanta-georgia-the-masquerade-hell-2026-11-27-6-pm/concert/18511837,1,Atlanta,33.7522,-84.3901
The MI5 Archive: Official Secrets,2026-11-27,2:00 PM - 3:00 PM,,,Arts & Theatre,https://www.eventbrite.co.uk/e/the-mi5-archive-official-secrets-tickets-1997551526388,,eventbrite: https://www.eventbrite.co.uk/e/the-mi5-archive-official-secrets-tickets-1997551526388,1,Atlanta,33.749,-84.388
The SteelDrivers,2026-11-27,8:00 PM,"Variety Playhouse, Atlanta",,Concert / Live Music,https://seatgeek.com/the-steeldrivers-tickets/atlanta-georgia-variety-playhouse-2026-11-27-8-pm/concert/18653013,,seatgeek: https://seatgeek.com/the-steeldrivers-tickets/atlanta-georgia-variety-playhouse-2026-11-27-8-pm/concert/18653013,1,Atlanta,33.7637,-84.3511
The Stray Cats,2026-11-27,8:00 PM,"Fox Theatre Atlanta, Atlanta",,Concert / Live Music,https://seatgeek.com/stray-cats-tickets/atlanta-georgia-fox-theatre-atlanta-2026-11-27-8-pm/concert/18371335,,seatgeek: https://seatgeek.com/stray-cats-tickets/atlanta-georgia-fox-theatre-atlanta-2026-11-27-8-pm/concert/18371335,1,Atlanta,33.7726,-84.3855
A Christmas Carol - Atlanta,2026-11-28,2:00 PM,"Coca-Cola Stage at Alliance Theatre, Atlanta",,Arts & Theatre,https://seatgeek.com/a-christmas-carol-tickets/theater/2026-11-28-2-pm/18275045,,seatgeek: https://seatgeek.com/a-christmas-carol-tickets/theater/2026-11-28-2-pm/18275045 | seatgeek: https://seatgeek.com/a-christmas-carol-tickets/theater/2026-11-28-7-pm/18275046,2,Atlanta,33.7901,-84.3855
Alcorn State Braves at Georgia Tech Yellow Jackets Mens Basketball,2026-11-28,,"McCamish Pavilion, Atlanta",,Sports & Fitness,https://seatgeek.com/georgia-tech-yellow-jackets-mens-basketball-tickets/ncaa-basketball/2026-11-28-3-30-am/18503980,,seatgeek: https://seatgeek.com/georgia-tech-yellow-jackets-mens-basketball-tickets/ncaa-basketball/2026-11-28-3-30-am/18503980,1,Atlanta,33.7807,-84.3936
Arnez J,2026-11-28,7:00 PM,"Helium Comedy Club - Atlanta, Alpharetta",,Comedy,https://seatgeek.com/arnez-j-tickets/comedy/2026-11-28-7-pm/18567448,,seatgeek: https://seatgeek.com/arnez-j-tickets/comedy/2026-11-28-7-pm/18567448 | seatgeek: https://seatgeek.com/arnez-j-tickets/comedy/2026-11-28-9-30-pm/18567450,2,Atlanta,34.0754,-84.2941
Corey Holcomb,2026-11-28,8:00 PM,"Center Stage Theater - Atlanta, Atlanta",,Comedy,https://seatgeek.com/corey-holcomb-tickets/comedy/2026-11-28-8-pm/18593645,,seatgeek: https://seatgeek.com/corey-holcomb-tickets/comedy/2026-11-28-8-pm/18593645,1,Atlanta,33.7922,-84.388
El Alfa,2026-11-28,8:00 PM,"Atlanta Coliseum, Duluth",,Concert / Live Music,https://seatgeek.com/el-alfa-tickets/duluth-georgia-atlanta-coliseum-2026-11-28-8-pm/concert/17849731,,seatgeek: https://seatgeek.com/el-alfa-tickets/duluth-georgia-atlanta-coliseum-2026-11-28-8-pm/concert/17849731,1,Atlanta,33.9581,-84.1295
Elf In Concert - Atlanta,2026-11-28,7:00 PM,"Atlanta Symphony Hall at Woodruff Arts Center, Atlanta",,Concert / Live Music,https://seatgeek.com/elf-in-concert-tickets/film/2026-11-28-7-pm/18132337,,seatgeek: https://seatgeek.com/elf-in-concert-tickets/film/2026-11-28-7-pm/18132337,1,Atlanta,33.7893,-84.3847
Ellis Paul,2026-11-28,7:00 PM,"Eddie's Attic - Decatur, Decatur",,Concert / Live Music,https://seatgeek.com/ellis-paul-tickets/decatur-georgia-eddie-s-attic-decatur-2026-11-28-7-pm/concert/18331678,,seatgeek: https://seatgeek.com/ellis-paul-tickets/decatur-georgia-eddie-s-attic-decatur-2026-11-28-7-pm/concert/18331678,1,Atlanta,33.7739,-84.2964
Futurebirds,2026-11-28,8:00 PM,"The Eastern - Atlanta, Atlanta",,Concert / Live Music,https://seatgeek.com/futurebirds-tickets/atlanta-georgia-the-eastern-atlanta-2026-11-28-8-pm/concert/17926133,,seatgeek: https://seatgeek.com/futurebirds-tickets/atlanta-georgia-the-eastern-atlanta-2026-11-28-8-pm/concert/17926133,1,Atlanta,33.7454,-84.3606
Georgia Festival of Trees,2026-11-28,10:00 AM,"Gas South Convention Center, Duluth",,Fair / Popup,https://seatgeek.com/festival-of-trees-tickets/family/2026-11-28-10-am/18642551,,seatgeek: https://seatgeek.com/festival-of-trees-tickets/family/2026-11-28-10-am/18642551,1,Atlanta,33.989525,-84.09404
GorillaT,2026-11-28,10:00 PM,"Believe Music Hall, Atlanta",,Concert / Live Music,https://seatgeek.com/gorillat-tickets/atlanta-georgia-believe-music-hall-2026-11-28-10-pm/concert/18415555,,seatgeek: https://seatgeek.com/gorillat-tickets/atlanta-georgia-believe-music-hall-2026-11-28-10-pm/concert/18415555,1,Atlanta,33.737,-84.3938
Jacksonville Icemen at Atlanta Gladiators,2026-11-28,7:10 PM,"Gas South Arena, Duluth",,Sports & Fitness,https://seatgeek.com/atlanta-gladiators-tickets/minor-league-hockey/2026-11-28-7-10-pm/18242516,,seatgeek: https://seatgeek.com/atlanta-gladiators-tickets/minor-league-hockey/2026-11-28-7-10-pm/18242516,1,Atlanta,33.9896,-84.0942
Louisiana Ragin' Cajuns at Georgia State Panthers Football,2026-11-28,,"Center Parc Stadium, Atlanta",,Sports & Fitness,https://seatgeek.com/georgia-state-panthers-football-tickets/ncaa-football/2026-11-28-3-30-am/18150181,,seatgeek: https://seatgeek.com/georgia-state-panthers-football-tickets/ncaa-football/2026-11-28-3-30-am/18150181,1,Atlanta,33.7362,-84.3894
Middle Georgia State Knights at Kennesaw State Owls Womens Basketball,2026-11-28,2:00 PM,"VyStar Arena at the KSU Convocation Center, Kennesaw",,Sports & Fitness,https://seatgeek.com/kennesaw-state-owls-womens-basketball-tickets/ncaa-womens-basketball/2026-11-28-2-pm/18633290,,seatgeek: https://seatgeek.com/kennesaw-state-owls-womens-basketball-tickets/ncaa-womens-basketball/2026-11-28-2-pm/18633290,1,Atlanta,34.0321,-84.5811
Northeast Atlanta Ballet - The Nutcracker,2026-11-28,10:00 AM,"Gas South Theater, Duluth",,Arts & Theatre,https://seatgeek.com/northeast-atlanta-ballet-tickets/dance/2026-11-28-10-am/18312224,,seatgeek: https://seatgeek.com/northeast-atlanta-ballet-tickets/dance/2026-11-28-10-am/18312224 | seatgeek: https://seatgeek.com/northeast-atlanta-ballet-tickets/dance/2026-11-28-2-pm/18312225 | seatgeek: https://seatgeek.com/northeast-atlanta-ballet-tickets/dance/2026-11-28-7-30-pm/18312226,3,Atlanta,33.9913,-84.0941
Pouya,2026-11-28,8:00 PM,"Buckhead Theatre, Atlanta",,Concert / Live Music,https://seatgeek.com/pouya-tickets/atlanta-georgia-buckhead-theatre-2026-11-28-8-pm/concert/18297496,,seatgeek: https://seatgeek.com/pouya-tickets/atlanta-georgia-buckhead-theatre-2026-11-28-8-pm/concert/18297496,1,Atlanta,33.8403,-84.3797
Professor Brian Cox - Atlanta,2026-11-28,7:30 PM,"Cobb Energy Performing Arts Centre, Atlanta",,Arts & Theatre,https://seatgeek.com/professor-brian-cox-tickets/theater/2026-11-28-7-30-pm/17771666,,seatgeek: https://seatgeek.com/professor-brian-cox-tickets/theater/2026-11-28-7-30-pm/17771666,1,Atlanta,33.9122,-84.5571
Roswell Dance Theatre - The Nutcracker,2026-11-28,11:00 AM,"Byers Theatre - Sandy Springs Performing Arts, Sandy Springs",,Arts & Theatre,https://seatgeek.com/roswell-dance-theatre-tickets/dance/2026-11-28-11-am/18613669,,seatgeek: https://seatgeek.com/roswell-dance-theatre-tickets/dance/2026-11-28-11-am/18613669 | seatgeek: https://seatgeek.com/roswell-dance-theatre-tickets/dance/2026-11-28-4-pm/18613670,2,Atlanta,33.9245,-84.3807
Stanford Cardinal at Georgia Tech Yellow Jackets Womens Volleyball,2026-11-28,3:00 PM,"O'Keefe Gymnasium, Atlanta",,Sports & Fitness,https://seatgeek.com/georgia-tech-yellow-jackets-womens-volleyball-tickets/womens-college-volleyball/2026-11-28-3-pm/18260027,,seatgeek: https://seatgeek.com/georgia-tech-yellow-jackets-womens-volleyball-tickets/womens-college-volleyball/2026-11-28-3-pm/18260027,1,Atlanta,33.81512,-84.474335
Story Of The Year and Silverstein,2026-11-28,7:00 PM,"Tabernacle Presented by iTHINK Financial, Atlanta",,Concert / Live Music,https://seatgeek.com/silverstein-tickets/atlanta-georgia-the-tabernacle-atlanta-2026-11-28-7-pm/concert/18408628,,seatgeek: https://seatgeek.com/silverstein-tickets/atlanta-georgia-the-tabernacle-atlanta-2026-11-28-7-pm/concert/18408628,1,Atlanta,33.7589,-84.3914
The SteelDrivers,2026-11-28,8:00 PM,"Variety Playhouse, Atlanta",,Concert / Live Music,https://seatgeek.com/the-steeldrivers-tickets/atlanta-georgia-variety-playhouse-2026-11-28-8-pm/concert/18592733,,seatgeek: https://seatgeek.com/the-steeldrivers-tickets/atlanta-georgia-variety-playhouse-2026-11-28-8-pm/concert/18592733,1,Atlanta,33.7637,-84.3511
A Christmas Carol - Atlanta,2026-11-29,2:00 PM,"Coca-Cola Stage at Alliance Theatre, Atlanta",,Arts & Theatre,https://seatgeek.com/a-christmas-carol-tickets/theater/2026-11-29-2-pm/18275047,,seatgeek: https://seatgeek.com/a-christmas-carol-tickets/theater/2026-11-29-2-pm/18275047 | seatgeek: https://seatgeek.com/a-christmas-carol-tickets/theater/2026-11-29-7-pm/18275052,2,Atlanta,33.7901,-84.3855
Arnez J,2026-11-29,7:00 PM,"Helium Comedy Club - Atlanta, Alpharetta",,Comedy,https://seatgeek.com/arnez-j-tickets/comedy/2026-11-29-7-pm/18567451,,seatgeek: https://seatgeek.com/arnez-j-tickets/comedy/2026-11-29-7-pm/18567451,1,Atlanta,34.0754,-84.2941
"Beartooth with Don Broco, Magnolia Park and Windwaker",2026-11-29,6:30 PM,"Coca-Cola Roxy Theatre, Atlanta",,Concert / Live Music,https://seatgeek.com/beartooth-tickets/atlanta-georgia-coca-cola-roxy-theatre-2026-11-29-6-30-pm/concert/18253055,,seatgeek: https://seatgeek.com/beartooth-tickets/atlanta-georgia-coca-cola-roxy-theatre-2026-11-29-6-30-pm/concert/18253055,1,Atlanta,33.8903,-84.4697
Elf In Concert - Atlanta,2026-11-29,3:00 PM,"Atlanta Symphony Hall at Woodruff Arts Center, Atlanta",,Concert / Live Music,https://seatgeek.com/elf-in-concert-tickets/film/2026-11-29-3-pm/18132336,,seatgeek: https://seatgeek.com/elf-in-concert-tickets/film/2026-11-29-3-pm/18132336,1,Atlanta,33.7893,-84.3847
Georgia Festival of Trees,2026-11-29,10:00 AM,"Gas South Convention Center, Duluth",,Fair / Popup,https://seatgeek.com/festival-of-trees-tickets/family/2026-11-29-10-am/18642553,,seatgeek: https://seatgeek.com/festival-of-trees-tickets/family/2026-11-29-10-am/18642553,1,Atlanta,33.989525,-84.09404
Jacksonville Icemen at Atlanta Gladiators,2026-11-29,3:10 PM,"Gas South Arena, Duluth",,Sports & Fitness,https://seatgeek.com/atlanta-gladiators-tickets/minor-league-hockey/2026-11-29-3-10-pm/18242513,,seatgeek: https://seatgeek.com/atlanta-gladiators-tickets/minor-league-hockey/2026-11-29-3-10-pm/18242513,1,Atlanta,33.9896,-84.0942
Men Without Hats,2026-11-29,8:00 PM,"Buckhead Theatre, Atlanta",,Concert / Live Music,https://seatgeek.com/men-without-hats-tickets/atlanta-georgia-buckhead-theatre-2026-11-29-8-pm/concert/18405620,,seatgeek: https://seatgeek.com/men-without-hats-tickets/atlanta-georgia-buckhead-theatre-2026-11-29-8-pm/concert/18405620,1,Atlanta,33.8403,-84.3797
Northeast Atlanta Ballet - The Nutcracker,2026-11-29,2:00 PM,"Gas South Theater, Duluth",,Arts & Theatre,https://seatgeek.com/northeast-atlanta-ballet-tickets/dance/2026-11-29-2-pm/18312227,,seatgeek: https://seatgeek.com/northeast-atlanta-ballet-tickets/dance/2026-11-29-2-pm/18312227 | seatgeek: https://seatgeek.com/northeast-atlanta-ballet-tickets/dance/2026-11-29-6-pm/18312228,2,Atlanta,33.9913,-84.0941
Roswell Dance Theatre - The Nutcracker,2026-11-29,1:00 PM,"Byers Theatre - Sandy Springs Performing Arts, Sandy Springs",,Arts & Theatre,https://seatgeek.com/roswell-dance-theatre-tickets/dance/2026-11-29-1-pm/18613671,,seatgeek: https://seatgeek.com/roswell-dance-theatre-tickets/dance/2026-11-29-1-pm/18613671 | seatgeek: https://seatgeek.com/roswell-dance-theatre-tickets/dance/2026-11-29-5-pm/18613675,2,Atlanta,33.9245,-84.3807
"Disney Descendants, ZOMBIES & Camp Rock: Worlds Collide Concert Tour",2026-11-30,7:00 PM,"State Farm Arena, Atlanta",,Fair / Popup,https://seatgeek.com/disney-descendants-zombies-tickets/family/2026-11-30-7-pm/18130531,,seatgeek: https://seatgeek.com/disney-descendants-zombies-tickets/family/2026-11-30-7-pm/18130531,1,Atlanta,33.7566,-84.3969
Florida A&M Rattlers at Kennesaw State Owls Mens Basketball,2026-11-30,7:00 PM,"VyStar Arena at the KSU Convocation Center, Kennesaw",,Sports & Fitness,https://seatgeek.com/kennesaw-state-owls-mens-basketball-tickets/ncaa-basketball/2026-11-30-7-pm/18590449,,seatgeek: https://seatgeek.com/kennesaw-state-owls-mens-basketball-tickets/ncaa-basketball/2026-11-30-7-pm/18590449,1,Atlanta,34.0321,-84.5811
Maine Celtics at College Park Skyhawks,2026-11-30,7:00 PM,"Gateway Center Arena at College Park, College Park",,Sports & Fitness,https://seatgeek.com/college-park-skyhawks-tickets/nba-g-league/2026-11-30-7-pm/18541397,,seatgeek: https://seatgeek.com/college-park-skyhawks-tickets/nba-g-league/2026-11-30-7-pm/18541397,1,Atlanta,33.6473,-84.4596
Ezcodylee,2026-12-01,8:00 PM,"Vinyl at Center Stage, Atlanta",,Concert / Live Music,https://seatgeek.com/ezcodylee-tickets/atlanta-georgia-vinyl-at-center-stage-2026-12-01-8-pm/concert/18617675,,seatgeek: https://seatgeek.com/ezcodylee-tickets/atlanta-georgia-vinyl-at-center-stage-2026-12-01-8-pm/concert/18617675,1,Atlanta,33.7922,-84.3883
Montell Fish,2026-12-01,7:00 PM,"The Masquerade - Heaven, Atlanta",,Concert / Live Music,https://seatgeek.com/montell-fish-tickets/atlanta-georgia-the-masquerade-heaven-2026-12-01-7-pm/concert/18523201,,seatgeek: https://seatgeek.com/montell-fish-tickets/atlanta-georgia-the-masquerade-heaven-2026-12-01-7-pm/concert/18523201,1,Atlanta,33.7518,-84.3897
Nick Cannon Presents Wild N Out Live!,2026-12-01,8:00 PM,"State Farm Arena, Atlanta",,Concert / Live Music,https://seatgeek.com/nick-cannon-tickets/atlanta-georgia-state-farm-arena-1-2026-12-01-8-pm/concert/18603357,,seatgeek: https://seatgeek.com/nick-cannon-tickets/atlanta-georgia-state-farm-arena-1-2026-12-01-8-pm/concert/18603357,1,Atlanta,33.7566,-84.3969
Pretty Sick,2026-12-01,7:00 PM,"The Masquerade - Hell, Atlanta",,Concert / Live Music,https://seatgeek.com/pretty-sick-tickets/atlanta-georgia-the-masquerade-hell-2026-12-01-7-pm/concert/18492245,,seatgeek: https://seatgeek.com/pretty-sick-tickets/atlanta-georgia-the-masquerade-hell-2026-12-01-7-pm/concert/18492245,1,Atlanta,33.7522,-84.3901
Cirque du Soleil: Twas The Night Before - Atlanta,2026-12-02,7:30 PM,"Fox Theatre Atlanta, Atlanta",,Sports & Fitness,https://seatgeek.com/cirque-du-soleil-twas-the-night-before-tickets/cirque-du-soleil/2026-12-02-7-30-pm/18039875,,seatgeek: https://seatgeek.com/cirque-du-soleil-twas-the-night-before-tickets/cirque-du-soleil/2026-12-02-7-30-pm/18039875,1,Atlanta,33.7726,-84.3855
Des Bishop (18+),2026-12-02,7:30 PM,"Helium Comedy Club - Atlanta, Alpharetta",,Comedy,https://seatgeek.com/des-bishop-tickets/comedy/2026-12-02-7-30-pm/18355494,,seatgeek: https://seatgeek.com/des-bishop-tickets/comedy/2026-12-02-7-30-pm/18355494,1,Atlanta,34.0754,-84.2941
Maine Celtics at College Park Skyhawks,2026-12-02,11:00 AM,"Gateway Center Arena at College Park, College Park",,Sports & Fitness,https://seatgeek.com/college-park-skyhawks-tickets/nba-g-league/2026-12-02-11-am/18541399,,seatgeek: https://seatgeek.com/college-park-skyhawks-tickets/nba-g-league/2026-12-02-11-am/18541399,1,Atlanta,33.6473,-84.4596
South Carolina Stingrays at Atlanta Gladiators,2026-12-02,10:30 AM,"Gas South Arena, Duluth",,Sports & Fitness,https://seatgeek.com/atlanta-gladiators-tickets/minor-league-hockey/2026-12-02-10-30-am/18242514,,seatgeek: https://seatgeek.com/atlanta-gladiators-tickets/minor-league-hockey/2026-12-02-10-30-am/18242514,1,Atlanta,33.9896,-84.0942
Yuki Chiba,2026-12-02,8:00 PM,"Terminal West, Atlanta",,Concert / Live Music,https://seatgeek.com/yuki-chiba-tickets/atlanta-georgia-terminal-west-2026-12-02-8-pm/concert/18404372,,seatgeek: https://seatgeek.com/yuki-chiba-tickets/atlanta-georgia-terminal-west-2026-12-02-8-pm/concert/18404372,1,Atlanta,33.782307,-84.4164
Are You Garbage? - Alpharetta,2026-12-03,7:00 PM,"Helium Comedy Club - Atlanta, Alpharetta",,Sports & Fitness,https://seatgeek.com/are-you-garbage-tickets/entertainment/2026-12-03-7-pm/18563938,,seatgeek: https://seatgeek.com/are-you-garbage-tickets/entertainment/2026-12-03-7-pm/18563938,1,Atlanta,34.0754,-84.2941
Atlanta Symphony Orchestra: French Opera Night,2026-12-03,8:00 PM,"Atlanta Symphony Hall at Woodruff Arts Center, Atlanta",,Arts & Theatre,https://seatgeek.com/atlanta-symphony-orchestra-tickets/classical/2026-12-03-8-pm/18171988,,seatgeek: https://seatgeek.com/atlanta-symphony-orchestra-tickets/classical/2026-12-03-8-pm/18171988,1,Atlanta,33.7893,-84.3847
Cirque du Soleil: Twas The Night Before - Atlanta,2026-12-03,7:30 PM,"Fox Theatre Atlanta, Atlanta",,Sports & Fitness,https://seatgeek.com/cirque-du-soleil-twas-the-night-before-tickets/cirque-du-soleil/2026-12-03-7-30-pm/18039874,,seatgeek: https://seatgeek.com/cirque-du-soleil-twas-the-night-before-tickets/cirque-du-soleil/2026-12-03-7-30-pm/18039874,1,Atlanta,33.7726,-84.3855
Indiana Pacers at Atlanta Hawks,2026-12-03,7:00 PM,"State Farm Arena, Atlanta",,Sports & Fitness,https://seatgeek.com/atlanta-hawks-tickets/12-3-2026-atlanta-georgia-state-farm-arena-1/nba/18495524,,seatgeek: https://seatgeek.com/atlanta-hawks-tickets/12-3-2026-atlanta-georgia-state-farm-arena-1/nba/18495524,1,Atlanta,33.7566,-84.3969
Jourdain Fisher,2026-12-03,8:00 PM,"Helium Comedy Club - Atlanta, Alpharetta",,Comedy,https://seatgeek.com/jourdain-fisher-tickets/comedy/2026-12-03-8-pm/18453205,,seatgeek: https://seatgeek.com/jourdain-fisher-tickets/comedy/2026-12-03-8-pm/18453205,1,Atlanta,34.0754,-84.2941
Ovrkast,2026-12-03,7:00 PM,"The Masquerade - Altar, Atlanta",,Concert / Live Music,https://seatgeek.com/ovrkast-tickets/atlanta-georgia-the-masquerade-altar-2026-12-03-7-pm/concert/18623077,,seatgeek: https://seatgeek.com/ovrkast-tickets/atlanta-georgia-the-masquerade-altar-2026-12-03-7-pm/concert/18623077,1,Atlanta,33.752,-84.3895
Shakey Graves,2026-12-03,8:00 PM,"Variety Playhouse, Atlanta",,Concert / Live Music,https://seatgeek.com/shakey-graves-tickets/atlanta-georgia-variety-playhouse-2026-12-03-8-pm/concert/18653014,,seatgeek: https://seatgeek.com/shakey-graves-tickets/atlanta-georgia-variety-playhouse-2026-12-03-8-pm/concert/18653014,1,Atlanta,33.7637,-84.3511
The Moth - Atlanta (Rescheduled from 12/6/2026),2026-12-03,7:30 PM,"Center Stage Theater - Atlanta, Atlanta",,Arts & Theatre,https://seatgeek.com/the-moth-tickets/theater/2026-12-03-7-30-pm/18351461,,seatgeek: https://seatgeek.com/the-moth-tickets/theater/2026-12-03-7-30-pm/18351461,1,Atlanta,33.7922,-84.388
A Christmas Carol - Atlanta,2026-12-04,7:00 PM,"Coca-Cola Stage at Alliance Theatre, Atlanta",,Arts & Theatre,https://seatgeek.com/a-christmas-carol-tickets/theater/2026-12-04-7-pm/18275053,,seatgeek: https://seatgeek.com/a-christmas-carol-tickets/theater/2026-12-04-7-pm/18275053,1,Atlanta,33.7901,-84.3855
Ahee with Eliminate,2026-12-04,8:00 PM,"The Eastern - Atlanta, Atlanta",,Concert / Live Music,https://seatgeek.com/ahee-tickets/atlanta-georgia-the-eastern-atlanta-2026-12-04-8-pm/concert/18589450,,seatgeek: https://seatgeek.com/ahee-tickets/atlanta-georgia-the-eastern-atlanta-2026-12-04-8-pm/concert/18589450,1,Atlanta,33.7454,-84.3606
Akeem Ali,2026-12-04,8:00 PM,"Center Stage Theater - Atlanta, Atlanta",,Concert / Live Music,https://seatgeek.com/akeem-ali-tickets/atlanta-georgia-center-stage-theater-atlanta-2026-12-04-8-pm/concert/18156360,,seatgeek: https://seatgeek.com/akeem-ali-tickets/atlanta-georgia-center-stage-theater-atlanta-2026-12-04-8-pm/concert/18156360,1,Atlanta,33.7922,-84.388
Are You Garbage? - Alpharetta,2026-12-04,7:00 PM,"Helium Comedy Club - Atlanta, Alpharetta",,Sports & Fitness,https://seatgeek.com/are-you-garbage-tickets/entertainment/2026-12-04-7-pm/18563942,,seatgeek: https://seatgeek.com/are-you-garbage-tickets/entertainment/2026-12-04-7-pm/18563942 | seatgeek: https://seatgeek.com/are-you-garbage-tickets/entertainment/2026-12-04-8-15-pm/18563940,2,Atlanta,34.0754,-84.2941
Cirque du Soleil: Twas The Night Before - Atlanta,2026-12-04,7:30 PM,"Fox Theatre Atlanta, Atlanta",,Sports & Fitness,https://seatgeek.com/cirque-du-soleil-twas-the-night-before-tickets/cirque-du-soleil/2026-12-04-7-30-pm/18039872,,seatgeek: https://seatgeek.com/cirque-du-soleil-twas-the-night-before-tickets/cirque-du-soleil/2026-12-04-7-30-pm/18039872,1,Atlanta,33.7726,-84.3855
Eddie and The Getaway,2026-12-04,8:00 PM,"Vinyl at Center Stage, Atlanta",,Concert / Live Music,https://seatgeek.com/eddie-and-the-getaway-tickets/atlanta-georgia-vinyl-at-center-stage-2026-12-04-8-pm/concert/18354543,,seatgeek: https://seatgeek.com/eddie-and-the-getaway-tickets/atlanta-georgia-vinyl-at-center-stage-2026-12-04-8-pm/concert/18354543,1,Atlanta,33.7922,-84.3883
Jourdain Fisher,2026-12-04,7:30 PM,"Helium Comedy Club - Atlanta, Alpharetta",,Comedy,https://seatgeek.com/jourdain-fisher-tickets/comedy/2026-12-04-7-30-pm/18453206,,seatgeek: https://seatgeek.com/jourdain-fisher-tickets/comedy/2026-12-04-7-30-pm/18453206 | seatgeek: https://seatgeek.com/jourdain-fisher-tickets/comedy/2026-12-04-9-45-pm/18453210,2,Atlanta,34.0754,-84.2941
Maria Bamford,2026-12-04,7:30 PM,"Buckhead Theatre, Atlanta",,Comedy,https://seatgeek.com/maria-bamford-tickets/comedy/2026-12-04-7-30-pm/18066143,,seatgeek: https://seatgeek.com/maria-bamford-tickets/comedy/2026-12-04-7-30-pm/18066143,1,Atlanta,33.8403,-84.3797
Matteo Lane,2026-12-04,7:00 PM,"Atlanta Symphony Hall at Woodruff Arts Center, Atlanta",,Comedy,https://seatgeek.com/matteo-lane-tickets/comedy/2026-12-04-7-pm/18209478,,seatgeek: https://seatgeek.com/matteo-lane-tickets/comedy/2026-12-04-7-pm/18209478,1,Atlanta,33.7893,-84.3847
Roswell Dance Theatre - The Nutcracker,2026-12-04,7:00 PM,"Byers Theatre - Sandy Springs Performing Arts, Sandy Springs",,Arts & Theatre,https://seatgeek.com/roswell-dance-theatre-tickets/dance/2026-12-04-7-pm/18613678,,seatgeek: https://seatgeek.com/roswell-dance-theatre-tickets/dance/2026-12-04-7-pm/18613678,1,Atlanta,33.9245,-84.3807
Rumours ATL - A Fleetwood Mac Tribute,2026-12-04,8:00 PM,"Variety Playhouse, Atlanta",,Concert / Live Music,https://seatgeek.com/rumours-atl-a-fleetwood-mac-tribute-tickets/atlanta-georgia-variety-playhouse-2026-12-04-8-pm/concert/18609253,,seatgeek: https://seatgeek.com/rumours-atl-a-fleetwood-mac-tribute-tickets/atlanta-georgia-variety-playhouse-2026-12-04-8-pm/concert/18609253,1,Atlanta,33.7637,-84.3511
Silvestre Dangond,2026-12-04,9:00 PM,"Atlanta Coliseum, Duluth",,Concert / Live Music,https://seatgeek.com/silvestre-dangond-tickets/duluth-georgia-atlanta-coliseum-2026-12-04-9-pm/concert/18555226,,seatgeek: https://seatgeek.com/silvestre-dangond-tickets/duluth-georgia-atlanta-coliseum-2026-12-04-9-pm/concert/18555226,1,Atlanta,33.9581,-84.1295
State Champs with Cartel,2026-12-04,7:00 PM,"Tabernacle Presented by iTHINK Financial, Atlanta",,Concert / Live Music,https://seatgeek.com/state-champs-tickets/atlanta-georgia-the-tabernacle-atlanta-2026-12-04-7-pm/concert/18311488,,seatgeek: https://seatgeek.com/state-champs-tickets/atlanta-georgia-the-tabernacle-atlanta-2026-12-04-7-pm/concert/18311488,1,Atlanta,33.7589,-84.3914
TBD at Atlanta Hawks,2026-12-04,,"State Farm Arena, Atlanta",,Sports & Fitness,https://seatgeek.com/atlanta-hawks-tickets/12-4-2026-atlanta-georgia-state-farm-arena-1/nba/18499440,,seatgeek: https://seatgeek.com/atlanta-hawks-tickets/12-4-2026-atlanta-georgia-state-farm-arena-1/nba/18499440,1,Atlanta,33.7566,-84.3969
The Atlanta Cup 2026,2026-12-04,7:00 PM,"Gas South Arena, Duluth",,Sports & Fitness,https://seatgeek.com/the-atlanta-cup-tickets/tennis/2026-12-04-7-pm/18590132,,seatgeek: https://seatgeek.com/the-atlanta-cup-tickets/tennis/2026-12-04-7-pm/18590132,1,Atlanta,33.9896,-84.0942
A Christmas Carol - Atlanta,2026-12-05,2:00 PM,"Coca-Cola Stage at Alliance Theatre, Atlanta",,Arts & Theatre,https://seatgeek.com/a-christmas-carol-tickets/theater/2026-12-05-2-pm/18275054,,seatgeek: https://seatgeek.com/a-christmas-carol-tickets/theater/2026-12-05-2-pm/18275054 | seatgeek: https://seatgeek.com/a-christmas-carol-tickets/theater/2026-12-05-7-pm/18275055,2,Atlanta,33.7901,-84.3855
Are You Garbage? - Alpharetta,2026-12-05,7:00 PM,"Helium Comedy Club - Atlanta, Alpharetta",,Sports & Fitness,https://seatgeek.com/are-you-garbage-tickets/entertainment/2026-12-05-7-pm/18563947,,seatgeek: https://seatgeek.com/are-you-garbage-tickets/entertainment/2026-12-05-7-pm/18563947,1,Atlanta,34.0754,-84.2941
Atlanta Ballet - The Nutcracker,2026-12-05,2:00 PM,"Cobb Energy Performing Arts Centre, Atlanta",,Arts & Theatre,https://seatgeek.com/atlanta-ballet-tickets/dance/2026-12-05-2-pm/18171828,,seatgeek: https://seatgeek.com/atlanta-ballet-tickets/dance/2026-12-05-2-pm/18171828 | seatgeek: https://seatgeek.com/atlanta-ballet-tickets/dance/2026-12-05-7-30-pm/18171829,2,Atlanta,33.9122,-84.5571
Atlanta Symphony Orchestra,2026-12-05,8:00 PM,"Atlanta Symphony Hall at Woodruff Arts Center, Atlanta",,Arts & Theatre,https://seatgeek.com/atlanta-symphony-orchestra-tickets/classical/2026-12-05-8-pm/18171989,,seatgeek: https://seatgeek.com/atlanta-symphony-orchestra-tickets/classical/2026-12-05-8-pm/18171989,1,Atlanta,33.7893,-84.3847
Cirque du Soleil: Twas The Night Before - Atlanta,2026-12-05,12:00 PM,"Fox Theatre Atlanta, Atlanta",,Sports & Fitness,https://seatgeek.com/cirque-du-soleil-twas-the-night-before-tickets/cirque-du-soleil/2026-12-05-12-pm/18039870,,seatgeek: https://seatgeek.com/cirque-du-soleil-twas-the-night-before-tickets/cirque-du-soleil/2026-12-05-12-pm/18039870 | seatgeek: https://seatgeek.com/cirque-du-soleil-twas-the-night-before-tickets/cirque-du-soleil/2026-12-05-4-pm/18039871 | seatgeek: https://seatgeek.com/cirque-du-soleil-twas-the-night-before-tickets/cirque-du-soleil/2026-12-05-7-30-pm/18039873,3,Atlanta,33.7726,-84.3855
Gwinnett Ballet Theatre - The Nutcracker - Duluth,2026-12-05,3:00 PM,"Gas South Theater, Duluth",,Arts & Theatre,https://seatgeek.com/gwinnett-ballet-theatre-tickets/dance/2026-12-05-3-pm/18411773,,seatgeek: https://seatgeek.com/gwinnett-ballet-theatre-tickets/dance/2026-12-05-3-pm/18411773 | seatgeek: https://seatgeek.com/gwinnett-ballet-theatre-tickets/dance/2026-12-05-7-pm/18411767,2,Atlanta,33.9913,-84.0941
Jourdain Fisher,2026-12-05,7:30 PM,"Helium Comedy Club - Atlanta, Alpharetta",,Comedy,https://seatgeek.com/jourdain-fisher-tickets/comedy/2026-12-05-7-30-pm/18453212,,seatgeek: https://seatgeek.com/jourdain-fisher-tickets/comedy/2026-12-05-7-30-pm/18453212,1,Atlanta,34.0754,-84.2941
"Knock, Knock - Atlanta",2026-12-05,10:00 AM,"Selig Family Black Box Theatre at Alliance Theatre, Atlanta",,Arts & Theatre,https://seatgeek.com/knock-knock-tickets/theater/2026-12-05-10-am/18275401,,seatgeek: https://seatgeek.com/knock-knock-tickets/theater/2026-12-05-10-am/18275401,1,Atlanta,33.789246,-84.38541
Martin Lawrence with Nate Jackson,2026-12-05,8:00 PM,"Gas South Arena, Duluth",,Comedy,https://seatgeek.com/martin-lawrence-tickets/comedy/2026-12-05-8-pm/18408643,,seatgeek: https://seatgeek.com/martin-lawrence-tickets/comedy/2026-12-05-8-pm/18408643,1,Atlanta,33.9896,-84.0942
Roswell Dance Theatre - The Nutcracker,2026-12-05,2:00 PM,"Byers Theatre - Sandy Springs Performing Arts, Sandy Springs",,Arts & Theatre,https://seatgeek.com/roswell-dance-theatre-tickets/dance/2026-12-05-2-pm/18613680,,seatgeek: https://seatgeek.com/roswell-dance-theatre-tickets/dance/2026-12-05-2-pm/18613680 | seatgeek: https://seatgeek.com/roswell-dance-theatre-tickets/dance/2026-12-05-7-pm/18613681,2,Atlanta,33.9245,-84.3807
SEC Football Championship,2026-12-05,4:00 PM,"Mercedes-Benz Stadium, Atlanta",,Sports & Fitness,https://seatgeek.com/sec-football-championship-tickets/ncaa-football/2026-12-05-4-pm/17956655,,seatgeek: https://seatgeek.com/sec-football-championship-tickets/ncaa-football/2026-12-05-4-pm/17956655,1,Atlanta,33.7553,-84.4006
Senses Fail with Koyo and Initiate,2026-12-05,7:00 PM,"Buckhead Theatre, Atlanta",,Concert / Live Music,https://seatgeek.com/senses-fail-tickets/atlanta-georgia-buckhead-theatre-2026-12-05-7-pm/concert/18327087,,seatgeek: https://seatgeek.com/senses-fail-tickets/atlanta-georgia-buckhead-theatre-2026-12-05-7-pm/concert/18327087,1,Atlanta,33.8403,-84.3797
Standoperos,2026-12-05,4:00 PM,"Helium Comedy Club - Atlanta, Alpharetta",,Comedy,https://seatgeek.com/standoperos-tickets/comedy/2026-12-05-4-pm/18567490,,seatgeek: https://seatgeek.com/standoperos-tickets/comedy/2026-12-05-4-pm/18567490,1,Atlanta,34.0754,-84.2941
